Delta,case,A,time,linear_drho2_over_epsilon,nonlinear_drho2_over_epsilon
0.001,node,0.18054031086479327,0.0,1.0,0.9999999999998899
0.001,node,0.18054031086479327,0.2,1.000920051593206,1.000919130489386
0.001,node,0.18054031086479327,0.4,1.001815260898319,1.0018136042611037
0.001,node,0.18054031086479327,0.6000000000000001,1.0026858111681607,1.0026836031284958
0.001,node,0.18054031086479327,0.8,1.0035318856811986,1.0035293089305508
0.001,node,0.18054031086479327,1.0,1.004353667693744,1.004350903491824
0.001,node,0.18054031086479327,1.2000000000000002,1.0051513403940393,1.0051485685702577
0.001,node,0.18054031086479327,1.4000000000000001,1.0059250868581695,1.005922485816102
0.001,node,0.18054031086479327,1.6,1.006675090007737,1.006672836728617
0.001,node,0.18054031086479327,1.8,1.0074015325692436,1.0073998026138842
0.001,node,0.18054031086479327,2.0,1.0081045970351188,1.008103564551499
0.001,node,0.18054031086479327,2.2,1.0087844656263398,1.008784303349053
0.001,node,0.18054031086479327,2.4000000000000004,1.009441320256593,1.009442199512156
0.001,node,0.18054031086479327,2.6,1.010075342497918,1.010077433207801
0.001,node,0.18054031086479327,2.8000000000000003,1.0106867135477933,1.010690184233276
0.001,node,0.18054031086479327,3.0,1.0112756141976058,1.011280631981748
0.001,node,0.18054031086479327,3.2,1.0118422248024643,1.0118489554122867
0.001,node,0.18054031086479327,3.4000000000000004,1.0123867252523076,1.0123953330254398
0.001,node,0.18054031086479327,3.6,1.0129092949442644,1.0129199428310365
0.001,node,0.18054031086479327,3.8000000000000003,1.0134101127562223,1.0134229623215418
0.001,node,0.18054031086479327,4.0,1.013889357021566,1.0139045684498527
0.001,node,0.18054031086479327,4.2,1.0143472055050409,1.0143649376037622
0.001,node,0.18054031086479327,4.4,1.0147838353797103,1.0148042455815354
0.001,node,0.18054031086479327,4.6000000000000005,1.0151994232049613,1.0152226675719245
0.001,node,0.18054031086479327,4.800000000000001,1.0155941449055292,1.015620378131965
0.001,node,0.18054031086479327,5.0,1.0159681757515027,1.015997551169212
0.001,node,0.18054031086479327,5.2,1.0163216903392758,1.0163543599184255
0.001,node,0.18054031086479327,5.4,1.0166548625734169,1.016690976927137
0.001,node,0.18054031086479327,5.6000000000000005,1.0169678656494192,1.0170075740389972
0.001,node,0.18054031086479327,5.800000000000001,1.0172608720373042,1.0173043223726808
0.001,node,0.18054031086479327,6.0,1.0175340534660495,1.0175813923096744
0.001,node,0.18054031086479327,6.2,1.0177875809088104,1.0178389534820642
0.001,node,0.18054031086479327,6.4,1.0180216245689087,1.0180771747525519
0.001,node,0.18054031086479327,6.6000000000000005,1.0182363538665604,1.0182962242044624
0.001,node,0.18054031086479327,6.800000000000001,1.018431937426321,1.018496269130642
0.001,node,0.18054031086479327,7.0,1.0186085430652159,1.0186774760190254
0.001,node,0.18054031086479327,7.2,1.018766337781538,1.0188400105426432
0.001,node,0.18054031086479327,7.4,1.0189054877442874,1.0189840375485204
0.001,node,0.18054031086479327,7.6000000000000005,1.0190261582832287,1.0191097210487943
0.001,node,0.18054031086479327,7.800000000000001,1.0191285138795447,1.019217224209612
0.001,node,0.18054031086479327,8.0,1.0192127181570685,1.0193067093433594
0.001,node,0.18054031086479327,8.200000000000001,1.019278933874067,1.0193783379031096
0.001,node,0.18054031086479327,8.4,1.0193273229155637,1.0194322704693004
0.001,node,0.18054031086479327,8.6,1.0193580462861742,1.019468666747514
0.001,node,0.18054031086479327,8.8,1.0193712641034416,1.0194876855584845
0.001,node,0.18054031086479327,9.0,1.0193671355916507,1.0194894848358782
0.001,node,0.18054031086479327,9.200000000000001,1.0193458190761042,1.0194742216174113
0.001,node,0.18054031086479327,9.4,1.0193074719778454,1.0194420520381886
0.001,node,0.18054031086479327,9.600000000000001,1.0192522508088087,1.0193931313307036
0.001,node,0.18054031086479327,9.8,1.0191803111673843,1.019327613817067
0.001,node,0.18054031086479327,10.0,1.0190918077343827,1.019245652905676
0.001,node,0.18054031086479327,10.200000000000001,1.0189868942693794,1.0191474010878832
0.001,node,0.18054031086479327,10.4,1.0188657236074334,1.0190330099335565
0.001,node,0.18054031086479327,10.600000000000001,1.0187284476561576,1.0189026300921888
0.001,node,0.18054031086479327,10.8,1.0185752173931335,1.0187564112840164
0.001,node,0.18054031086479327,11.0,1.018406182863656,1.018594502301129
0.001,node,0.18054031086479327,11.200000000000001,1.018221493178794,1.0184170510074697
0.001,node,0.18054031086479327,11.4,1.0180212965137574,1.018224204335505
0.001,node,0.18054031086479327,11.600000000000001,1.0178057401065566,1.0180161082828931
0.001,node,0.18054031086479327,11.8,1.017574970256945,1.0177929079147052
0.001,node,0.18054031086479327,12.0,1.017329132325634,1.0175547473600943
0.001,node,0.18054031086479327,12.200000000000001,1.0170683707337664,1.017301769814516
0.001,node,0.18054031086479327,12.4,1.0167928289626442,1.017034117535287
0.001,node,0.18054031086479327,12.600000000000001,1.016502649553694,1.0167519318482476
0.001,node,0.18054031086479327,12.8,1.0161979741086666,1.016455353139989
0.001,node,0.18054031086479327,13.0,1.0158789432900586,1.0161445208645148
0.001,node,0.18054031086479327,13.200000000000001,1.0155456968217464,1.0158195735399111
0.001,node,0.18054031086479327,13.4,1.0151983734898267,1.015480648753897
0.001,node,0.18054031086479327,13.600000000000001,1.0148371111436532,1.0151278831582733
0.001,node,0.18054031086479327,13.8,1.0144620466970626,1.014761412478915
0.001,node,0.18054031086479327,14.0,1.014073316129781,1.0143813715057792
0.001,node,0.18054031086479327,14.200000000000001,1.0136710544890046,1.0139878941051172
0.001,node,0.18054031086479327,14.4,1.0132553958911465,1.0135811132161443
0.001,node,0.18054031086479327,14.600000000000001,1.0128264735237436,1.0131611608554802
0.001,node,0.18054031086479327,14.8,1.012384419647515,1.012728168113819
0.001,node,0.18054031086479327,15.0,1.0119293655985684,1.0122822651636998
0.001,node,0.18054031086479327,15.200000000000001,1.0114614417907453,1.0118235812628384
0.001,node,0.18054031086479327,15.4,1.0109807777181,1.0113522447496859
0.001,node,0.18054031086479327,15.600000000000001,1.0104875019575081,1.0108683830523102
0.001,node,0.18054031086479327,15.8,1.009981742171395,1.0103721226895068
0.001,node,0.18054031086479327,16.0,1.0094636251105844,1.0098635892741292
0.001,node,0.18054031086479327,16.2,1.0089332766172552,1.0093429075108684
0.001,node,0.18054031086479327,16.400000000000002,1.0083908216280073,1.0088102012106859
0.001,node,0.18054031086479327,16.6,1.0078363841770288,1.0082655932797113
0.001,node,0.18054031086479327,16.8,1.007270087399358,1.0077092057347858
0.001,node,0.18054031086479327,17.0,1.0066920535342416,1.0071411597012414
0.001,node,0.18054031086479327,17.2,1.0061024039285753,1.0065615754162316
0.001,node,0.18054031086479327,17.400000000000002,1.0055012590404337,1.0059705722320622
0.001,node,0.18054031086479327,17.6,1.0048887384426755,1.0053682686217424
0.001,node,0.18054031086479327,17.8,1.0042649608266259,1.0047547821834257
0.001,node,0.18054031086479327,18.0,1.0036300440058303,1.0041302296404098
0.001,node,0.18054031086479327,18.2,1.002984104919876,1.0034947268477978
0.001,node,0.18054031086479327,18.400000000000002,1.002327259638277,1.0028483887969397
0.001,node,0.18054031086479327,18.6,1.0016596233644226,1.0021913296154317
0.001,node,0.18054031086479327,18.8,1.0009813104395788,1.001523662574888
0.001,node,0.18054031086479327,19.0,1.000292434346949,1.0008455000964922
0.001,node,0.18054031086479327,19.200000000000003,0.9995931077157819,1.0001569537498867
0.001,node,0.18054031086479327,19.400000000000002,0.9988834423255301,0.9994581342620545
0.001,node,0.18054031086479327,19.6,0.9981635491100522,0.9987491515184299
0.001,node,0.18054031086479327,19.8,0.9974335381618584,0.9980301145673387
0.001,node,0.18054031086479327,20.0,0.9966935187363954,0.99730113162666
0.001,node,0.18054031086479327,20.200000000000003,0.9959435992563688,0.9965623100871568
0.001,node,0.18054031086479327,20.400000000000002,0.9951838873160999,0.9958137565158065
0.001,node,0.18054031086479327,20.6,0.9944144896859145,0.9950555766624625
0.001,node,0.18054031086479327,20.8,0.9936355123165627,0.9942878754598539
0.001,node,0.18054031086479327,21.0,0.992847060343665,0.9935107570313573
0.001,node,0.18054031086479327,21.200000000000003,0.9920492380921841,0.992724324697658
0.001,node,0.18054031086479327,21.400000000000002,0.9912421490809221,0.9919286809767502
0.001,node,0.18054031086479327,21.6,0.9904258960270361,0.9911239275894879
0.001,node,0.18054031086479327,21.8,0.9896005808505758,0.9903101654673563
0.001,node,0.18054031086479327,22.0,0.988766304679037,0.9894874947535826
0.001,node,0.18054031086479327,22.200000000000003,0.9879231678519326,0.9886560148075763
0.001,node,0.18054031086479327,22.400000000000002,0.9870712699253762,0.9878158242115909
0.001,node,0.18054031086479327,22.6,0.9862107096766792,0.9869670207762749
0.001,node,0.18054031086479327,22.8,0.9853415851089581,0.9861097015406717
0.001,node,0.18054031086479327,23.0,0.9844639934557514,0.9852439627822118
0.001,node,0.18054031086479327,23.200000000000003,0.9835780311856458,0.9843699000167128
0.001,node,0.18054031086479327,23.400000000000002,0.982683794006904,0.9834876080050403
0.001,node,0.18054031086479327,23.6,0.9817813768721053,0.9825971807608802
0.001,node,0.18054031086479327,23.8,0.9808708739827819,0.9816987115485176
0.001,node,0.18054031086479327,24.0,0.9799523787940645,0.9807922928939394
0.001,node,0.18054031086479327,24.200000000000003,0.9790259840193233,0.9798780165859444
0.001,node,0.18054031086479327,24.400000000000002,0.9780917816348133,0.9789559736816944
0.001,node,0.18054031086479327,24.6,0.9771498628843177,0.9780262545111551
0.001,node,0.18054031086479327,24.8,0.9762003182837865,0.9770889486815371
0.001,node,0.18054031086479327,25.0,0.9752432376259766,0.9761441450850672
0.001,node,0.18054031086479327,25.200000000000003,0.9742787099850835,0.9751919318967683
0.001,node,0.18054031086479327,25.400000000000002,0.9733068237213693,0.9742323965855615
0.001,node,0.18054031086479327,25.6,0.9723276664857873,0.9732656259175965
0.001,node,0.18054031086479327,25.8,0.9713413252245943,0.9722917059573621
0.001,node,0.18054031086479327,26.0,0.9703478861839608,0.9713107220765682
0.001,node,0.18054031086479327,26.200000000000003,0.9693474349145687,0.9703227589552554
0.001,node,0.18054031086479327,26.400000000000002,0.9683400562762018,0.9693279005917876
0.001,node,0.18054031086479327,26.6,0.9673258344423249,0.9683262302984108
0.001,node,0.18054031086479327,26.8,0.9663048529046541,0.9673178307145758
0.001,node,0.18054031086479327,27.0,0.9652771944777119,0.9663027838091587
0.001,node,0.18054031086479327,27.200000000000003,0.9642429413033764,0.9652811708793507
0.001,node,0.18054031086479327,27.400000000000002,0.9632021748554098,0.9642530725639809
0.001,node,0.18054031086479327,27.6,0.9621549759439803,0.9632185688412953
0.001,node,0.18054031086479327,27.8,0.9611014247201677,0.9621777390400599
0.001,node,0.18054031086479327,28.0,0.9600416006804532,0.9611306618328985
0.001,node,0.18054031086479327,28.200000000000003,0.9589755826711978,0.960077415254057
0.001,node,0.18054031086479327,28.400000000000002,0.9579034488930994,0.9590180766938516
0.001,node,0.18054031086479327,28.6,0.9568252769056415,0.957952722910882
0.001,node,0.18054031086479327,28.8,0.9557411436315196,0.9568814300275896
0.001,node,0.18054031086479327,29.0,0.9546511253610535,0.955804273542471
0.001,node,0.18054031086479327,29.200000000000003,0.9535552977565811,0.9547213283322975
0.001,node,0.18054031086479327,29.400000000000002,0.952453735856836,0.9536326686521157
0.001,node,0.18054031086479327,29.6,0.9513465140813081,0.9525383681474597
0.001,node,0.18054031086479327,29.8,0.9502337062345801,0.9514384998510206
0.001,node,0.18054031086479327,30.0,0.9491153855106553,0.9503331361926382
0.001,node,0.18054031086479327,30.200000000000003,0.9479916244972547,0.9492223490004115
0.001,node,0.18054031086479327,30.400000000000002,0.9468624951801073,0.9481062095062498
0.001,node,0.18054031086479327,30.6,0.9457280689472092,0.9469847883480931
0.001,node,0.18054031086479327,30.8,0.9445884165930719,0.9458581555787937
0.001,node,0.18054031086479327,31.0,0.9434436083229459,0.9447263806661166
0.001,node,0.18054031086479327,31.200000000000003,0.9422937137570238,0.9435895324971799
0.001,node,0.18054031086479327,31.400000000000002,0.9411388019346267,0.9424476793840064
0.001,node,0.18054031086479327,31.6,0.939978941318367,0.9413008890690744
0.001,node,0.18054031086479327,31.8,0.9388141997982901,0.9401492287253177
0.001,node,0.18054031086479327,32.0,0.9376446446959957,0.9389927649650076
0.001,node,0.18054031086479327,32.2,0.9364703427687392,0.9378315638386425
0.001,node,0.18054031086479327,32.4,0.9352913602135103,0.9366656908438298
0.001,node,0.18054031086479327,32.6,0.9341077626710893,0.9354952109263959
0.001,node,0.18054031086479327,32.800000000000004,0.9329196152300846,0.9343201884870478
0.001,node,0.18054031086479327,33.0,0.9317269824309451,0.9331406873802628
0.001,node,0.18054031086479327,33.2,0.9305299282699542,0.9319567709253906
0.001,node,0.18054031086479327,33.4,0.9293285162031966,0.9307685019055434
0.001,node,0.18054031086479327,33.6,0.9281228091505096,0.9295759425720362
0.001,node,0.18054031086479327,33.800000000000004,0.9269128694994087,0.9283791546499387
0.001,node,0.18054031086479327,34.0,0.9256987591089878,0.9271781993414052
0.001,node,0.18054031086479327,34.2,0.9244805393138051,0.9259731373290059
0.001,node,0.18054031086479327,34.4,0.9232582709277382,0.9247640287790571
0.001,node,0.18054031086479327,34.6,0.9220320142478236,0.9235509333471725
0.001,node,0.18054031086479327,34.800000000000004,0.9208018290580681,0.9223339101827044
0.001,node,0.18054031086479327,35.0,0.9195677746332419,0.9211130179276328
0.001,node,0.18054031086479327,35.2,0.9183299097426472,0.9198883147254477
0.001,node,0.18054031086479327,35.4,0.9170882926538644,0.9186598582244798
0.001,node,0.18054031086479327,35.6,0.9158429811364748,0.9174277055790103
0.001,node,0.18054031086479327,35.800000000000004,0.9145940324657645,0.916191913452602
0.001,node,0.18054031086479327,36.0,0.9133415034264009,0.9149525380258705
0.001,node,0.18054031086479327,36.2,0.9120854503160881,0.9137096349964846
0.001,node,0.18054031086479327,36.4,0.910825928949202,0.9124632595836069
0.001,node,0.18054031086479327,36.6,0.9095629946603996,0.9112134665323346
0.001,node,0.18054031086479327,36.800000000000004,0.9082967023082087,0.9099603101170306
0.001,node,0.18054031086479327,37.0,0.9070271062785925,0.9087038441435435
0.001,node,0.18054031086479327,37.2,0.9057542604884916,0.9074441219547591
0.001,node,0.18054031086479327,37.4,0.9044782183893466,0.9061811964328204
0.001,node,0.18054031086479327,37.6,0.9031990329705955,0.9049151200024586
0.001,node,0.18054031086479327,37.800000000000004,0.9019167567631486,0.9036459446354339
0.001,node,0.18054031086479327,38.0,0.9006314418428425,0.9023737218538663
0.001,node,0.18054031086479327,38.2,0.8993431398338707,0.9010985027324558
0.001,node,0.18054031086479327,38.400000000000006,0.8980519019121921,0.8998203379018133
0.001,node,0.18054031086479327,38.6,0.8967577788089186,0.8985392775540113
0.001,node,0.18054031086479327,38.800000000000004,0.8954608208136762,0.8972553714436948
0.001,node,0.18054031086479327,39.0,0.894161077777951,0.8959686688947421
0.001,node,0.18054031086479327,39.2,0.8928585991184047,0.8946792187980446
0.001,node,0.18054031086479327,39.400000000000006,0.8915534338201776,0.8933870696181678
0.001,node,0.18054031086479327,39.6,0.8902456304401598,0.8920922693989031
0.001,node,0.18054031086479327,39.800000000000004,0.8889352371102479,0.8907948657610465
0.001,node,0.18054031086479327,40.0,0.8876223015405773,0.8894949059090607
0.001,node,0.18054031086479327,40.2,0.886306871022731,0.8881924366355154
0.001,node,0.18054031086479327,40.400000000000006,0.8849889924329304,0.8868875043188673
0.001,node,0.18054031086479327,40.6,0.8836687122352023,0.8855801549356723
0.001,node,0.18054031086479327,40.800000000000004,0.8823460764845233,0.884270434052814
0.001,node,0.18054031086479327,41.0,0.881021130829946,0.8829583868374957
0.001,node,0.18054031086479327,41.2,0.8796939205177008,0.8816440580605711
0.001,node,0.18054031086479327,41.400000000000006,0.878364490394279,0.8803274920965443
0.001,node,0.18054031086479327,41.6,0.8770328849094917,0.8790087329280105
0.001,node,0.18054031086479327,41.800000000000004,0.8756991481195119,0.8776878241489872
0.001,node,0.18054031086479327,42.0,0.8743633236898908,0.8763648089649134
0.001,node,0.18054031086479327,42.2,0.8730254548985563,0.8750397302037527
0.001,node,0.18054031086479327,42.400000000000006,0.8716855846387915,0.873712630308221
0.001,node,0.18054031086479327,42.6,0.8703437554221893,0.8723835513457789
0.001,node,0.18054031086479327,42.800000000000004,0.8690000093815883,0.8710525350119624
0.001,node,0.18054031086479327,43.0,0.8676543882739891,0.869719622627052
0.001,node,0.18054031086479327,43.2,0.8663069334834481,0.8683848551449547
0.001,node,0.18054031086479327,43.400000000000006,0.8649576860239524,0.8670482731543139
0.001,node,0.18054031086479327,43.6,0.8636066865422743,0.8657099168796201
0.001,node,0.18054031086479327,43.800000000000004,0.8622539753208055,0.8643698261867616
0.001,node,0.18054031086479327,44.0,0.8608995922803718,0.8630280405852453
0.001,node,0.18054031086479327,44.2,0.8595435769830261,0.8616845992281963
0.001,node,0.18054031086479327,44.400000000000006,0.8581859686348251,0.8603395409167991
0.001,node,0.18054031086479327,44.6,0.8568268060885824,0.858992904108069
0.001,node,0.18054031086479327,44.800000000000004,0.855466127846605,0.8576447269059706
0.001,node,0.18054031086479327,45.0,0.8541039720634088,0.8562950470769604
0.001,node,0.18054031086479327,45.2,0.8527403765484145,0.854943902044436
0.001,node,0.18054031086479327,45.400000000000006,0.8513753787686266,0.8535913288920671
0.001,node,0.18054031086479327,45.6,0.8500090158512903,0.8522373643715664
0.001,node,0.18054031086479327,45.800000000000004,0.8486413245865301,0.8508820448971388
0.001,node,0.18054031086479327,46.0,0.8472723414299719,0.849525406557694
0.001,node,0.18054031086479327,46.2,0.8459021025053424,0.8481674851112952
0.001,node,0.18054031086479327,46.400000000000006,0.8445306436070538,0.8468083159918205
0.001,node,0.18054031086479327,46.6,0.8431580002027637,0.8454479343111831
0.001,node,0.18054031086479327,46.800000000000004,0.8417842074359265,0.8440863748604421
0.001,node,0.18054031086479327,47.0,0.8404093001283166,0.8427236721120224
0.001,node,0.18054031086479327,47.2,0.8390333127825391,0.8413598602263761
0.001,node,0.18054031086479327,47.400000000000006,0.8376562795845185,0.8399949730486522
0.001,node,0.18054031086479327,47.6,0.8362782344059719,0.8386290441153577
0.001,node,0.18054031086479327,47.800000000000004,0.8348992108068679,0.8372621066554675
0.001,node,0.18054031086479327,48.0,0.8335192420378573,0.8358941935893149
0.001,node,0.18054031086479327,48.2,0.8321383610426958,0.8345253375396933
0.001,node,0.18054031086479327,48.400000000000006,0.8307566004606438,0.8331555708251948
0.001,node,0.18054031086479327,48.6,0.8293739926288528,0.8317849254679821
0.001,node,0.18054031086479327,48.800000000000004,0.8279905695847304,0.8304134331926782
0.001,node,0.18054031086479327,49.0,0.8266063630682893,0.8290411254319174
0.001,node,0.18054031086479327,49.2,0.8252214045244795,0.8276680333274555
0.001,node,0.18054031086479327,49.400000000000006,0.8238357251055048,0.8262941877312802
0.001,node,0.18054031086479327,49.6,0.8224493556731194,0.8249196192089414
0.001,node,0.18054031086479327,49.800000000000004,0.8210623268009105,0.8235443580417723
0.001,node,0.18054031086479327,50.0,0.8196746687765613,0.8221684342291091
0.001,node,0.18054031086479327,50.2,0.8182864116041004,0.8207918774894019
0.001,node,0.18054031086479327,50.400000000000006,0.8168975850061294,0.8194147172668753
0.001,node,0.18054031086479327,50.6,0.8155082184260454,0.8180369827259781
0.001,node,0.18054031086479327,50.800000000000004,0.8141183410302302,0.8166587027602645
0.001,node,0.18054031086479327,51.0,0.812727981710242,0.8152799059912841
0.001,node,0.18054031086479327,51.2,0.8113371690849726,0.8139006207730226
0.001,node,0.18054031086479327,51.400000000000006,0.8099459315028049,0.812520875190792
0.001,node,0.18054031086479327,51.6,0.8085542970437433,0.8111406970678914
0.001,node,0.18054031086479327,51.800000000000004,0.8071622935215337,0.8097601139600563
0.001,node,0.18054031086479327,52.0,0.8057699484857668,0.808379153167671
0.001,node,0.18054031086479327,52.2,0.8043772892239636,0.8069978417291068
0.001,node,0.18054031086479327,52.400000000000006,0.802984342763648,0.8056162064296046
0.001,node,0.18054031086479327,52.6,0.8015911358744058,0.8042342737968333
0.001,node,0.18054031086479327,52.800000000000004,0.8001976950699228,0.8028520701075514
0.001,node,0.18054031086479327,53.0,0.7988040466100107,0.8014696213898276
0.001,node,0.18054031086479327,53.2,0.7974102165026202,0.8000869534185995
0.001,node,0.18054031086479327,53.400000000000006,0.7960162305058371,0.7987040917267763
0.001,node,0.18054031086479327,53.6,0.7946221141298608,0.7973210616019077
0.001,node,0.18054031086479327,53.800000000000004,0.7932278926389721,0.7959378880884049
0.001,node,0.18054031086479327,54.0,0.791833591053488,0.7945545959886502
0.001,node,0.18054031086479327,54.2,0.7904392341516947,0.7931712098696586
0.001,node,0.18054031086479327,54.400000000000006,0.7890448464717695,0.7917877540597473
0.001,node,0.18054031086479327,54.6,0.7876504523136951,0.7904042526518662
0.001,node,0.18054031086479327,54.800000000000004,0.7862560757411492,0.7890207295069285
0.001,node,0.18054031086479327,55.0,0.784861740583384,0.787637208254921
0.001,node,0.18054031086479327,55.2,0.7834674704370964,0.7862537122949043
0.001,node,0.18054031086479327,55.400000000000006,0.7820732886682757,0.7848702648027839
0.001,node,0.18054031086479327,55.6,0.7806792184140432,0.7834868887224289
0.001,node,0.18054031086479327,55.800000000000004,0.7792852825844778,0.7821036067789944
0.001,node,0.18054031086479327,56.0,0.7778915038644247,0.7807204414733704
0.001,node,0.18054031086479327,56.2,0.7764979047152953,0.779337415087733
0.001,node,0.18054031086479327,56.400000000000006,0.7751045073768474,0.7779545496822138
0.001,node,0.18054031086479327,56.6,0.773711333868957,0.7765718671048916
0.001,node,0.18054031086479327,56.800000000000004,0.7723184059933771,0.7751893889840211
0.001,node,0.18054031086479327,57.0,0.7709257453354783,0.7738071367391353
0.001,node,0.18054031086479327,57.2,0.7695333732659827,0.772425131576604
0.001,node,0.18054031086479327,57.400000000000006,0.7681413109426796,0.7710433944896344
0.001,node,0.18054031086479327,57.6,0.7667495793121285,0.769661946268263
0.001,node,0.18054031086479327,57.800000000000004,0.7653581991113573,0.7682808074949143
0.001,node,0.18054031086479327,58.0,0.7639671908695342,0.7668999985432912
0.001,node,0.18054031086479327,58.2,0.7625765749096396,0.765519539587256
0.001,node,0.18054031086479327,58.400000000000006,0.7611863713501162,0.7641394505975008
0.001,node,0.18054031086479327,58.6,0.7597966001065142,0.7627597513482076
0.001,node,0.18054031086479327,58.800000000000004,0.7584072808931187,0.7613804614103881
0.001,node,0.18054031086479327,59.0,0.7570184332245671,0.7600016001618748
0.001,node,0.18054031086479327,59.2,0.7556300764174516,0.7586231867828808
0.001,node,0.18054031086479327,59.400000000000006,0.7542422295919152,0.7572452402615504
0.001,node,0.18054031086479327,59.6,0.7528549116732313,0.7558677793928492
0.001,node,0.18054031086479327,59.800000000000004,0.7514681413933717,0.7544908227830049
0.001,node,0.18054031086479327,60.0,0.750081937292562,0.7531143888472869
0.001,node,0.18054031086479327,60.2,0.7486963177208292,0.7517384958133366
0.001,node,0.18054031086479327,60.400000000000006,0.7473113008395358,0.750363161725609
0.001,node,0.18054031086479327,60.6,0.7459269046228991,0.7489884044431516
0.001,node,0.18054031086479327,60.800000000000004,0.7445431468594994,0.7476142416384945
0.001,node,0.18054031086479327,61.0,0.7431600451537862,0.7462406908065322
0.001,node,0.18054031086479327,61.2,0.7417776169275586,0.7448677692634131
0.001,node,0.18054031086479327,61.400000000000006,0.7403958794214454,0.743495494142099
0.001,node,0.18054031086479327,61.6,0.7390148496963683,0.7421238824001364
0.001,node,0.18054031086479327,61.800000000000004,0.7376345446349971,0.7407529508229871
0.001,node,0.18054031086479327,62.0,0.7362549809431918,0.7393827160162569
0.001,node,0.18054031086479327,62.2,0.7348761751514338,0.738013194417908
0.001,node,0.18054031086479327,62.400000000000006,0.7334981436162508,0.7366444022904872
0.001,node,0.18054031086479327,62.6,0.7321209025216214,0.7352763557288977
0.001,node,0.18054031086479327,62.800000000000004,0.7307444678803818,0.7339090706581786
0.001,node,0.18054031086479327,63.0,0.7293688555356065,0.7325425628368354
0.001,node,0.18054031086479327,63.2,0.7279940811619946,0.7311768478568403
0.001,node,0.18054031086479327,63.400000000000006,0.7266201602672336,0.7298119411469628
0.001,node,0.18054031086479327,63.6,0.7252471081933572,0.7284478579694387
0.001,node,0.18054031086479327,63.800000000000004,0.723874940118094,0.7270846134288522
0.001,node,0.18054031086479327,64.0,0.722503671056204,0.7257222224665849
0.001,node,0.18054031086479327,64.2,0.7211333158608052,0.7243606998641461
0.001,node,0.18054031086479327,64.4,0.7197638892246907,0.7230000602487241
0.001,node,0.18054031086479327,64.60000000000001,0.7183954056816358,0.721640318086525
0.001,node,0.18054031086479327,64.8,0.717027879607696,0.7202814876905439
0.001,node,0.18054031086479327,65.0,0.7156613252224888,0.7189235832194552
0.001,node,0.18054031086479327,65.2,0.7142957565904788,0.7175666186798324
0.001,node,0.18054031086479327,65.4,0.7129311876222387,0.7162106079239283
0.001,node,0.18054031086479327,65.60000000000001,0.7115676320757117,0.7148555646574462
0.001,node,0.18054031086479327,65.8,0.710205103557455,0.7135015024317681
0.001,node,0.18054031086479327,66.0,0.7088436155238822,0.7121484346550577
0.001,node,0.18054031086479327,66.2,0.7074831812824938,0.7107963745878187
0.001,node,0.18054031086479327,66.4,0.7061238139930912,0.7094453353440056
0.001,node,0.18054031086479327,66.60000000000001,0.7047655266689933,0.7080953298910231
0.001,node,0.18054031086479327,66.8,0.7034083321782344,0.7067463710597188
0.001,node,0.18054031086479327,67.0,0.7020522432447591,0.7053984715321704
0.001,node,0.18054031086479327,67.2,0.7006972724496024,0.7040516438527877
0.001,node,0.18054031086479327,67.4,0.6993434322320679,0.7027059004249825
0.001,node,0.18054031086479327,67.60000000000001,0.6979907348908867,0.7013612535156089
0.001,node,0.18054031086479327,67.8,0.6966391925853794,0.7000177152527431
0.001,node,0.18054031086479327,68.0,0.6952888173366016,0.6986752976279043
0.001,node,0.18054031086479327,68.2,0.693939621028482,0.6973340124993843
0.001,node,0.18054031086479327,68.4,0.6925916154089526,0.695993871588918
0.001,node,0.18054031086479327,68.60000000000001,0.6912448120910698,0.6946548864861235
0.001,node,0.18054031086479327,68.8,0.6898992225541283,0.6933170686518331
0.001,node,0.18054031086479327,69.0,0.6885548581447639,0.6919804294103216
0.001,node,0.18054031086479327,69.2,0.6872117300780487,0.6906449799615189
0.001,node,0.18054031086479327,69.4,0.6858698494385815,0.6893107313743485
0.001,node,0.18054031086479327,69.60000000000001,0.6845292271815635,0.6879776945911686
0.001,node,0.18054031086479327,69.8,0.683189874133872,0.6866458804255515
0.001,node,0.18054031086479327,70.0,0.6818518009951196,0.6853152995700551
0.001,node,0.18054031086479327,70.2,0.6805150183387121,0.6839859625873412
0.001,node,0.18054031086479327,70.4,0.6791795366128924,0.6826578799223881
0.001,node,0.18054031086479327,70.60000000000001,0.6778453661417814,0.6813310618924984
0.001,node,0.18054031086479327,70.8,0.6765125171264049,0.6800055186984011
0.001,node,0.18054031086479327,71.0,0.6751809996457192,0.6786812604175907
0.001,node,0.18054031086479327,71.2,0.6738508236576236,0.6773582970076575
0.001,node,0.18054031086479327,71.4,0.6725219989999717,0.6760366383118388
0.001,node,0.18054031086479327,71.60000000000001,0.6711945353915617,0.6747162940501372
0.001,node,0.18054031086479327,71.8,0.6698684424331397,0.6733972738326433
0.001,node,0.18054031086479327,72.0,0.668543729608371,0.6720795871495433
0.001,node,0.18054031086479327,72.2,0.6672204062848288,0.6707632433788913
0.001,node,0.18054031086479327,72.4,0.6658984817149525,0.6694482517821676
0.001,node,0.18054031086479327,72.60000000000001,0.6645779650370159,0.6681346215131612
0.001,node,0.18054031086479327,72.8,0.6632588652760784,0.6668223616101976
0.001,node,0.18054031086479327,73.0,0.6619411913449323,0.6655114810016904
0.001,node,0.18054031086479327,73.2,0.6606249520450421,0.6642019885072514
0.001,node,0.18054031086479327,73.4,0.6593101560674774,0.6628938928376904
0.001,node,0.18054031086479327,73.60000000000001,0.6579968119938367,0.6615872025939051
0.001,node,0.18054031086479327,73.8,0.6566849282971671,0.6602819262735427
0.001,node,0.18054031086479327,74.0,0.6553745133428719,0.6589780722643379
0.001,node,0.18054031086479327,74.2,0.6540655753896188,0.6576756488507751
0.001,node,0.18054031086479327,74.4,0.6527581225902327,0.6563746642129775
0.001,node,0.18054031086479327,74.60000000000001,0.6514521629925895,0.6550751264267074
0.001,node,0.18054031086479327,74.8,0.6501477045404958,0.6537770434655865
0.001,node,0.18054031086479327,75.0,0.648844755074569,0.6524804232022063
0.001,node,0.18054031086479327,75.2,0.6475433223331007,0.6511852734070178
0.001,node,0.18054031086479327,75.4,0.6462434139529287,0.6498916017505518
0.001,node,0.18054031086479327,75.60000000000001,0.6449450374702846,0.6485994158067498
0.001,node,0.18054031086479327,75.8,0.6436482003216476,0.6473087230463026
0.001,node,0.18054031086479327,76.0,0.642352909844589,0.6460195308477523
0.001,node,0.18054031086479327,76.2,0.6410591732786044,0.6447318464886109
0.001,node,0.18054031086479327,76.4,0.6397669977659477,0.6434456771520214
0.001,node,0.18054031086479327,76.60000000000001,0.6384763903524532,0.6421610299278679
0.001,node,0.18054031086479327,76.80000000000001,0.6371873579883536,0.6408779118094454
0.001,node,0.18054031086479327,77.0,0.6358999075290908,0.6395963296979001
0.001,node,0.18054031086479327,77.2,0.6346140457361198,0.6383162903988993
0.001,node,0.18054031086479327,77.4,0.633329779277709,0.6370378006304023
0.001,node,0.18054031086479327,77.60000000000001,0.6320471147297315,0.6357608670159998
0.001,node,0.18054031086479327,77.80000000000001,0.6307660585764532,0.6344854960915747
0.001,node,0.18054031086479327,78.0,0.6294866172113099,0.6332116943019717
0.001,node,0.18054031086479327,78.2,0.6282087969376835,0.6319394680021073
0.001,node,0.18054031086479327,78.4,0.6269326039696708,0.6306688234603008
0.001,node,0.18054031086479327,78.60000000000001,0.6256580444328459,0.629399766858274
0.001,node,0.18054031086479327,78.80000000000001,0.6243851243650137,0.6281323042878206
0.001,node,0.18054031086479327,79.0,0.6231138497169639,0.6268664417585779
0.001,node,0.18054031086479327,79.2,0.6218442263532141,0.6256021851946958
0.001,node,0.18054031086479327,79.4,0.6205762600527494,0.6243395404326169
0.001,node,0.18054031086479327,79.60000000000001,0.6193099565097543,0.6230785132299577
0.001,node,0.18054031086479327,79.80000000000001,0.6180453213343431,0.6218191092566272
0.001,node,0.18054031086479327,80.0,0.6167823600532787,0.6205613341048188
0.001,node,0.18054031086479327,80.2,0.6155210781106902,0.6193051932812388
0.001,node,0.18054031086479327,80.4,0.6142614808687858,0.6180506922137674
0.001,node,0.18054031086479327,80.60000000000001,0.6130035736085542,0.6167978362492388
0.001,node,0.18054031086479327,80.80000000000001,0.611747361530468,0.6155466306567714
0.001,node,0.18054031086479327,81.0,0.6104928497551759,0.6142970806255477
0.001,node,0.18054031086479327,81.2,0.6092400433241919,0.6130491912670344
0.001,node,0.18054031086479327,81.4,0.6079889472005802,0.6118029676127623
0.001,node,0.18054031086479327,81.60000000000001,0.6067395662696335,0.6105584146220977
0.001,node,0.18054031086479327,81.80000000000001,0.6054919053395447,0.6093155371744707
0.001,node,0.18054031086479327,82.0,0.6042459691420758,0.6080743400749267
0.001,node,0.18054031086479327,82.2,0.6030017623332207,0.6068348280541258
0.001,node,0.18054031086479327,82.4,0.6017592894938619,0.6055970057683435
0.001,node,0.18054031086479327,82.60000000000001,0.6005185551304246,0.6043608778028009
0.001,node,0.18054031086479327,82.80000000000001,0.5992795636755233,0.6031264486650034
0.001,node,0.18054031086479327,83.0,0.5980423194886022,0.6018937227925125
0.001,node,0.18054031086479327,83.2,0.5968068268565755,0.6006627045529456
0.001,node,0.18054031086479327,83.4,0.5955730899944598,0.5994333982417555
0.001,node,0.18054031086479327,83.60000000000001,0.5943411130459982,0.5982058080822306
0.001,node,0.18054031086479327,83.80000000000001,0.5931109000842864,0.5969799382310459
0.001,node,0.18054031086479327,84.0,0.5918824551123892,0.595755792772712
0.001,node,0.18054031086479327,84.2,0.5906557820639528,0.5945333757251259
0.001,node,0.18054031086479327,84.4,0.5894308848038148,0.593312691037351
0.001,node,0.18054031086479327,84.60000000000001,0.5882077671286055,0.5920937425918371
0.001,node,0.18054031086479327,84.80000000000001,0.5869864327673481,0.5908765342033107
0.001,node,0.18054031086479327,85.0,0.5857668853820529,0.589661069622105
0.001,node,0.18054031086479327,85.2,0.5845491285683052,0.5884473525297196
0.001,node,0.18054031086479327,85.4,0.5833331658558513,0.5872353865454816
0.001,node,0.18054031086479327,85.60000000000001,0.5821190007091802,0.5860251752232148
0.001,node,0.18054031086479327,85.80000000000001,0.5809066365280959,0.5848167220534606
0.001,node,0.18054031086479327,86.0,0.5796960766482921,0.5836100304612568
0.001,node,0.18054031086479327,86.2,0.578487324341917,0.5824051038127998
0.001,node,0.18054031086479327,86.4,0.5772803828181353,0.5812019454076722
0.001,node,0.18054031086479327,86.60000000000001,0.5760752552236891,0.580000558485505
0.001,node,0.18054031086479327,86.80000000000001,0.5748719446434492,0.5788009462270871
0.001,node,0.18054031086479327,87.0,0.5736704541009634,0.5776031117488145
0.001,node,0.18054031086479327,87.2,0.572470786559005,0.5764070581104619
0.001,node,0.18054031086479327,87.4,0.5712729449201106,0.5752127883085212
0.001,node,0.18054031086479327,87.60000000000001,0.5700769320271172,0.5740203052839732
0.001,node,0.18054031086479327,87.80000000000001,0.5688827506636964,0.5728296119178466
0.001,node,0.18054031086479327,88.0,0.5676904035548803,0.5716407110334387
0.001,node,0.18054031086479327,88.2,0.5664998933675859,0.5704536053940945
0.001,node,0.18054031086479327,88.4,0.5653112227111371,0.5692682977109786
0.001,node,0.18054031086479327,88.60000000000001,0.5641243941377785,0.5680847906341935
0.001,node,0.18054031086479327,88.80000000000001,0.562939410143187,0.5669030867616609
0.001,node,0.18054031086479327,89.0,0.5617562731669818,0.5657231886335712
0.001,node,0.18054031086479327,89.2,0.5605749855932259,0.5645450987357137
0.001,node,0.18054031086479327,89.4,0.5593955497509278,0.5633688194983666
0.001,node,0.18054031086479327,89.60000000000001,0.5582179679145364,0.5621943533018481
0.001,node,0.18054031086479327,89.80000000000001,0.557042242304433,0.5610217024676345
0.001,node,0.18054031086479327,90.0,0.5558683750874218,0.5598508692661319
0.001,node,0.18054031086479327,90.2,0.5546963683772097,0.5586818559166762
0.001,node,0.18054031086479327,90.4,0.5535262242348921,0.5575146645864226
0.001,node,0.18054031086479327,90.60000000000001,0.5523579446694261,0.5563492973892359
0.001,node,0.18054031086479327,90.80000000000001,0.5511915316381045,0.5551857563879103
0.001,node,0.18054031086479327,91.0,0.5500269870470276,0.5540240435963906
0.001,node,0.18054031086479327,91.2,0.5488643127515646,0.5528641609775509
0.001,node,0.18054031086479327,91.4,0.5477035105568184,0.5517061104431953
0.001,node,0.18054031086479327,91.60000000000001,0.5465445822180821,0.5505498938584985
0.001,node,0.18054031086479327,91.80000000000001,0.5453875294413,0.5493955130364547
0.001,node,0.18054031086479327,92.0,0.5442323538835062,0.548242969744539
0.001,node,0.18054031086479327,92.2,0.5430790571532875,0.5470922657013766
0.001,node,0.18054031086479327,92.4,0.5419276408112135,0.5459434025756327
0.001,node,0.18054031086479327,92.60000000000001,0.5407781063702888,0.5447963819926738
0.001,node,0.18054031086479327,92.80000000000001,0.5396304552963833,0.5436512055301268
0.001,node,0.18054031086479327,93.0,0.5384846890086654,0.5425078747167689
0.001,node,0.18054031086479327,93.2,0.5373408088800365,0.5413663910380784
0.001,node,0.18054031086479327,93.4,0.5361988162375577,0.5402267559351248
0.001,node,0.18054031086479327,93.60000000000001,0.5350587123628671,0.5390889708012381
0.001,node,0.18054031086479327,93.80000000000001,0.53392049849261,0.5379530369853391
0.001,node,0.18054031086479327,94.0,0.5327841758188446,0.5368189557930503
0.001,node,0.18054031086479327,94.2,0.5316497454894663,0.5356867284878053
0.001,node,0.18054031086479327,94.4,0.5305172086086108,0.5345563562875189
0.001,node,0.18054031086479327,94.60000000000001,0.5293865662370613,0.5334278403668069
0.001,node,0.18054031086479327,94.80000000000001,0.5282578193926587,0.5323011818603174
0.001,node,0.18054031086479327,95.0,0.5271309690506926,0.5311763818571791
0.001,node,0.18054031086479327,95.2,0.5260060161443095,0.5300534414065527
0.001,node,0.18054031086479327,95.4,0.5248829615648992,0.5289323615165209
0.001,node,0.18054031086479327,95.60000000000001,0.5237618061624889,0.5278131431540878
0.001,node,0.18054031086479327,95.80000000000001,0.5226425507461304,0.5266957872451794
0.001,node,0.18054031086479327,96.0,0.5215251960842887,0.5255802946746435
0.001,node,0.18054031086479327,96.2,0.5204097429052165,0.5244666662873598
0.001,node,0.18054031086479327,96.4,0.5192961918973424,0.5233549028904605
0.001,node,0.18054031086479327,96.60000000000001,0.5181845437096386,0.5222450052522198
0.001,node,0.18054031086479327,96.80000000000001,0.5170747989520009,0.521136974099834
0.001,node,0.18054031086479327,97.0,0.5159669581956132,0.5200308101216411
0.001,node,0.18054031086479327,97.2,0.5148610219733171,0.5189265139715626
0.001,node,0.18054031086479327,97.4,0.5137569907799776,0.5178240862635519
0.001,node,0.18054031086479327,97.60000000000001,0.5126548650728404,0.5167235275738147
0.001,node,0.18054031086479327,97.80000000000001,0.5115546452718944,0.5156248384408091
0.001,node,0.18054031086479327,98.0,0.5104563317602233,0.5145280193696866
0.001,node,0.18054031086479327,98.2,0.5093599248843617,0.5134330708256307
0.001,node,0.18054031086479327,98.4,0.5082654249546468,0.5123399932405182
0.001,node,0.18054031086479327,98.60000000000001,0.5071728322455563,0.5112487870084781
0.001,node,0.18054031086479327,98.80000000000001,0.5060821469960642,0.5101594524914432
0.001,node,0.18054031086479327,99.0,0.5049933694099751,0.5090719900113783
0.001,node,0.18054031086479327,99.2,0.503906499656266,0.5079863998602718
0.001,node,0.18054031086479327,99.4,0.5028215378694224,0.5069026822945855
0.001,node,0.18054031086479327,99.60000000000001,0.5017384841497702,0.5058208375363638
0.001,node,0.18054031086479327,99.80000000000001,0.5006573385638088,0.5047408657732344
0.001,node,0.18054031086479327,100.0,0.4995781011445373,0.5036627671606286
0.001,node,0.18054031086479327,100.2,0.49850077189178277,0.502586541820671
0.001,node,0.18054031086479327,100.4,0.49742535077252037,0.5015121898432895
0.001,node,0.18054031086479327,100.60000000000001,0.49635183772119257,0.5004397112862158
0.001,node,0.18054031086479327,100.80000000000001,0.49528023264003634,0.49936910617276453
0.001,node,0.18054031086479327,101.0,0.4942105353993865,0.4983003744962744
0.001,node,0.18054031086479327,101.2,0.49314274583799333,0.49723351622010803
0.001,node,0.18054031086479327,101.4,0.4920768637633366,0.4961685312754316
0.001,node,0.18054031086479327,101.60000000000001,0.4910128889519271,0.49510541956010456
0.001,node,0.18054031086479327,101.80000000000001,0.4899508211496197,0.49404418094423086
0.001,node,0.18054031086479327,102.0,0.4888906600719052,0.49298481526793836
0.001,node,0.18054031086479327,102.2,0.4878324054042224,0.4919273223402687
0.001,node,0.18054031086479327,102.4,0.48677605680224756,0.4908717019402875
0.001,node,0.18054031086479327,102.60000000000001,0.4857216138921974,0.4898179538193048
0.001,node,0.18054031086479327,102.80000000000001,0.4846690762711163,0.48876607769754443
0.001,node,0.18054031086479327,103.0,0.4836184435071693,0.4877160732685848
0.001,node,0.18054031086479327,103.2,0.48256971513993285,0.4866679401938079
0.001,node,0.18054031086479327,103.4,0.4815228906806793,0.485621678111281
0.001,node,0.18054031086479327,103.60000000000001,0.48047796961265604,0.48457728662798516
0.001,node,0.18054031086479327,103.80000000000001,0.4794349513913817,0.4835347653253663
0.001,node,0.18054031086479327,104.0,0.4783938354449077,0.48249411375378415
0.001,node,0.18054031086479327,104.2,0.4773546211741085,0.48145533144139385
0.001,node,0.18054031086479327,104.4,0.4763173079529498,0.4804184178852644
0.001,node,0.18054031086479327,104.60000000000001,0.4752818951287649,0.47938337255803987
0.001,node,0.18054031086479327,104.80000000000001,0.47424838202252284,0.4783501949068292
0.001,node,0.18054031086479327,105.0,0.4732167679290993,0.4773188843509857
0.001,node,0.18054031086479327,105.2,0.47218705211754125,0.4762894402832174
0.001,node,0.18054031086479327,105.4,0.4711592338313308,0.47526186207291765
0.001,node,0.18054031086479327,105.60000000000001,0.4701333122886464,0.4742361490639446
0.001,node,0.18054031086479327,105.80000000000001,0.4691092866826246,0.47321230057351116
0.001,node,0.18054031086479327,106.0,0.4680871561816207,0.47219031589662563
0.001,node,0.18054031086479327,106.2,0.46706691992945465,0.47117019430054086
0.001,node,0.18054031086479327,106.4,0.46604857704567426,0.4701519350325256
0.001,node,0.18054031086479327,106.60000000000001,0.4650321266258038,0.4691355373109829
0.001,node,0.18054031086479327,106.80000000000001,0.4640175677415928,0.4681210003343317
0.001,node,0.18054031086479327,107.0,0.4630048994412616,0.4671083232754558
0.001,node,0.18054031086479327,107.2,0.46199412074975077,0.46609750528392446
0.001,node,0.18054031086479327,107.4,0.46098523066896213,0.46508854548932277
0.001,node,0.18054031086479327,107.60000000000001,0.4599782281780012,0.4640814429934803
0.001,node,0.18054031086479327,107.80000000000001,0.458973112233419,0.46307619687935286
0.001,node,0.18054031086479327,108.0,0.45796988176944103,0.46207280620658153
0.001,node,0.18054031086479327,108.2,0.4569685356982162,0.46107127001260295
0.001,node,0.18054031086479327,108.4,0.4559690729100392,0.4600715873115391
0.001,node,0.18054031086479327,108.60000000000001,0.45497149227358596,0.45907375709863807
0.001,node,0.18054031086479327,108.80000000000001,0.4539757926361474,0.45807777834694363
0.001,node,0.18054031086479327,109.0,0.4529819728238528,0.45708365000507456
0.001,node,0.18054031086479327,109.2,0.4519900316418996,0.4560913710061065
0.001,node,0.18054031086479327,109.4,0.45099996787477276,0.4551009402575801
0.001,node,0.18054031086479327,109.60000000000001,0.450011780286473,0.4541123566503824
0.001,node,0.18054031086479327,109.80000000000001,0.44902546762073287,0.4531256190509758
0.001,node,0.18054031086479327,110.0,0.4480410286012428,0.452140726308059
0.001,node,0.18054031086479327,110.2,0.44705846193185683,0.45115767725256717
0.001,node,0.18054031086479327,110.4,0.44607776629682155,0.4501764706910105
0.001,node,0.18054031086479327,110.60000000000001,0.4450989403609769,0.4491971054143562
0.001,node,0.18054031086479327,110.80000000000001,0.4441219827699768,0.4482195801924771
0.001,node,0.18054031086479327,111.0,0.4431468921504958,0.4472438937774825
0.001,node,0.18054031086479327,111.2,0.4421736671104403,0.44627004489927735
0.001,node,0.18054031086479327,111.4,0.44120230623915063,0.44529803227333353
0.001,node,0.18054031086479327,111.60000000000001,0.4402328081076109,0.444327854595139
0.001,node,0.18054031086479327,111.80000000000001,0.43926517126864834,0.44335951054019773
0.001,node,0.18054031086479327,112.0,0.4382993942571367,0.4423929987695807
0.001,node,0.18054031086479327,112.2,0.4373354755902001,0.44142831792215453
0.001,node,0.18054031086479327,112.4,0.4363734137674036,0.4404654666234631
0.001,node,0.18054031086479327,112.60000000000001,0.43541320727095667,0.43950444347906625
0.001,node,0.18054031086479327,112.80000000000001,0.4344548545659041,0.43854524707676035
0.001,node,0.18054031086479327,113.0,0.4334983541003215,0.43758787598879856
0.001,node,0.18054031086479327,113.2,0.4325437043055112,0.4366323287696705
0.001,node,0.18054031086479327,113.4,0.43159090359618235,0.4356786039572125
0.001,node,0.18054031086479327,113.60000000000001,0.4306399503706499,0.4347267000737176
0.001,node,0.18054031086479327,113.80000000000001,0.4296908430110155,0.4337766156226053
0.001,node,0.18054031086479327,114.0,0.428743579883358,0.4328283490961926
0.001,node,0.18054031086479327,114.2,0.4277981593379131,0.4318818989657025
0.001,node,0.18054031086479327,114.4,0.4268545797092608,0.43093726368792495
0.001,node,0.18054031086479327,114.60000000000001,0.42591283931650037,0.42999444170521706
0.001,node,0.18054031086479327,114.80000000000001,0.42497293646343576,0.42905343144328256
0.001,node,0.18054031086479327,115.0,0.4240348694387502,0.42811423131450255
0.001,node,0.18054031086479327,115.2,0.4230986365161852,0.4271768397134945
0.001,node,0.18054031086479327,115.4,0.4221642359547156,0.4262412550226635
0.001,node,0.18054031086479327,115.60000000000001,0.42123166599871936,0.42530747560665105
0.001,node,0.18054031086479327,115.80000000000001,0.4203009248781566,0.42437549981899636
0.001,node,0.18054031086479327,116.0,0.4193720108087348,0.42344532599547513
0.001,node,0.18054031086479327,116.2,0.4184449219920814,0.4225169524596506
0.001,node,0.18054031086479327,116.4,0.41751965661591056,0.42159037751954287
0.001,node,0.18054031086479327,116.60000000000001,0.4165962128541885,0.4206655994709596
0.001,node,0.18054031086479327,116.80000000000001,0.41567458886730546,0.4197426165963858
0.001,node,0.18054031086479327,117.0,0.4147547828022278,0.41882142716276327
0.001,node,0.18054031086479327,117.2,0.4138367927926738,0.41790202942371124
0.001,node,0.18054031086479327,117.4,0.41292061695926424,0.41698442162174665
0.001,node,0.18054031086479327,117.60000000000001,0.4120062534096881,0.4160686019838433
0.001,node,0.18054031086479327,117.80000000000001,0.4110937002388595,0.41515456872476264
0.001,node,0.18054031086479327,118.0,0.4101829555290747,0.4142423200470535
0.001,node,0.18054031086479327,118.2,0.4092740173501678,0.41333185414105245
0.001,node,0.18054031086479327,118.4,0.4083668837596652,0.412423169182663
0.001,node,0.18054031086479327,118.60000000000001,0.40746155280294105,0.4115162633377967
0.001,node,0.18054031086479327,118.80000000000001,0.4065580225133653,0.4106111347579322
0.001,node,0.18054031086479327,119.0,0.4056562909124594,0.409707781583446
0.001,node,0.18054031086479327,119.2,0.40475635601004084,0.4088062019447225
0.001,node,0.18054031086479327,119.4,0.4038582158043745,0.407906393956603
0.001,node,0.18054031086479327,119.60000000000001,0.4029618682823192,0.407008355725047
0.001,node,0.18054031086479327,119.80000000000001,0.4020673114194704,0.40611208534491183
0.001,node,0.18054031086479327,120.0,0.40117454318031065,0.40521758089662185
0.001,node,0.18054031086479327,120.2,0.40028356151834593,0.4043248404539401
0.001,node,0.18054031086479327,120.4,0.39939436437625525,0.4034338620750866
0.001,node,0.18054031086479327,120.60000000000001,0.3985069496860248,0.40254464380939936
0.001,node,0.18054031086479327,120.80000000000001,0.39762131536909057,0.40165718369733483
0.001,node,0.18054031086479327,121.0,0.39673745933647836,0.40077147976491645
0.001,node,0.18054031086479327,121.2,0.39585537948893784,0.39988753003150634
0.001,node,0.18054031086479327,121.4,0.39497507371707935,0.39900533250314396
0.001,node,0.18054031086479327,121.60000000000001,0.39409653990151355,0.39812488517698696
0.001,node,0.18054031086479327,121.80000000000001,0.39321977591297796,0.397246186040201
0.001,node,0.18054031086479327,122.0,0.39234477961247866,0.39636923306995975
0.001,node,0.18054031086479327,122.2,0.3914715488514108,0.3954940242323346
0.001,node,0.18054031086479327,122.4,0.39060008147169556,0.3946205574845152
0.001,node,0.18054031086479327,122.60000000000001,0.3897303753059151,0.3937488307759196
0.001,node,0.18054031086479327,122.80000000000001,0.3888624281774288,0.39287884204264323
0.001,node,0.18054031086479327,123.0,0.38799623790051024,0.3920105892163406
0.001,node,0.18054031086479327,123.2,0.38713180228046645,0.3911440702153435
0.001,node,0.18054031086479327,123.4,0.38626911911376965,0.3902792829502122
0.001,node,0.18054031086479327,123.60000000000001,0.3854081861881742,0.3894162253226252
0.001,node,0.18054031086479327,123.80000000000001,0.38454900128284625,0.38855489522648945
0.001,node,0.18054031086479327,124.0,0.38369156216848144,0.38769529054571983
0.001,node,0.18054031086479327,124.2,0.38283586660742547,0.3868374091553495
0.001,node,0.18054031086479327,124.4,0.38198191235379636,0.3859812489248604
0.001,node,0.18054031086479327,124.60000000000001,0.38112969715360345,0.38512680771041197
0.001,node,0.18054031086479327,124.80000000000001,0.3802792187448628,0.3842740833637226
0.001,node,0.18054031086479327,125.0,0.3794304748577128,0.38342307372762896
0.001,node,0.18054031086479327,125.2,0.37858346321453684,0.38257377663608594
0.001,node,0.18054031086479327,125.4,0.3777381815300702,0.38172618991638707
0.001,node,0.18054031086479327,125.60000000000001,0.37689462751151814,0.38088031138805434
0.001,node,0.18054031086479327,125.80000000000001,0.3760527988586656,0.3800361388595075
0.001,node,0.18054031086479327,126.0,0.3752126932639944,0.3791936701369458
0.001,node,0.18054031086479327,126.2,0.37437430841278924,0.3783529030154664
0.001,node,0.18054031086479327,126.4,0.3735376419832482,0.37751383528461524
0.001,node,0.18054031086479327,126.60000000000001,0.37270269164659486,0.37667646472505645
0.001,node,0.18054031086479327,126.80000000000001,0.37186945506718216,0.3758407891119031
0.001,node,0.18054031086479327,127.0,0.3710379299026028,0.3750068062124967
0.001,node,0.18054031086479327,127.2,0.37020811380379304,0.3741745137864072
0.001,node,0.18054031086479327,127.4,0.36938000441514,0.37334390958987385
0.001,node,0.18054031086479327,127.60000000000001,0.36855359937458465,0.3725149913680337
0.001,node,0.18054031086479327,127.80000000000001,0.3677288963137258,0.3716877568604726
0.001,node,0.18054031086479327,128.0,0.36690589285792174,0.3708622038023357
0.001,node,0.18054031086479327,128.20000000000002,0.3660845866263928,0.3700383299209964
0.001,node,0.18054031086479327,128.4,0.36526497523232365,0.36921613293827704
0.001,node,0.18054031086479327,128.6,0.36444705628295804,0.36839561056822845
0.001,node,0.18054031086479327,128.8,0.36363082737970526,0.3675767605193503
0.001,node,0.18054031086479327,129.0,0.3628162861182299,0.36675958049681157
0.001,node,0.18054031086479327,129.20000000000002,0.3620034300885578,0.36594406819467906
0.001,node,0.18054031086479327,129.4,0.36119225687516576,0.36513022130590933
0.001,node,0.18054031086479327,129.6,0.3603827640570796,0.36431803751457714
0.001,node,0.18054031086479327,129.8,0.35957494920796756,0.3635075145025368
0.001,node,0.18054031086479327,130.0,0.35876880989624,0.3626986499416507
0.001,node,0.18054031086479327,130.20000000000002,0.35796434368513397,0.36189144150267083
0.001,node,0.18054031086479327,130.4,0.3571615481328103,0.3610858868485778
0.001,node,0.18054031086479327,130.6,0.3563604207924454,0.36028198363569075
0.001,node,0.18054031086479327,130.8,0.3555609592123202,0.3594797295203289
0.001,node,0.18054031086479327,131.0,0.3547631609359132,0.358679122146599
0.001,node,0.18054031086479327,131.20000000000002,0.3539670235019807,0.35788015916082827
0.001,node,0.18054031086479327,131.4,0.3531725444446591,0.3570828381993518
0.001,node,0.18054031086479327,131.6,0.3523797212935393,0.35628715689628443
0.001,node,0.18054031086479327,131.8,0.3515885515737617,0.3554931128790795
0.001,node,0.18054031086479327,132.0,0.35079903280609837,0.3547007037729699
0.001,node,0.18054031086479327,132.20000000000002,0.3500111625070404,0.35390992719541714
0.001,node,0.18054031086479327,132.4,0.3492249381888795,0.3531207807616621
0.001,node,0.18054031086479327,132.6,0.3484403573597945,0.3523332620825048
0.001,node,0.18054031086479327,132.8,0.34765741752393303,0.3515473687643045
0.001,node,0.18054031086479327,133.0,0.3468761161814937,0.35076309840897935
0.001,node,0.18054031086479327,133.20000000000002,0.34609645082880963,0.34998044861289657
0.001,node,0.18054031086479327,133.4,0.3453184189584237,0.34919941697020285
0.001,node,0.18054031086479327,133.6,0.3445420180591775,0.3484200010717142
0.001,node,0.18054031086479327,133.8,0.3437672456162808,0.3476421985015854
0.001,node,0.18054031086479327,134.0,0.34299409911139694,0.34686600684286084
0.001,node,0.18054031086479327,134.20000000000002,0.342222576022719,0.3460914236730339
0.001,node,0.18054031086479327,134.4,0.3414526738250454,0.3453184465662673
0.001,node,0.18054031086479327,134.6,0.34068438998985967,0.34454707309339305
0.001,node,0.18054031086479327,134.8,0.33991772198540265,0.3437773008219125
0.001,node,0.18054031086479327,135.0,0.3391526672767489,0.3430091273159963
0.001,node,0.18054031086479327,135.20000000000002,0.3383892233258838,0.3422425501342641
0.001,node,0.18054031086479327,135.4,0.3376273875917722,0.3414775668364456
0.001,node,0.18054031086479327,135.6,0.33686715753043717,0.3407141749756093
0.001,node,0.18054031086479327,135.8,0.3361085305950283,0.33995237210038276
0.001,node,0.18054031086479327,136.0,0.33535150423589505,0.33919215576050377
0.001,node,0.18054031086479327,136.20000000000002,0.33459607590065904,0.338433523500159
0.001,node,0.18054031086479327,136.4,0.33384224303428056,0.33767647286131464
0.001,node,0.18054031086479327,136.6,0.33309000307913494,0.33692100138149605
0.001,node,0.18054031086479327,136.8,0.33233935347507637,0.33616710659822857
0.001,node,0.18054031086479327,137.0,0.3315902916595069,0.3354147860434864
0.001,node,0.18054031086479327,137.20000000000002,0.33084281506744856,0.3346640372470233
0.001,node,0.18054031086479327,137.4,0.330096921131606,0.3339148577385931
0.001,node,0.18054031086479327,137.6,0.32935260728243493,0.33316724504239836
0.001,node,0.18054031086479327,137.8,0.328609870948211,0.3324211966815316
0.001,node,0.18054031086479327,138.0,0.32786870955508973,0.33167671017686473
0.001,node,0.18054031086479327,138.20000000000002,0.32712912052717574,0.3309337830459391
0.001,node,0.18054031086479327,138.4,0.3263911012865872,0.33019241280407563
0.001,node,0.18054031086479327,138.6,0.32565464925351656,0.3294525969665951
0.001,node,0.18054031086479327,138.8,0.3249197618462965,0.32871433304215714
0.001,node,0.18054031086479327,139.0,0.32418643648145995,0.32797761854275187
0.001,node,0.18054031086479327,139.20000000000002,0.3234546705738058,0.3272424509737082
0.001,node,0.18054031086479327,139.4,0.32272446153645623,0.3265088278425754
0.001,node,0.18054031086479327,139.6,0.3219958067809192,0.3257767466502415
0.001,node,0.18054031086479327,139.8,0.32126870371715016,0.32504620489981484
0.001,node,0.18054031086479327,140.0,0.3205431497536104,0.324317200089963
0.001,node,0.18054031086479327,140.20000000000002,0.319819142297325,0.32358972972046374
0.001,node,0.18054031086479327,140.4,0.3190966787539446,0.32286379128554366
0.001,node,0.18054031086479327,140.6,0.3183757565278005,0.3221393822805396
0.001,node,0.18054031086479327,140.8,0.31765637302196226,0.32141650019856804
0.001,node,0.18054031086479327,141.0,0.3169385256382997,0.32069514253274534
0.001,node,0.18054031086479327,141.20000000000002,0.31622221177753,0.319975306771747
0.001,node,0.18054031086479327,141.4,0.31550742883928395,0.3192569904042486
0.001,node,0.18054031086479327,141.6,0.3147941742221525,0.3185401909189256
0.001,node,0.18054031086479327,141.8,0.3140824453237481,0.3178249058011229
0.001,node,0.18054031086479327,142.0,0.31337223954075705,0.31711113253507506
0.001,node,0.18054031086479327,142.20000000000002,0.3126635542689897,0.316398868606127
0.001,node,0.18054031086479327,142.4,0.31195638690343924,0.31568811149629283
0.001,node,0.18054031086479327,142.6,0.31125073483833277,0.31497885868647657
0.001,node,0.18054031086479327,142.8,0.31054659546718144,0.31427110765758215
0.001,node,0.18054031086479327,143.0,0.309843966182833,0.3135648558905135
0.001,node,0.18054031086479327,143.20000000000002,0.30914284437752737,0.31286010086173377
0.001,node,0.18054031086479327,143.4,0.30844322744294284,0.3121568400510366
0.001,node,0.18054031086479327,143.6,0.30774511277024497,0.3114550709337749
0.001,node,0.18054031086479327,143.8,0.30704849775014204,0.3107547909864117
0.001,node,0.18054031086479327,144.0,0.30635337977293153,0.31005599768541003
0.001,node,0.18054031086479327,144.20000000000002,0.3056597562285496,0.3093586885061228
0.001,node,0.18054031086479327,144.4,0.30496762450661685,0.30866286092057216
0.001,node,0.18054031086479327,144.6,0.3042769819964909,0.30796851240522116
0.001,node,0.18054031086479327,144.8,0.3035878260873094,0.30727564043098177
0.001,node,0.18054031086479327,145.0,0.3029001541680423,0.3065842424720966
0.001,node,0.18054031086479327,145.20000000000002,0.3022139636275326,0.3058943159994776
0.001,node,0.18054031086479327,145.4,0.30152925185454627,0.30520585848625714
0.001,node,0.18054031086479327,145.6,0.3008460162378196,0.304518867402237
0.001,node,0.18054031086479327,145.8,0.3001642541660974,0.30383334022054953
0.001,node,0.18054031086479327,146.0,0.29948396302818586,0.3031492744109965
0.001,node,0.18054031086479327,146.20000000000002,0.2988051402129923,0.3024666674456
0.001,node,0.18054031086479327,146.4,0.29812778310956917,0.3017855167941619
0.001,node,0.18054031086479327,146.6,0.29745188910716125,0.3011058199264838
0.001,node,0.18054031086479327,146.8,0.2967774555952448,0.3004275743145879
0.001,node,0.18054031086479327,147.0,0.29610447996357186,0.29975077742938616
0.001,node,0.18054031086479327,147.20000000000002,0.2954329596022104,0.2990754267395701
0.001,node,0.18054031086479327,147.4,0.2947628919015926,0.29840151971605167
0.001,node,0.18054031086479327,147.6,0.2940942742525459,0.2977290538297428
0.001,node,0.18054031086479327,147.8,0.293427104046345,0.29705802655155544
0.001,node,0.18054031086479327,148.0,0.29276137867474394,0.29638843535240156
0.001,node,0.18054031086479327,148.20000000000002,0.2920970955300224,0.2957202777031931
0.001,node,0.18054031086479327,148.4,0.2914342520050192,0.2950535510759522
0.001,node,0.18054031086479327,148.6,0.2907728454931785,0.2943882529415909
0.001,node,0.18054031086479327,148.8,0.29011287338858427,0.2937243807732415
0.001,node,0.18054031086479327,149.0,0.28945433308600094,0.29306193204181596
0.001,node,0.18054031086479327,149.20000000000002,0.28879722198091007,0.2924009042226672
0.001,node,0.18054031086479327,149.4,0.2881415374695491,0.2917412947867071
0.001,node,0.18054031086479327,149.6,0.28748727694894916,0.2910831012092885
0.001,node,0.18054031086479327,149.8,0.2868344378169723,0.29042632096576426
0.001,node,0.18054031086479327,150.0,0.2861830174723474,0.2897709515281566
0.001,node,0.18054031086479327,150.20000000000002,0.28553301331470526,0.2891169903729285
0.001,node,0.18054031086479327,150.4,0.2848844227446177,0.2884644349776533
0.001,node,0.18054031086479327,150.6,0.28423724316363214,0.28781328281879404
0.001,node,0.18054031086479327,150.8,0.2835914719743052,0.28716353137392403
0.001,node,0.18054031086479327,151.0,0.2829471065802378,0.28651517811950633
0.001,node,0.18054031086479327,151.20000000000002,0.2823041443861135,0.2858682205375551
0.001,node,0.18054031086479327,151.4,0.2816625827977257,0.2852226561056437
0.001,node,0.18054031086479327,151.6,0.281022419222019,0.2845784823057862
0.001,node,0.18054031086479327,151.8,0.2803836510671179,0.28393569661999685
0.001,node,0.18054031086479327,152.0,0.27974627574236005,0.2832942965302898
0.001,node,0.18054031086479327,152.20000000000002,0.2791102906583316,0.2826542795208997
0.001,node,0.18054031086479327,152.4,0.27847569322689736,0.282015643074951
0.001,node,0.18054031086479327,152.6,0.2778424808612348,0.28137838467889864
0.001,node,0.18054031086479327,152.8,0.2772106509758633,0.280742501820308
0.001,node,0.18054031086479327,153.0,0.2765802009866777,0.28010799198452396
0.001,node,0.18054031086479327,153.20000000000002,0.27595112831097934,0.27947485266244243
0.001,node,0.18054031086479327,153.4,0.2753234303675056,0.27884308134384916
0.001,node,0.18054031086479327,153.60000000000002,0.2746971045764599,0.27821267551964013
0.001,node,0.18054031086479327,153.8,0.27407214835954535,0.2775836326807113
0.001,node,0.18054031086479327,154.0,0.27344855913998994,0.2769559503212893
0.001,node,0.18054031086479327,154.20000000000002,0.272826334342579,0.2763296259378212
0.001,node,0.18054031086479327,154.4,0.2722054713936839,0.2757046570245336
0.001,node,0.18054031086479327,154.60000000000002,0.2715859677212899,0.27508104108120435
0.001,node,0.18054031086479327,154.8,0.27096782075502607,0.27445877560428045
0.001,node,0.18054031086479327,155.0,0.27035102792619214,0.2738378580946499
0.001,node,0.18054031086479327,155.20000000000002,0.26973558666778796,0.2732182860554211
0.001,node,0.18054031086479327,155.4,0.26912149441454114,0.272600056987482
0.001,node,0.18054031086479327,155.60000000000002,0.26850874860293045,0.27198316839616155
0.001,node,0.18054031086479327,155.8,0.26789734667121956,0.27136761778789875
0.001,node,0.18054031086479327,156.0,0.2672872860594791,0.27075340267024295
0.001,node,0.18054031086479327,156.20000000000002,0.2666785642096129,0.27014052055185367
0.001,node,0.18054031086479327,156.4,0.2660711785653879,0.2695289689436109
0.001,node,0.18054031086479327,156.60000000000002,0.26546512657245575,0.2689187453575048
0.001,node,0.18054031086479327,156.8,0.26486040567838226,0.2683098473088563
0.001,node,0.18054031086479327,157.0,0.26425701333266954,0.2677022723107658
0.001,node,0.18054031086479327,157.20000000000002,0.26365494698678316,0.26709601788188486
0.001,node,0.18054031086479327,157.4,0.263054204094175,0.266491081540865
0.001,node,0.18054031086479327,157.60000000000002,0.26245478211030937,0.26588746080857817
0.001,node,0.18054031086479327,157.8,0.2618566784926876,0.26528515320811685
0.001,node,0.18054031086479327,158.0,0.2612598907008702,0.26468415626257347
0.001,node,0.18054031086479327,158.20000000000002,0.2606644161965017,0.2640844674983711
0.001,node,0.18054031086479327,158.4,0.26007025244333326,0.2634860844419329
0.001,node,0.18054031086479327,158.60000000000002,0.2594773969072472,0.26288900462634324
0.001,node,0.18054031086479327,158.8,0.2588858470562788,0.2622932255802457
0.001,node,0.18054031086479327,159.0,0.2582956003606392,0.26169874483672473
0.001,node,0.18054031086479327,159.20000000000002,0.2577066542927365,0.26110555993441587
0.001,node,0.18054031086479327,159.4,0.2571190063272018,0.2605136684075138
0.001,node,0.18054031086479327,159.60000000000002,0.25653265394090563,0.2599230677979847
0.001,node,0.18054031086479327,159.8,0.25594759461298366,0.25933375564446415
0.001,node,0.18054031086479327,160.0,0.2553638258248571,0.25874572949113883
0.001,node,0.18054031086479327,160.20000000000002,0.2547813450602513,0.25815898688330563
0.001,node,0.18054031086479327,160.4,0.25420014980522193,0.2575735253695921
0.001,node,0.18054031086479327,160.60000000000002,0.25362023754816976,0.2569893424975156
0.001,node,0.18054031086479327,160.8,0.25304160577986423,0.25640643582014455
0.001,node,0.18054031086479327,161.0,0.2524642519934634,0.25582480289054743
0.001,node,0.18054031086479327,161.20000000000002,0.25188817368453426,0.25524444126512336
0.001,node,0.18054031086479327,161.4,0.25131336835107043,0.25466534850027145
0.001,node,0.18054031086479327,161.60000000000002,0.25073983349351214,0.2540875221568317
0.001,node,0.18054031086479327,161.8,0.250167566614768,0.25351095979786464
0.001,node,0.18054031086479327,162.0,0.24959656522023158,0.2529356589875409
0.001,node,0.18054031086479327,162.20000000000002,0.2490268268177986,0.2523616172922516
0.001,node,0.18054031086479327,162.4,0.2484583489178907,0.25178883228171856
0.001,node,0.18054031086479327,162.60000000000002,0.2478911290334675,0.2512173015267738
0.001,node,0.18054031086479327,162.8,0.24732516468004967,0.2506470226004698
0.001,node,0.18054031086479327,163.0,0.24676045337573468,0.2500779930802999
0.001,node,0.18054031086479327,163.20000000000002,0.24619699264121297,0.24951021054264721
0.001,node,0.18054031086479327,163.4,0.2456347799997893,0.24894367256944605
0.001,node,0.18054031086479327,163.60000000000002,0.24507381297739517,0.24837837674374086
0.001,node,0.18054031086479327,163.8,0.24451408910261,0.24781432064968634
0.001,node,0.18054031086479327,164.0,0.2439556059066764,0.24725150187476785
0.001,node,0.18054031086479327,164.20000000000002,0.24339836092351422,0.24668991800980145
0.001,node,0.18054031086479327,164.4,0.2428423516897424,0.24612956664893382
0.001,node,0.18054031086479327,164.60000000000002,0.24228757574468868,0.24557044538409123
0.001,node,0.18054031086479327,164.8,0.24173403063041185,0.2450125518149715
0.001,node,0.18054031086479327,165.0,0.24118171389171236,0.24445588354127246
0.001,node,0.18054031086479327,165.20000000000002,0.2406306230761506,0.24390043816491236
0.001,node,0.18054031086479327,165.4,0.24008075573406243,0.24334621329114015
0.001,node,0.18054031086479327,165.60000000000002,0.23953210941857256,0.2427932065274252
0.001,node,0.18054031086479327,165.8,0.23898468168560963,0.24224141548345735
0.001,node,0.18054031086479327,166.0,0.23843847009392546,0.2416908377733673
0.001,node,0.18054031086479327,166.20000000000002,0.23789347220510107,0.24114147101017558
0.001,node,0.18054031086479327,166.4,0.23734968558356978,0.240593312813564
0.001,node,0.18054031086479327,166.60000000000002,0.23680710779662617,0.24004636080210418
0.001,node,0.18054031086479327,166.8,0.23626573641444185,0.23950061259991884
0.001,node,0.18054031086479327,167.0,0.2357255690100777,0.23895606583335116
0.001,node,0.18054031086479327,167.20000000000002,0.23518660315950213,0.23841271812874432
0.001,node,0.18054031086479327,167.4,0.23464883644159668,0.23787056711910282
0.001,node,0.18054031086479327,167.60000000000002,0.23411226643817726,0.23732961043632095
0.001,node,0.18054031086479327,167.8,0.2335768907340016,0.23678984571784412
0.001,node,0.18054031086479327,168.0,0.23304270691678736,0.23625127060333817
0.001,node,0.18054031086479327,168.20000000000002,0.23250971257721736,0.23571388273246896
0.001,node,0.18054031086479327,168.4,0.2319779053089608,0.2351776797526739
0.001,node,0.18054031086479327,168.60000000000002,0.23144728270867915,0.23464265930805972
0.001,node,0.18054031086479327,168.8,0.23091784237604163,0.23410881905161496
0.001,node,0.18054031086479327,169.0,0.23038958191373538,0.2335761566341077
0.001,node,0.18054031086479327,169.20000000000002,0.2298624989274798,0.2330446697107469
0.001,node,0.18054031086479327,169.4,0.229336591026035,0.23251435594118242
0.001,node,0.18054031086479327,169.60000000000002,0.22881185582121696,0.23198521298617436
0.001,node,0.18054031086479327,169.8,0.2282882909279057,0.23145723850981348
0.001,node,0.18054031086479327,170.0,0.22776589396405783,0.23093043017841097
0.001,node,0.18054031086479327,170.20000000000002,0.22724466255071843,0.23040478566271894
0.001,node,0.18054031086479327,170.4,0.22672459431203007,0.22988030263348946
0.001,node,0.18054031086479327,170.60000000000002,0.2262056868752452,0.229356978768136
0.001,node,0.18054031086479327,170.8,0.22568793787073677,0.22883481174407194
0.001,node,0.18054031086479327,171.0,0.22517134493200747,0.2283137992409312
0.001,node,0.18054031086479327,171.20000000000002,0.22465590569569877,0.227793938945009
0.001,node,0.18054031086479327,171.4,0.22414161780160605,0.2272752285414903
0.001,node,0.18054031086479327,171.60000000000002,0.22362847889268211,0.22675766572222145
0.001,node,0.18054031086479327,171.8,0.22311648661505287,0.22624124817793856
0.001,node,0.18054031086479327,172.0,0.2226056386180221,0.22572597360603908
0.001,node,0.18054031086479327,172.20000000000002,0.22209593255408439,0.22521183970503067
0.001,node,0.18054031086479327,172.4,0.2215873660789329,0.22469884417564145
0.001,node,0.18054031086479327,172.60000000000002,0.22107993685146807,0.22418698472304044
0.001,node,0.18054031086479327,172.8,0.22057364253380934,0.22367625905461708
0.001,node,0.18054031086479327,173.0,0.22006848079130056,0.2231666648810915
0.001,node,0.18054031086479327,173.20000000000002,0.2195644492925216,0.22265819991651448
0.001,node,0.18054031086479327,173.4,0.21906154570929515,0.2221508618782675
0.001,node,0.18054031086479327,173.60000000000002,0.21855976771669638,0.22164464848262178
0.001,node,0.18054031086479327,173.8,0.21805911299306022,0.22113955745584057
0.001,node,0.18054031086479327,174.0,0.21755957921999008,0.2206355865219667
0.001,node,0.18054031086479327,174.20000000000002,0.21706116408236825,0.22013273341059403
0.001,node,0.18054031086479327,174.4,0.2165638652683582,0.21963099585353696
0.001,node,0.18054031086479327,174.60000000000002,0.21606768046941904,0.21913037158372006
0.001,node,0.18054031086479327,174.8,0.2155726073803078,0.21863085834072926
0.001,node,0.18054031086479327,175.0,0.2150786436990898,0.2181324538652607
0.001,node,0.18054031086479327,175.20000000000002,0.21458578712714677,0.21763515590245142
0.001,node,0.18054031086479327,175.4,0.21409403536918156,0.21713896219743845
0.001,node,0.18054031086479327,175.60000000000002,0.213603386133226,0.2166438705031304
0.001,node,0.18054031086479327,175.8,0.21311383713065055,0.21614987857132562
0.001,node,0.18054031086479327,176.0,0.2126253860761667,0.2156569841582634
0.001,node,0.18054031086479327,176.20000000000002,0.21213803068783849,0.21516518502351367
0.001,node,0.18054031086479327,176.4,0.211651768687086,0.21467447893108726
0.001,node,0.18054031086479327,176.60000000000002,0.21116659779869323,0.21418486364610523
0.001,node,0.18054031086479327,176.8,0.2106825157508123,0.2136963369381295
0.001,node,0.18054031086479327,177.0,0.21019952027497482,0.2132088965789425
0.001,node,0.18054031086479327,177.20000000000002,0.2097176091060921,0.21272254034476745
0.001,node,0.18054031086479327,177.4,0.20923677998246482,0.2122372660129379
0.001,node,0.18054031086479327,177.60000000000002,0.20875703064578863,0.2117530713674487
0.001,node,0.18054031086479327,177.8,0.2082783588411583,0.21126995419007422
0.001,node,0.18054031086479327,178.0,0.20780076231707578,0.21078791227147065
0.001,node,0.18054031086479327,178.20000000000002,0.20732423882545353,0.21030694340118394
0.001,node,0.18054031086479327,178.4,0.20684878612162116,0.2098270453754214
0.001,node,0.18054031086479327,178.60000000000002,0.20637440196433196,0.20934821599039033
0.001,node,0.18054031086479327,178.8,0.20590108411576497,0.20887045304784913
0.001,node,0.18054031086479327,179.0,0.20542883034153397,0.20839375435177665
0.001,node,0.18054031086479327,179.20000000000002,0.20495763841068904,0.20791811771059265
0.001,node,0.18054031086479327,179.4,0.20448750609572325,0.20744354093271689
0.001,node,0.18054031086479327,179.60000000000002,0.20401843117257878,0.20697002183434066
0.001,node,0.18054031086479327,179.8,0.20355041142064886,0.20649755823054505
0.001,node,0.18054031086479327,180.0,0.20308344462278388,0.2060261479430725
0.001,node,0.18054031086479327,180.20000000000002,0.20261752856529458,0.20555578879477565
0.001,node,0.18054031086479327,180.4,0.2021526610379604,0.20508647861294804
0.001,node,0.18054031086479327,180.60000000000002,0.20168883983402797,0.20461821522821388
0.001,node,0.18054031086479327,180.8,0.2012260627502209,0.2041509964723076
0.001,node,0.18054031086479327,181.0,0.20076432758673862,0.203684820183625
0.001,node,0.18054031086479327,181.20000000000002,0.20030363214726532,0.2032196842005618
0.001,node,0.18054031086479327,181.4,0.19984397423896966,0.20275558636817514
0.001,node,0.18054031086479327,181.60000000000002,0.1993853516725124,0.2022925245304119
0.001,node,0.18054031086479327,181.8,0.1989277622620472,0.20183049653899054
0.001,node,0.18054031086479327,182.0,0.19847120382522507,0.2013695002456295
0.001,node,0.18054031086479327,182.20000000000002,0.1980156741831977,0.20090953350870855
0.001,node,0.18054031086479327,182.4,0.19756117116062336,0.20045059418549727
0.001,node,0.18054031086479327,182.60000000000002,0.19710769258566452,0.199992680142147
0.001,node,0.18054031086479327,182.8,0.196655236289998,0.1995357892414784
0.001,node,0.18054031086479327,183.0,0.19620380010881153,0.19907991935519398
0.001,node,0.18054031086479327,183.20000000000002,0.1957533818808141,0.19862506835499616
0.001,node,0.18054031086479327,183.4,0.19530397944823255,0.19817123411813853
0.001,node,0.18054031086479327,183.60000000000002,0.1948555906568154,0.1977184145240951
0.001,node,0.18054031086479327,183.8,0.194408213355839,0.1972666074556706
0.001,node,0.18054031086479327,184.0,0.1939618453981066,0.19681581079900035
0.001,node,0.18054031086479327,184.20000000000002,0.19351648463995552,0.19636602244466062
0.001,node,0.18054031086479327,184.4,0.19307212894125422,0.19591724028322766
0.001,node,0.18054031086479327,184.60000000000002,0.19262877616540638,0.19546946221304928
0.001,node,0.18054031086479327,184.8,0.19218642417935694,0.1950226861324733
0.001,node,0.18054031086479327,185.0,0.19174507085359074,0.19457690994428845
0.001,node,0.18054031086479327,185.20000000000002,0.19130471406213193,0.19413213155572429
0.001,node,0.18054031086479327,185.4,0.19086535168255628,0.19368834887623088
0.001,node,0.18054031086479327,185.60000000000002,0.19042698159598,0.19324555981858893
0.001,node,0.18054031086479327,185.8,0.1899896016870715,0.19280376230002005
0.001,node,0.18054031086479327,186.0,0.1895532098440517,0.19236295423885608
0.001,node,0.18054031086479327,186.20000000000002,0.18911780395868946,0.19192313355786972
0.001,node,0.18054031086479327,186.4,0.18868338192631112,0.19148429818538482
0.001,node,0.18054031086479327,186.60000000000002,0.18824994164579817,0.19104644605083543
0.001,node,0.18054031086479327,186.8,0.18781748101959206,0.19060957508587606
0.001,node,0.18054031086479327,187.0,0.187385997953686,0.19017368322882255
0.001,node,0.18054031086479327,187.20000000000002,0.186955490357643,0.18973876841799076
0.001,node,0.18054031086479327,187.4,0.18652595614458073,0.18930482859724762
0.001,node,0.18054031086479327,187.60000000000002,0.1860973932311822,0.188871861714901
0.001,node,0.18054031086479327,187.8,0.1856697995376939,0.18843986571814852
0.001,node,0.18054031086479327,188.0,0.1852431729879284,0.18800883856195938
0.001,node,0.18054031086479327,188.20000000000002,0.1848175115092642,0.1875787782035232
0.001,node,0.18054031086479327,188.4,0.18439281303264698,0.18714968260225007
0.001,node,0.18054031086479327,188.60000000000002,0.18396907549259,0.18672154972310118
0.001,node,0.18054031086479327,188.8,0.18354629682717544,0.18629437753103772
0.001,node,0.18054031086479327,189.0,0.18312447497805442,0.18586816399879247
0.001,node,0.18054031086479327,189.20000000000002,0.1827036078904503,0.18544290709687772
0.001,node,0.18054031086479327,189.4,0.18228369351315615,0.1850186048057978
0.001,node,0.18054031086479327,189.60000000000002,0.18186472979853693,0.18459525510383656
0.001,node,0.18054031086479327,189.8,0.18144671470252705,0.18417285597704947
0.001,node,0.18054031086479327,190.0,0.18102964618463713,0.18375140541149193
0.001,node,0.18054031086479327,190.20000000000002,0.18061352220794805,0.18333090139766028
0.001,node,0.18054031086479327,190.4,0.18019834073911495,0.18291134193049174
0.001,node,0.18054031086479327,190.60000000000002,0.17978409974836465,0.18249272500714397
0.001,node,0.18054031086479327,190.8,0.17937079720949833,0.1820750486281053
0.001,node,0.18054031086479327,191.0,0.17895843109989112,0.18165831079830497
0.001,node,0.18054031086479327,191.20000000000002,0.17854699940048813,0.18124250952489263
0.001,node,0.18054031086479327,191.4,0.17813650009581306,0.18082764282056907
0.001,node,0.18054031086479327,191.60000000000002,0.17772693117395919,0.18041370869692486
0.001,node,0.18054031086479327,191.8,0.17731829062659485,0.18000070517554256
0.001,node,0.18054031086479327,192.0,0.1769105764489607,0.1795886302757843
0.001,node,0.18054031086479327,192.20000000000002,0.17650378663986918,0.17917748202256334
0.001,node,0.18054031086479327,192.4,0.17609791920170437,0.17876725844301333
0.001,node,0.18054031086479327,192.60000000000002,0.17569297214042545,0.17835795757092932
0.001,node,0.18054031086479327,192.8,0.1752889434655626,0.1779495774401063
0.001,node,0.18054031086479327,193.0,0.17488583119021256,0.17754211608767
0.001,node,0.18054031086479327,193.20000000000002,0.17448363333104705,0.17713557155740745
0.001,node,0.18054031086479327,193.4,0.17408234790830615,0.17672994189421587
0.001,node,0.18054031086479327,193.60000000000002,0.1736819729457984,0.17632522514521298
0.001,node,0.18054031086479327,193.8,0.17328250647090135,0.17592141936417782
0.001,node,0.18054031086479327,194.0,0.17288394651456063,0.17551852260488943
0.001,node,0.18054031086479327,194.20000000000002,0.17248629111128733,0.17511653292778817
0.001,node,0.18054031086479327,194.4,0.1720895382991583,0.17471544839331443
0.001,node,0.18054031086479327,194.60000000000002,0.17169368611981736,0.17431526706856992
0.001,node,0.18054031086479327,194.8,0.17129873261847114,0.17391598702176658
0.001,node,0.18054031086479327,195.0,0.17090467584388733,0.17351760632666746
0.001,node,0.18054031086479327,195.20000000000002,0.1705115138483986,0.1731201230559254
0.001,node,0.18054031086479327,195.4,0.1701192446878954,0.1727235352921852
0.001,node,0.18054031086479327,195.60000000000002,0.16972786642182974,0.17232784111698152
0.001,node,0.18054031086479327,195.8,0.16933737711320937,0.1719330386151796
0.001,node,0.18054031086479327,196.0,0.16894777482860157,0.17153912587719589
0.001,node,0.18054031086479327,196.20000000000002,0.16855905763812767,0.1711461009967774
0.001,node,0.18054031086479327,196.4,0.16817122361546183,0.17075396206767124
0.001,node,0.18054031086479327,196.60000000000002,0.1677842708378352,0.17036270719250624
0.001,node,0.18054031086479327,196.8,0.1673981973860256,0.1699723344716908
0.001,node,0.18054031086479327,197.0,0.16701300134436176,0.16958284201229468
0.001,node,0.18054031086479327,197.20000000000002,0.16662868080072166,0.16919422792471828
0.001,node,0.18054031086479327,197.4,0.16624523384652798,0.16880649032269268
0.001,node,0.18054031086479327,197.60000000000002,0.16586265857675125,0.1684196273210592
0.001,node,0.18054031086479327,197.8,0.16548095308989985,0.16803363704132046
0.001,node,0.18054031086479327,198.0,0.16510011548802928,0.16764851760608934
0.001,node,0.18054031086479327,198.20000000000002,0.16472014387672923,0.1672642671424196
0.001,node,0.18054031086479327,198.4,0.16434103636513156,0.16688088377958543
0.001,node,0.18054031086479327,198.60000000000002,0.16396279106590028,0.16649836565241216
0.001,node,0.18054031086479327,198.8,0.1635854060952354,0.16611671089794555
0.001,node,0.18054031086479327,199.0,0.1632088795728671,0.1657359176543416
0.001,node,0.18054031086479327,199.20000000000002,0.1628332096220573,0.16535598406752783
0.001,node,0.18054031086479327,199.4,0.1624583943695937,0.1649769082834318
0.001,node,0.18054031086479327,199.60000000000002,0.16208443194579086,0.1645986884535322
0.001,node,0.18054031086479327,199.8,0.16171132048448655,0.1642213227304179
0.001,node,0.18054031086479327,200.0,0.16133905812303884,0.16384480927111866
0.001,node,0.18054031086479327,200.20000000000002,0.16096764300232744,0.1634691462382154
0.001,node,0.18054031086479327,200.4,0.16059707326674508,0.16309433179317878
0.001,node,0.18054031086479327,200.60000000000002,0.16022734706420202,0.16272036410525104
0.001,node,0.18054031086479327,200.8,0.15985846254612185,0.1623472413436744
0.001,node,0.18054031086479327,201.0,0.15949041786743234,0.16197496168435244
0.001,node,0.18054031086479327,201.20000000000002,0.1591232111865738,0.16160352330318872
0.001,node,0.18054031086479327,201.4,0.15875684066549145,0.16123292438052772
0.001,node,0.18054031086479327,201.60000000000002,0.15839130446962865,0.160863163102265
0.001,node,0.18054031086479327,201.8,0.15802660076793376,0.16049423765429616
0.001,node,0.18054031086479327,202.0,0.1576627277328498,0.1601261462291781
0.001,node,0.18054031086479327,202.20000000000002,0.1572996835403138,0.15975888701946772
0.001,node,0.18054031086479327,202.4,0.15693746636975808,0.15939245822327308
0.001,node,0.18054031086479327,202.60000000000002,0.15657607440410146,0.15902685804092265
0.001,node,0.18054031086479327,202.8,0.1562155058297509,0.158662084678296
0.001,node,0.18054031086479327,203.0,0.1558557588365974,0.158298136342383
0.001,node,0.18054031086479327,203.20000000000002,0.15549683161801253,0.15793501124350406
0.001,node,0.18054031086479327,203.4,0.15513872237084908,0.1575727075964206
0.001,node,0.18054031086479327,203.60000000000002,0.15478142929543123,0.15721122361922468
0.001,node,0.18054031086479327,203.8,0.15442495059555847,0.15685055753222876
0.001,node,0.18054031086479327,204.0,0.15406928447850154,0.15649070756018624
0.001,node,0.18054031086479327,204.20000000000002,0.1537144291549948,0.15613167193118116
0.001,node,0.18054031086479327,204.4,0.15336038283924033,0.1557734488744078
0.001,node,0.18054031086479327,204.60000000000002,0.15300714374889834,0.155416036626832
0.001,node,0.18054031086479327,204.8,0.15265471010508708,0.15505943342319917
0.001,node,0.18054031086479327,205.0,0.15230308013238358,0.15470363750713645
0.001,node,0.18054031086479327,205.20000000000002,0.15195225205881235,0.1543486471211608
0.001,node,0.18054031086479327,205.4,0.15160222411585006,0.15399446051334031
0.001,node,0.18054031086479327,205.60000000000002,0.1512529945384159,0.15364107593618392
0.001,node,0.18054031086479327,205.8,0.15090456156487433,0.1532884916422006
0.001,node,0.18054031086479327,206.0,0.15055692343702798,0.15293670588834019
0.001,node,0.18054031086479327,206.20000000000002,0.1502100784001165,0.15258571693710365
0.001,node,0.18054031086479327,206.4,0.14986402470280935,0.1522355230521022
0.001,node,0.18054031086479327,206.60000000000002,0.14951876059721064,0.1518861225013879
0.001,node,0.18054031086479327,206.8,0.14917428433884639,0.15153751355412304
0.001,node,0.18054031086479327,207.0,0.14883059418666617,0.1511896944861313
0.001,node,0.18054031086479327,207.20000000000002,0.14848768840304213,0.1508426635743465
0.001,node,0.18054031086479327,207.4,0.148145565253761,0.15049641909903322
0.001,node,0.18054031086479327,207.60000000000002,0.14780422300802026,0.15015095934489686
0.001,node,0.18054031086479327,207.8,0.14746365993842941,0.1498062825988633
0.001,node,0.18054031086479327,208.0,0.14712387432100263,0.14946238715007887
0.001,node,0.18054031086479327,208.20000000000002,0.1467848644351575,0.14911927129546143
0.001,node,0.18054031086479327,208.4,0.14644662856370924,0.14877693332970843
0.001,node,0.18054031086479327,208.60000000000002,0.14610916499286852,0.1484353715530684
0.001,node,0.18054031086479327,208.8,0.14577247201224086,0.1480945842702308
0.001,node,0.18054031086479327,209.0,0.1454365479148142,0.14775456978810553
0.001,node,0.18054031086479327,209.20000000000002,0.14510139099696864,0.1474153264158229
0.001,node,0.18054031086479327,209.4,0.14476699955845715,0.14707685246806435
0.001,node,0.18054031086479327,209.60000000000002,0.14443337190241673,0.14673914626062157
0.001,node,0.18054031086479327,209.8,0.14410050633535448,0.14640220611372712
0.001,node,0.18054031086479327,210.0,0.14376840116714834,0.14606603035094423
0.001,node,0.18054031086479327,210.20000000000002,0.14343705471104423,0.1457306172980566
0.001,node,0.18054031086479327,210.4,0.14310646528364626,0.14539596528528875
0.001,node,0.18054031086479327,210.60000000000002,0.14277663120492293,0.14506207264619597
0.001,node,0.18054031086479327,210.8,0.14244755079819343,0.14472893771655393
0.001,node,0.18054031086479327,211.0,0.14211922239012942,0.14439655883435876
0.001,node,0.18054031086479327,211.20000000000002,0.14179164431075197,0.14406493434537815
0.001,node,0.18054031086479327,211.4,0.141464814893422,0.14373406259204913
0.001,node,0.18054031086479327,211.60000000000002,0.14113873247484196,0.14340394192680073
0.001,node,0.18054031086479327,211.8,0.14081339539505208,0.1430745706987313
0.001,node,0.18054031086479327,212.0,0.1404888019974211,0.1427459472647108
0.001,node,0.18054031086479327,212.20000000000002,0.14016495062864645,0.14241806998493978
0.001,node,0.18054031086479327,212.4,0.13984183963875188,0.14209093721961885
0.001,node,0.18054031086479327,212.60000000000002,0.13951946738107812,0.14176454733449972
0.001,node,0.18054031086479327,212.8,0.139197832212284,0.14143889869866477
0.001,node,0.18054031086479327,213.0,0.13887693249234034,0.14111398968341682
0.001,node,0.18054031086479327,213.20000000000002,0.13855676658452423,0.14078981866338935
0.001,node,0.18054031086479327,213.4,0.13823733285541973,0.14046638401654654
0.001,node,0.18054031086479327,213.60000000000002,0.13791862967490792,0.140143684123073
0.001,node,0.18054031086479327,213.8,0.13760065541616742,0.13982171736981464
0.001,node,0.18054031086479327,214.0,0.13728340845566867,0.13950048214361743
0.001,node,0.18054031086479327,214.20000000000002,0.1369668871731684,0.13917997683354777
0.001,node,0.18054031086479327,214.4,0.1366510899517098,0.13886019983533338
0.001,node,0.18054031086479327,214.60000000000002,0.13633601517761165,0.13854114954359176
0.001,node,0.18054031086479327,214.8,0.13602166124047207,0.1382228243618222
0.001,node,0.18054031086479327,215.0,0.1357080265331573,0.1379052226924138
0.001,node,0.18054031086479327,215.20000000000002,0.13539510945180092,0.13758834294108624
0.001,node,0.18054031086479327,215.4,0.1350829083958016,0.1372721835180002
0.001,node,0.18054031086479327,215.60000000000002,0.134771421767815,0.13695674283664694
0.001,node,0.18054031086479327,215.8,0.13446064797374913,0.13664201931384845
0.001,node,0.18054031086479327,216.0,0.13415058542276506,0.1363280113664267
0.001,node,0.18054031086479327,216.20000000000002,0.13384123252726918,0.1360147174189752
0.001,node,0.18054031086479327,216.4,0.1335325877029076,0.13570213589608748
0.001,node,0.18054031086479327,216.60000000000002,0.13322464936856585,0.13539026522679798
0.001,node,0.18054031086479327,216.8,0.132917415946361,0.13507910384236155
0.001,node,0.18054031086479327,217.0,0.13261088586163863,0.13476865017847395
0.001,node,0.18054031086479327,217.20000000000002,0.13230505754297012,0.13445890267305138
0.001,node,0.18054031086479327,217.4,0.13199992942214495,0.1341498597662305
0.001,node,0.18054031086479327,217.60000000000002,0.1316954999341703,0.13384151990369908
0.001,node,0.18054031086479327,217.8,0.13139176751726256,0.1335338815322551
0.001,node,0.18054031086479327,218.0,0.13108873061284554,0.1332269431020272
0.001,node,0.18054031086479327,218.20000000000002,0.13078638766554726,0.13292070306758497
0.001,node,0.18054031086479327,218.4,0.13048473712319097,0.13261515988460815
0.001,node,0.18054031086479327,218.60000000000002,0.13018377743679505,0.1323103120132174
0.001,node,0.18054031086479327,218.8,0.12988350706056764,0.13200615791797432
0.001,node,0.18054031086479327,219.0,0.1295839244518998,0.13170269606344043
0.001,node,0.18054031086479327,219.20000000000002,0.12928502807136624,0.13139992491750796
0.001,node,0.18054031086479327,219.4,0.12898681638271267,0.13109784295473048
0.001,node,0.18054031086479327,219.60000000000002,0.12868928785286016,0.13079644864966156
0.001,node,0.18054031086479327,219.8,0.12839244095189573,0.1304957404790752
0.001,node,0.18054031086479327,220.0,0.12809627415306846,0.13019571692640675
0.001,node,0.18054031086479327,220.20000000000002,0.1278007859327845,0.12989637647509156
0.001,node,0.18054031086479327,220.4,0.1275059747706033,0.12959771761189565
0.001,node,0.18054031086479327,220.60000000000002,0.12721183914923678,0.12929973882913615
0.001,node,0.18054031086479327,220.8,0.12691837755453547,0.1290024386202404
0.001,node,0.18054031086479327,221.0,0.12662558847549377,0.12870581548085624
0.001,node,0.18054031086479327,221.20000000000002,0.12633347040424026,0.12840986791218256
0.001,node,0.18054031086479327,221.4,0.12604202183603205,0.1281145944165285
0.001,node,0.18054031086479327,221.60000000000002,0.12575124126925732,0.12781999349842366
0.001,node,0.18054031086479327,221.8,0.12546112720541933,0.12752606366794872
0.001,node,0.18054031086479327,222.0,0.12517167814914273,0.12723280343740484
0.001,node,0.18054031086479327,222.20000000000002,0.12488289260816268,0.1269402113202034
0.001,node,0.18054031086479327,222.4,0.12459476909332286,0.12664828583419663
0.001,node,0.18054031086479327,222.60000000000002,0.12430730611856908,0.12635702550278793
0.001,node,0.18054031086479327,222.8,0.12402050220094508,0.12606642884827046
0.001,node,0.18054031086479327,223.0,0.12373435586059048,0.12577649439848848
0.001,node,0.18054031086479327,223.20000000000002,0.12344886562073137,0.12548722068128626
0.001,node,0.18054031086479327,223.4,0.12316403000767977,0.12519860623227963
0.001,node,0.18054031086479327,223.60000000000002,0.12287984755082827,0.1249106495859742
0.001,node,0.18054031086479327,223.8,0.12259631678264186,0.12462334928131646
0.001,node,0.18054031086479327,224.0,0.12231343623865842,0.1243367038605836
0.001,node,0.18054031086479327,224.20000000000002,0.12203120445748139,0.12405071186938343
0.001,node,0.18054031086479327,224.4,0.12174961998077344,0.12376537185443404
0.001,node,0.18054031086479327,224.60000000000002,0.12146868135325509,0.12348068236689436
0.001,node,0.18054031086479327,224.8,0.12118838712269873,0.12319664196125402
0.001,node,0.18054031086479327,225.0,0.12090873583992266,0.12291324919311286
0.001,node,0.18054031086479327,225.20000000000002,0.12062972605878777,0.12263050262362185
0.001,node,0.18054031086479327,225.4,0.12035135633619165,0.12234840081504217
0.001,node,0.18054031086479327,225.60000000000002,0.12007362523206785,0.12206694233296567
0.001,node,0.18054031086479327,225.8,0.11979653130937275,0.12178612574631487
0.001,node,0.18054031086479327,226.0,0.1195200731340904,0.12150594962623273
0.001,node,0.18054031086479327,226.20000000000002,0.11924424927522223,0.12122641254830313
0.001,node,0.18054031086479327,226.4,0.11896905830478145,0.12094751308922014
0.001,node,0.18054031086479327,226.60000000000002,0.11869449879779272,0.1206692498290085
0.001,node,0.18054031086479327,226.8,0.11842056933228348,0.12039162135213388
0.001,node,0.18054031086479327,227.0,0.11814726848928131,0.1201146262430619
0.001,node,0.18054031086479327,227.20000000000002,0.11787459485280866,0.11983826309291956
0.001,node,0.18054031086479327,227.4,0.11760254700987635,0.1195625304917236
0.001,node,0.18054031086479327,227.60000000000002,0.11733112355048284,0.11928742703726236
0.001,node,0.18054031086479327,227.8,0.11706032306760526,0.1190129513251037
0.001,node,0.18054031086479327,228.0,0.11679014415719481,0.11873910195636661
0.001,node,0.18054031086479327,228.20000000000002,0.11652058541817696,0.11846587753550075
0.001,node,0.18054031086479327,228.4,0.11625164545244036,0.11819327666917623
0.001,node,0.18054031086479327,228.60000000000002,0.11598332286483629,0.11792129796517337
0.001,node,0.18054031086479327,228.8,0.11571561626317166,0.11764994003904405
0.001,node,0.18054031086479327,229.0,0.11544852425820401,0.11737920150300951
0.001,node,0.18054031086479327,229.20000000000002,0.11518204546363908,0.11710908097706252
0.001,node,0.18054031086479327,229.4,0.11491617849612266,0.11683957708119586
0.001,node,0.18054031086479327,229.60000000000002,0.11465092197524045,0.1165706884398432
0.001,node,0.18054031086479327,229.8,0.11438627452350685,0.11630241367854843
0.001,node,0.18054031086479327,230.0,0.11412223476636502,0.11603475142840658
0.001,node,0.18054031086479327,230.20000000000002,0.11385880133218175,0.11576770032051265
0.001,node,0.18054031086479327,230.4,0.1135959728522396,0.11550125899151276
0.001,node,0.18054031086479327,230.60000000000002,0.11333374796073542,0.11523542607805304
0.001,node,0.18054031086479327,230.8,0.11307212529477359,0.11497020022233073
0.001,node,0.18054031086479327,231.0,0.11281110349436015,0.1147055800676533
0.001,node,0.18054031086479327,231.20000000000002,0.11255068120240144,0.11444156425954866
0.001,node,0.18054031086479327,231.4,0.11229085706469644,0.11417815144909582
0.001,node,0.18054031086479327,231.60000000000002,0.11203162972993165,0.11391534028737382
0.001,node,0.18054031086479327,231.8,0.11177299784967855,0.1136531294310128
0.001,node,0.18054031086479327,232.0,0.11151496007838757,0.1133915175366429
0.001,node,0.18054031086479327,232.20000000000002,0.11125751507338158,0.11313050326533514
0.001,node,0.18054031086479327,232.4,0.1110006614948538,0.112870085280381
0.001,node,0.18054031086479327,232.60000000000002,0.11074439800586067,0.11261026224729243
0.001,node,0.18054031086479327,232.8,0.11048872327231958,0.11235103283713244
0.001,node,0.18054031086479327,233.0,0.11023363596299925,0.11209239571985385
0.001,node,0.18054031086479327,233.20000000000002,0.10997913474952203,0.11183434957207083
0.001,node,0.18054031086479327,233.4,0.10972521830635208,0.11157689306817709
0.001,node,0.18054031086479327,233.60000000000002,0.10947188531079434,0.1113200248914481
0.001,node,0.18054031086479327,233.8,0.10921913444298767,0.11106374372404915
0.001,node,0.18054031086479327,234.0,0.10896696438590223,0.11080804825036594
0.001,node,0.18054031086479327,234.20000000000002,0.10871537382533351,0.11055293716144554
0.001,node,0.18054031086479327,234.4,0.10846436144989613,0.11029840914611455
0.001,node,0.18054031086479327,234.60000000000002,0.10821392595102022,0.1100444628987507
0.001,node,0.18054031086479327,234.8,0.10796406602294802,0.10979109711706236
0.001,node,0.18054031086479327,235.0,0.10771478036272536,0.1095383105009784
0.001,node,0.18054031086479327,235.20000000000002,0.10746606767019926,0.10928610175153786
0.001,node,0.18054031086479327,235.4,0.10721792664801355,0.1090344695742207
0.001,node,0.18054031086479327,235.60000000000002,0.10697035600160247,0.10878341267672731
0.001,node,0.18054031086479327,235.8,0.10672335443918655,0.10853292976897855
0.001,node,0.18054031086479327,236.0,0.10647692067176566,0.10828301956533615
0.001,node,0.18054031086479327,236.20000000000002,0.10623105341311931,0.10803368078127207
0.001,node,0.18054031086479327,236.4,0.10598575137979532,0.10778491213447872
0.001,node,0.18054031086479327,236.60000000000002,0.1057410132911098,0.10753671234708939
0.001,node,0.18054031086479327,236.8,0.10549683786914002,0.10728908014234761
0.001,node,0.18054031086479327,237.0,0.10525322383871982,0.1070420142479378
0.001,node,0.18054031086479327,237.20000000000002,0.105010169927435,0.10679551339265458
0.001,node,0.18054031086479327,237.4,0.10476767486561758,0.10654957630862327
0.001,node,0.18054031086479327,237.60000000000002,0.10452573738634341,0.10630420173129984
0.001,node,0.18054031086479327,237.8,0.10428435622542435,0.10605938839725049
0.001,node,0.18054031086479327,238.0,0.10404353012140315,0.1058151350474823
0.001,node,0.18054031086479327,238.20000000000002,0.10380325781555287,0.10557144042300237
0.001,node,0.18054031086479327,238.4,0.10356353805186695,0.10532830327147913
0.001,node,0.18054031086479327,238.60000000000002,0.10332436957705733,0.10508572233947078
0.001,node,0.18054031086479327,238.8,0.10308575114054833,0.10484369638019686
0.001,node,0.18054031086479327,239.0,0.1028476814944728,0.10460222414354625
0.001,node,0.18054031086479327,239.20000000000002,0.10261015939366464,0.10436130438828961
0.001,node,0.18054031086479327,239.4,0.10237318359565745,0.10412093587097715
0.001,node,0.18054031086479327,239.60000000000002,0.1021367528606791,0.10388111735593064
0.001,node,0.18054031086479327,239.8,0.10190086595164272,0.10364184760414119
0.001,node,0.18054031086479327,240.0,0.10166552163414823,0.10340312538326124
0.001,node,0.18054031086479327,240.20000000000002,0.10143071867647054,0.1031649494642739
0.001,node,0.18054031086479327,240.4,0.10119645584956118,0.10292731861594184
0.001,node,0.18054031086479327,240.60000000000002,0.10096273192703951,0.10269023161590951
0.001,node,0.18054031086479327,240.8,0.10072954568518869,0.10245368723960091
0.001,node,0.18054031086479327,241.0,0.10049689590295084,0.10221768426577071
0.001,node,0.18054031086479327,241.20000000000002,0.10026478136192235,0.10198222147983493
0.001,node,0.18054031086479327,241.4,0.10003320084634917,0.10174729766387891
0.001,node,0.18054031086479327,241.60000000000002,0.09980215314312128,0.1015129116055391
0.001,node,0.18054031086479327,241.8,0.09957163704176879,0.10127906209689286
0.001,node,0.18054031086479327,242.0,0.09934165133445659,0.10104574792779708
0.001,node,0.18054031086479327,242.20000000000002,0.09911219481597836,0.10081296789699046
0.001,node,0.18054031086479327,242.4,0.09888326628375431,0.10058072079877078
0.001,node,0.18054031086479327,242.60000000000002,0.0986548645378226,0.10034900543631764
0.001,node,0.18054031086479327,242.8,0.09842698838083959,0.10011782061059016
0.001,node,0.18054031086479327,243.0,0.09819963661806985,0.09988716512809859
0.001,node,0.18054031086479327,243.20000000000002,0.09797280805738465,0.0996570377964634
0.001,node,0.18054031086479327,243.4,0.09774650150925583,0.09942743742774596
0.001,node,0.18054031086479327,243.60000000000002,0.09752071578674891,0.09919836283400763
0.001,node,0.18054031086479327,243.8,0.0972954497055258,0.09896981282953021
0.001,node,0.18054031086479327,244.0,0.09707070208382915,0.09874178623525687
0.001,node,0.18054031086479327,244.20000000000002,0.09684647174248533,0.09851428187102051
0.001,node,0.18054031086479327,244.4,0.09662275750489806,0.09828729855998475
0.001,node,0.18054031086479327,244.60000000000002,0.09639955819703935,0.09806083512753361
0.001,node,0.18054031086479327,244.8,0.09617687264745325,0.09783489040349203
0.001,node,0.18054031086479327,245.0,0.095954699687242,0.09760946321657471
0.001,node,0.18054031086479327,245.20000000000002,0.09573303815006619,0.09738455240215771
0.001,node,0.18054031086479327,245.4,0.09551188687213846,0.09716015679450685
0.001,node,0.18054031086479327,245.60000000000002,0.09529124469221999,0.09693627523454929
0.001,node,0.18054031086479327,245.8,0.09507111045161444,0.09671290655988152
0.001,node,0.18054031086479327,246.0,0.09485148299416206,0.09649004961698182
0.001,node,0.18054031086479327,246.20000000000002,0.09463236116623794,0.0962677032489978
0.001,node,0.18054031086479327,246.4,0.09441374381674462,0.09604586630684864
0.001,node,0.18054031086479327,246.60000000000002,0.0941956297971087,0.09582453763812282
0.001,node,0.18054031086479327,246.8,0.09397801796127606,0.09560371609929064
0.001,node,0.18054031086479327,247.0,0.09376090716570452,0.09538340054571215
0.001,node,0.18054031086479327,247.20000000000002,0.09354429626936234,0.09516358983496787
0.001,node,0.18054031086479327,247.4,0.09332818413372303,0.09494428282685874
0.001,node,0.18054031086479327,247.60000000000002,0.09311256962275809,0.09472547838673684
0.001,node,0.18054031086479327,247.8,0.09289745160293474,0.09450717537884401
0.001,node,0.18054031086479327,248.0,0.09268282894321062,0.09428937267186299
0.001,node,0.18054031086479327,248.20000000000002,0.09246870051502651,0.09407206913447652
0.001,node,0.18054031086479327,248.4,0.09225506519230682,0.0938552636431389
0.001,node,0.18054031086479327,248.60000000000002,0.09204192185144845,0.09363895506986353
0.001,node,0.18054031086479327,248.8,0.09182926937132209,0.09342314229443538
0.001,node,0.18054031086479327,249.0,0.09161710663326322,0.09320782419663942
0.001,node,0.18054031086479327,249.20000000000002,0.09140543252106782,0.09299299965848107
0.001,node,0.18054031086479327,249.4,0.09119424592099126,0.09277866756640663
0.001,node,0.18054031086479327,249.60000000000002,0.09098354572173788,0.0925648268068624
0.001,node,0.18054031086479327,249.8,0.09077333081446082,0.09235147626962537
0.001,node,0.18054031086479327,250.0,0.09056360009275564,0.09213861484780317
0.001,node,0.18054031086479327,250.20000000000002,0.0903543524526559,0.09192624143561368
0.001,node,0.18054031086479327,250.4,0.09014558679262681,0.09171435493060542
0.001,node,0.18054031086479327,250.60000000000002,0.08993730201356363,0.0915029542325474
0.001,node,0.18054031086479327,250.8,0.08972949701878306,0.0912920382423188
0.001,node,0.18054031086479327,251.0,0.08952217071402309,0.0910816058641295
0.001,node,0.18054031086479327,251.20000000000002,0.08931532200743325,0.09087165600552005
0.001,node,0.18054031086479327,251.4,0.08910894980957443,0.09066218757625144
0.001,node,0.18054031086479327,251.60000000000002,0.08890305303341084,0.09045319948497443
0.001,node,0.18054031086479327,251.8,0.08869763059430855,0.09024469064700114
0.001,node,0.18054031086479327,252.0,0.08849268141002646,0.0900366599798641
0.001,node,0.18054031086479327,252.20000000000002,0.08828820440071612,0.08982910639998565
0.001,node,0.18054031086479327,252.4,0.08808419848891444,0.089622028828229
0.001,node,0.18054031086479327,252.60000000000002,0.08788066259953854,0.08941542618989828
0.001,node,0.18054031086479327,252.8,0.08767759565988366,0.08920929740807715
0.001,node,0.18054031086479327,253.0,0.08747499659961595,0.08900364141140038
0.001,node,0.18054031086479327,253.20000000000002,0.08727286435076863,0.08879845712961298
0.001,node,0.18054031086479327,253.4,0.08707119784773797,0.08859374349690086
0.001,node,0.18054031086479327,253.60000000000002,0.08686999602727853,0.08838949944633967
0.001,node,0.18054031086479327,253.8,0.08666925782849716,0.08818572391544599
0.001,node,0.18054031086479327,254.0,0.08646898219284932,0.08798241584395683
0.001,node,0.18054031086479327,254.20000000000002,0.08626916806413529,0.08777957417382964
0.001,node,0.18054031086479327,254.4,0.08606981438849388,0.08757719784924234
0.001,node,0.18054031086479327,254.60000000000002,0.08587092011439938,0.08737528581659326
0.001,node,0.18054031086479327,254.8,0.08567248419265466,0.08717383702228076
0.001,node,0.18054031086479327,255.0,0.08547450557638961,0.08697285042047476
0.001,node,0.18054031086479327,255.20000000000002,0.08527698322105391,0.08677232496201448
0.001,node,0.18054031086479327,255.4,0.08507991608441365,0.08657225960440051
0.001,node,0.18054031086479327,255.60000000000002,0.08488330312654731,0.08637265330402322
0.001,node,0.18054031086479327,255.8,0.08468714330983843,0.08617350502060361
0.001,node,0.18054031086479327,256.0,0.08449143559897467,0.0859748137171934
0.001,node,0.18054031086479327,256.2,0.08429617896094051,0.08577657835906471
0.001,node,0.18054031086479327,256.40000000000003,0.08410137236501394,0.0855787979114897
0.001,node,0.18054031086479327,256.6,0.08390701478276191,0.08538147134640184
0.001,node,0.18054031086479327,256.8,0.08371310518803464,0.08518459763129371
0.001,node,0.18054031086479327,257.0,0.08351964255696216,0.0849881757425397
0.001,node,0.18054031086479327,257.2,0.08332662586794883,0.08479220465540394
0.001,node,0.18054031086479327,257.40000000000003,0.08313405410167068,0.08459668334737103
0.001,node,0.18054031086479327,257.6,0.08294192624106854,0.08440161079925623
0.001,node,0.18054031086479327,257.8,0.08275024127134416,0.08420698599409526
0.001,node,0.18054031086479327,258.0,0.08255899817995528,0.08401280791714427
0.001,node,0.18054031086479327,258.2,0.08236819595661482,0.08381907555365942
0.001,node,0.18054031086479327,258.40000000000003,0.08217783359327951,0.08362578789333774
0.001,node,0.18054031086479327,258.6,0.08198791008415139,0.08343294392809675
0.001,node,0.18054031086479327,258.8,0.08179842442567127,0.08324054265207437
0.001,node,0.18054031086479327,259.0,0.0816093756165116,0.08304858306162899
0.001,node,0.18054031086479327,259.2,0.08142076265757701,0.08285706415200877
0.001,node,0.18054031086479327,259.40000000000003,0.08123258455199446,0.08266598492623345
0.001,node,0.18054031086479327,259.6,0.08104484030511395,0.08247534438621251
0.001,node,0.18054031086479327,259.8,0.08085752892450031,0.08228514153607591
0.001,node,0.18054031086479327,260.0,0.08067064941992923,0.08209537538217404
0.001,node,0.18054031086479327,260.2,0.08048420080338427,0.08190604493529818
0.001,node,0.18054031086479327,260.40000000000003,0.08029818208905153,0.08171714920401918
0.001,node,0.18054031086479327,260.6,0.08011259229331405,0.08152868720467943
0.001,node,0.18054031086479327,260.8,0.07992743043474992,0.08134065795029066
0.001,node,0.18054031086479327,261.0,0.07974269553412476,0.08115306046052595
0.001,node,0.18054031086479327,261.2,0.07955838661439121,0.08096589375283791
0.001,node,0.18054031086479327,261.40000000000003,0.07937450270067965,0.08077915685134052
0.001,node,0.18054031086479327,261.6,0.07919104282029617,0.0805928487790375
0.001,node,0.18054031086479327,261.8,0.07900800600272104,0.08040696856337348
0.001,node,0.18054031086479327,262.0,0.07882539127959873,0.0802215152317931
0.001,node,0.18054031086479327,262.2,0.07864319768473618,0.08003648781396144
0.001,node,0.18054031086479327,262.40000000000003,0.0784614242540996,0.07985188534509469
0.001,node,0.18054031086479327,262.6,0.07828007002580836,0.07966770685818858
0.001,node,0.18054031086479327,262.8,0.07809913404013186,0.07948395139067976
0.001,node,0.18054031086479327,263.0,0.0779186153394815,0.0793006179811151
0.001,node,0.18054031086479327,263.2,0.0777385129684126,0.07911770567248233
0.001,node,0.18054031086479327,263.40000000000003,0.07755882597361415,0.07893521350554877
0.001,node,0.18054031086479327,263.6,0.07737955340390698,0.07875314052774307
0.001,node,0.18054031086479327,263.8,0.07720069431024064,0.07857148578538364
0.001,node,0.18054031086479327,264.0,0.07702224774568525,0.07839024832811958
0.001,node,0.18054031086479327,264.2,0.07684421276543224,0.07820942720893065
0.001,node,0.18054031086479327,264.40000000000003,0.07666658842678391,0.07802902147968638
0.001,node,0.18054031086479327,264.6,0.07648937378915521,0.07784903019780742
0.001,node,0.18054031086479327,264.8,0.07631256791406461,0.07766945242071444
0.001,node,0.18054031086479327,265.0,0.0761361698651325,0.07749028720804851
0.001,node,0.18054031086479327,265.2,0.0759601787080763,0.07731153362278143
0.001,node,0.18054031086479327,265.40000000000003,0.07578459351070468,0.07713319072788494
0.001,node,0.18054031086479327,265.6,0.07560941334291549,0.07695525759077171
0.001,node,0.18054031086479327,265.8,0.07543463727668945,0.07677773327996462
0.001,node,0.18054031086479327,266.0,0.07526026438608799,0.07660061686398656
0.001,node,0.18054031086479327,266.2,0.07508629374724639,0.07642390741691152
0.001,node,0.18054031086479327,266.40000000000003,0.07491272443837155,0.0762476040128135
0.001,node,0.18054031086479327,266.6,0.07473955553973596,0.07607170572798694
0.001,node,0.18054031086479327,266.8,0.07456678613367516,0.07589621164205695
0.001,node,0.18054031086479327,267.0,0.0743944153045835,0.07572112083353844
0.001,node,0.18054031086479327,267.2,0.07422244213890702,0.07554643238760761
0.001,node,0.18054031086479327,267.40000000000003,0.07405086572514209,0.07537214538611003
0.001,node,0.18054031086479327,267.6,0.07387968515383157,0.07519825891644238
0.001,node,0.18054031086479327,267.8,0.07370889951755658,0.075024772069332
0.001,node,0.18054031086479327,268.0,0.07353850791093712,0.07485168393328578
0.001,node,0.18054031086479327,268.2,0.07336850943062428,0.07467899360236174
0.001,node,0.18054031086479327,268.40000000000003,0.07319890317529872,0.07450670017061789
0.001,node,0.18054031086479327,268.6,0.07302968824566324,0.07433480273433268
0.001,node,0.18054031086479327,268.8,0.0728608637444412,0.07416330039311525
0.001,node,0.18054031086479327,269.0,0.0726924287763723,0.07399219224768494
0.001,node,0.18054031086479327,269.2,0.07252438244820607,0.07382147739987133
0.001,node,0.18054031086479327,269.40000000000003,0.07235672386870008,0.07365115495594488
0.001,node,0.18054031086479327,269.6,0.07218945214861448,0.07348122402106583
0.001,node,0.18054031086479327,269.8,0.07202256640070769,0.0733116837037251
0.001,node,0.18054031086479327,270.0,0.07185606573973338,0.07314253311685448
0.001,node,0.18054031086479327,270.2,0.07168994928243504,0.07297377137005512
0.001,node,0.18054031086479327,270.40000000000003,0.0715242161475425,0.0728053975806997
0.001,node,0.18054031086479327,270.6,0.07135886545576711,0.07263741086283027
0.001,node,0.18054031086479327,270.8,0.0711938963297988,0.07246981033715016
0.001,node,0.18054031086479327,271.0,0.07102930789430076,0.07230259512214232
0.001,node,0.18054031086479327,271.2,0.07086509927590531,0.07213576434184077
0.001,node,0.18054031086479327,271.40000000000003,0.07070126960321102,0.07196931712138976
0.001,node,0.18054031086479327,271.6,0.07053781800677653,0.07180325258371312
0.001,node,0.18054031086479327,271.8,0.07037474361911843,0.07163756986061642
0.001,node,0.18054031086479327,272.0,0.07021204557470653,0.07147226807946438
0.001,node,0.18054031086479327,272.2,0.07004972300995851,0.07130734637317282
0.001,node,0.18054031086479327,272.40000000000003,0.06988777506323782,0.07114280387798821
0.001,node,0.18054031086479327,272.6,0.06972620087484696,0.07097863972571616
0.001,node,0.18054031086479327,272.8,0.06956499958702747,0.07081485305815427
0.001,node,0.18054031086479327,273.0,0.0694041703439513,0.07065144301265924
0.001,node,0.18054031086479327,273.2,0.06924371229171937,0.07048840873213891
0.001,node,0.18054031086479327,273.40000000000003,0.06908362457835734,0.07032574935950109
0.001,node,0.18054031086479327,273.6,0.06892390635381045,0.07016346404098428
0.001,node,0.18054031086479327,273.8,0.06876455676994067,0.0700015519239372
0.001,node,0.18054031086479327,274.0,0.06860557498052111,0.06984001215681879
0.001,node,0.18054031086479327,274.2,0.06844696014123487,0.06967884389141865
0.001,node,0.18054031086479327,274.40000000000003,0.06828871140966655,0.06951804628174685
0.001,node,0.18054031086479327,274.6,0.06813082794530306,0.06935761848181343
0.001,node,0.18054031086479327,274.8,0.06797330890952556,0.06919755964673868
0.001,node,0.18054031086479327,275.0,0.06781615346560788,0.06903786893830421
0.001,node,0.18054031086479327,275.2,0.06765936077871208,0.0688785455160712
0.001,node,0.18054031086479327,275.40000000000003,0.06750293001588367,0.06871958854182125
0.001,node,0.18054031086479327,275.6,0.0673468603460479,0.06856099718066666
0.001,node,0.18054031086479327,275.8,0.06719115094000577,0.06840277059882993
0.001,node,0.18054031086479327,276.0,0.0670358009704315,0.0682449079636438
0.001,node,0.18054031086479327,276.2,0.06688080961186525,0.06808740844577166
0.001,node,0.18054031086479327,276.40000000000003,0.06672617604071267,0.06793027121698714
0.001,node,0.18054031086479327,276.6,0.06657189943523888,0.06777349545017408
0.001,node,0.18054031086479327,276.8,0.06641797897556487,0.06761708032043678
0.001,node,0.18054031086479327,277.0,0.06626441384366397,0.06746102500732043
0.001,node,0.18054031086479327,277.2,0.06611120322335702,0.06730532868814976
0.001,node,0.18054031086479327,277.40000000000003,0.06595834630031004,0.06714999054358017
0.001,node,0.18054031086479327,277.6,0.06580584226202828,0.06699500975648753
0.001,node,0.18054031086479327,277.8,0.06565369029785377,0.06684038551418858
0.001,node,0.18054031086479327,278.0,0.06550188959896056,0.06668611699955918
0.001,node,0.18054031086479327,278.2,0.06535043935835193,0.0665322034021365
0.001,node,0.18054031086479327,278.40000000000003,0.06519933877085483,0.06637864391145776
0.001,node,0.18054031086479327,278.6,0.06504858703311736,0.0662254377203908
0.001,node,0.18054031086479327,278.8,0.06489818334360375,0.06607258402291372
0.001,node,0.18054031086479327,279.0,0.06474812690259162,0.06592008201300459
0.001,node,0.18054031086479327,279.2,0.06459841691216774,0.0657679308890824
0.001,node,0.18054031086479327,279.40000000000003,0.06444905257622331,0.06561612984956611
0.001,node,0.18054031086479327,279.6,0.06430003310045114,0.06546467809620538
0.001,node,0.18054031086479327,279.8,0.0641513576923415,0.06531357482963962
0.001,node,0.18054031086479327,280.0,0.06400302556117768,0.06516281925605938
0.001,node,0.18054031086479327,280.2,0.06385503591803299,0.06501241058054497
0.001,node,0.18054031086479327,280.40000000000003,0.06370738797576632,0.06486234801261759
0.001,node,0.18054031086479327,280.6,0.06356008094901884,0.06471263076068823
0.001,node,0.18054031086479327,280.8,0.06341311405420962,0.06456325803649854
0.001,node,0.18054031086479327,281.0,0.06326648650953226,0.0644142290529004
0.001,node,0.18054031086479327,281.2,0.06312019753494956,0.06426554302607634
0.001,node,0.18054031086479327,281.40000000000003,0.06297424635219308,0.06411719917331915
0.001,node,0.18054031086479327,281.6,0.06282863218475553,0.06396919671081136
0.001,node,0.18054031086479327,281.8,0.0626833542578904,0.06382153486139686
0.001,node,0.18054031086479327,282.0,0.06253841179860471,0.06367421284458885
0.001,node,0.18054031086479327,282.2,0.062393804035657675,0.06352722988434145
0.001,node,0.18054031086479327,282.40000000000003,0.06224953019955619,0.06338058520793943
0.001,node,0.18054031086479327,282.6,0.06210558952255134,0.06323427804266757
0.001,node,0.18054031086479327,282.8,0.06196198123863486,0.06308830761581063
0.001,node,0.18054031086479327,283.0,0.06181870458353286,0.0629426731590943
0.001,node,0.18054031086479327,283.2,0.061675758794706985,0.06279737390535445
0.001,node,0.18054031086479327,283.40000000000003,0.0615331431113455,0.06265240908631675
0.001,node,0.18054031086479327,283.6,0.06139085677436281,0.06250777794036821
0.001,node,0.18054031086479327,283.8,0.061248899026395416,0.06236347970478562
0.001,node,0.18054031086479327,284.0,0.061107269111795884,0.06221951361795597
0.001,node,0.18054031086479327,284.2,0.06096596627663252,0.06207587892159694
0.001,node,0.18054031086479327,284.40000000000003,0.06082498976868246,0.061932574857426204
0.001,node,0.18054031086479327,284.6,0.0606843388374308,0.061789600670492106
0.001,node,0.18054031086479327,284.8,0.06054401273406478,0.06164695560695321
0.001,node,0.18054031086479327,285.0,0.06040401071147142,0.06150463891407831
0.001,node,0.18054031086479327,285.2,0.06026433202423206,0.061362649842466865
0.001,node,0.18054031086479327,285.40000000000003,0.060124975928621434,0.06122098764049788
0.001,node,0.18054031086479327,285.6,0.05998594168260158,0.061079651564321935
0.001,node,0.18054031086479327,285.8,0.059847228545818865,0.06093864086675893
0.001,node,0.18054031086479327,286.0,0.05970883577960109,0.06079795480395944
0.001,node,0.18054031086479327,286.2,0.05957076264695385,0.06065759263429449
0.001,node,0.18054031086479327,286.40000000000003,0.05943300841255415,0.06051755361613509
0.001,node,0.18054031086479327,286.6,0.0592955723427523,0.06037783701118293
0.001,node,0.18054031086479327,286.8,0.0591584537055609,0.060238442083360155
0.001,node,0.18054031086479327,287.0,0.05902165177065827,0.06009936809547867
0.001,node,0.18054031086479327,287.2,0.058885165809381176,0.05996061431479127
0.001,node,0.18054031086479327,287.40000000000003,0.05874899509472071,0.059822180008550774
0.001,node,0.18054031086479327,287.6,0.05861313890132134,0.05968406444623042
0.001,node,0.18054031086479327,287.8,0.05847759650547494,0.05954626689841369
0.001,node,0.18054031086479327,288.0,0.05834236718511752,0.05940878663901472
0.001,node,0.18054031086479327,288.2,0.05820745021982814,0.05927162294083743
0.001,node,0.18054031086479327,288.40000000000003,0.05807284489082066,0.05913477508001641
0.001,node,0.18054031086479327,288.6,0.05793855048094529,0.058998242336016915
0.001,node,0.18054031086479327,288.8,0.05780456627468092,0.058862023986083756
0.001,node,0.18054031086479327,289.0,0.05767089155813447,0.05872611931079241
0.001,node,0.18054031086479327,289.2,0.05753752561903556,0.058590527594049036
0.001,node,0.18054031086479327,289.40000000000003,0.057404467746733176,0.05845524811975977
0.001,node,0.18054031086479327,289.6,0.057271717232193146,0.058320280172941
0.001,node,0.18054031086479327,289.8,0.05713927336799368,0.0581856230397193
0.001,node,0.18054031086479327,290.0,0.057007135448322546,0.0580512760117724
0.001,node,0.18054031086479327,290.2,0.05687530276897177,0.05791723837633711
0.001,node,0.18054031086479327,290.40000000000003,0.056743774627337595,0.05778350942842181
0.001,node,0.18054031086479327,290.6,0.05661255032241269,0.05765008845970421
0.001,node,0.18054031086479327,290.8,0.0564816291547861,0.05751697476630291
0.001,node,0.18054031086479327,291.0,0.05635101042663895,0.057384167644336515
0.001,node,0.18054031086479327,291.2,0.05622069344173874,0.0572516663932543
0.001,node,0.18054031086479327,291.40000000000003,0.05609067750543888,0.05711947031250553
0.001,node,0.18054031086479327,291.6,0.05596096192467419,0.05698757870375992
0.001,node,0.18054031086479327,291.8,0.05583154600795622,0.056855990869797424
0.001,node,0.18054031086479327,292.0,0.05570242906537145,0.056724706114508194
0.001,node,0.18054031086479327,292.2,0.055573610408577036,0.05659372374622329
0.001,node,0.18054031086479327,292.40000000000003,0.05544508935079733,0.05646304307105332
0.001,node,0.18054031086479327,292.6,0.0553168652068207,0.05633266339954979
0.001,node,0.18054031086479327,292.8,0.05518893729299571,0.05620258404226419
0.001,node,0.18054031086479327,293.0,0.055061304927228855,0.05607280431085826
0.001,node,0.18054031086479327,293.2,0.054933967428979394,0.05594332352143461
0.001,node,0.18054031086479327,293.40000000000003,0.054806924119257874,0.05581414098676518
0.001,node,0.18054031086479327,293.6,0.05468017432061922,0.05568525602628327
0.001,node,0.18054031086479327,293.8,0.05455371735716498,0.05555666795720171
0.001,node,0.18054031086479327,294.0,0.0544275525545349,0.05542837610117424
0.001,node,0.18054031086479327,294.2,0.05430167923990528,0.055300379777634134
0.001,node,0.18054031086479327,294.40000000000003,0.0541760967419863,0.055172678311565804
0.001,node,0.18054031086479327,294.6,0.05405080439101805,0.055045271027953646
0.001,node,0.18054031086479327,294.8,0.053925801518767365,0.054918157252892286
0.001,node,0.18054031086479327,295.0,0.05380108745852269,0.05479133631358657
0.001,node,0.18054031086479327,295.2,0.05367666154509417,0.05466480753946179
0.001,node,0.18054031086479327,295.40000000000003,0.053552523114807536,0.05453857026216369
0.001,node,0.18054031086479327,295.6,0.053428671505502005,0.054412623813338
0.001,node,0.18054031086479327,295.8,0.05330510605652596,0.054286967526850916
0.001,node,0.18054031086479327,296.0,0.05318182610873474,0.05416160073767884
0.001,node,0.18054031086479327,296.2,0.05305883100448716,0.05403652278412885
0.001,node,0.18054031086479327,296.40000000000003,0.05293612008764109,0.0539117330033978
0.001,node,0.18054031086479327,296.6,0.05281369270355082,0.053787230736013214
0.001,node,0.18054031086479327,296.8,0.052691548199065345,0.053663015322502616
0.001,node,0.18054031086479327,297.0,0.05256968592252172,0.053539086105613976
0.001,node,0.18054031086479327,297.2,0.05244810522374483,0.05341544243142593
0.001,node,0.18054031086479327,297.40000000000003,0.052326805454042315,0.05329208364379667
0.001,node,0.18054031086479327,297.6,0.05220578596620249,0.05316900909102529
0.001,node,0.18054031086479327,297.8,0.05208504611448997,0.05304621812141086
0.001,node,0.18054031086479327,298.0,0.05196458525464285,0.05292371008547292
0.001,node,0.18054031086479327,298.2,0.05184440274386955,0.05280148433484122
0.001,node,0.18054031086479327,298.40000000000003,0.05172449794084685,0.05267954022225574
0.001,node,0.18054031086479327,298.6,0.05160487020571273,0.05255787710378712
0.001,node,0.18054031086479327,298.8,0.05148551890006798,0.052436494333285566
0.001,node,0.18054031086479327,299.0,0.05136644338696925,0.05231539127015239
0.001,node,0.18054031086479327,299.2,0.051247643030928824,0.05219456727156846
0.001,node,0.18054031086479327,299.40000000000003,0.051129117197908594,0.05207402169915554
0.001,node,0.18054031086479327,299.6,0.051010865255318005,0.051953753915645606
0.001,node,0.18054031086479327,299.8,0.05089288657201204,0.051833763281550205
0.001,node,0.18054031086479327,300.0,0.05077518051828639,0.05171404916404221
0.001,EP,0.18061960298019653,0.0,1.0,0.9999999999998899
0.001,EP,0.18061960298019653,0.2,1.0009456336699505,1.0009447178949138
0.001,EP,0.18061960298019653,0.4,1.0018598798824951,1.0018582392345987
0.001,EP,0.18061960298019653,0.6000000000000001,1.002742980622723,1.0027408045754083
0.001,EP,0.18061960298019653,0.8,1.0035951775457899,1.0035926541474005
0.001,EP,0.18061960298019653,1.0,1.004416711933555,1.004414027799827
0.001,EP,0.18061960298019653,1.2000000000000002,1.0052078246529523,1.005205164972267
0.001,EP,0.18061960298019653,1.4000000000000001,1.005968756116042,1.0059663046435574
0.001,EP,0.18061960298019653,1.6,1.0066997462416807,1.0066976853040366
0.001,EP,0.18061960298019653,1.8,1.007401034418763,1.0073995449066953
0.001,EP,0.18061960298019653,2.0,1.0080728594709762,1.0080721208427512
0.001,EP,0.18061960298019653,2.2,1.008715459623023,1.008715649905012
0.001,EP,0.18061960298019653,2.4000000000000004,1.0093290724682584,1.0093303682490173
0.001,EP,0.18061960298019653,2.6,1.0099139349376969,1.0099165113730546
0.001,EP,0.18061960298019653,2.8000000000000003,1.0104702832703423,1.0104743140804118
0.001,EP,0.18061960298019653,3.0,1.0109983529847977,1.0110040104516216
0.001,EP,0.18061960298019653,3.2,1.0114983788521092,1.0115058338233673
0.001,EP,0.18061960298019653,3.4000000000000004,1.0119705948698074,1.0119800167551762
0.001,EP,0.18061960298019653,3.6,1.0124152342370991,1.012426791008325
0.001,EP,0.18061960298019653,3.8000000000000003,1.0128325293311784,1.0128463875247462
0.001,EP,0.18061960298019653,4.0,1.0132227116846133,1.0132390363970512
0.001,EP,0.18061960298019653,4.2,1.0135860119637736,1.0136049668552083
0.001,EP,0.18061960298019653,4.4,1.0139226599482662,1.0139444072398973
0.001,EP,0.18061960298019653,4.6000000000000005,1.014232884511342,1.0142575849880764
0.001,EP,0.18061960298019653,4.800000000000001,1.01451691360124,1.0145447266107777
0.001,EP,0.18061960298019653,5.0,1.0147749742234422,1.0148060576753437
0.001,EP,0.18061960298019653,5.2,1.015007292423801,1.0150418027898844
0.001,EP,0.18061960298019653,5.4,1.0152140932725142,1.0152521855899543
0.001,EP,0.18061960298019653,5.6000000000000005,1.0153956008489196,1.0154374287163481
0.001,EP,0.18061960298019653,5.800000000000001,1.0155520382270737,1.0155977538106598
0.001,EP,0.18061960298019653,6.0,1.0156836274620993,1.0157333814908576
0.001,EP,0.18061960298019653,6.2,1.0157905895772625,1.0158445313457332
0.001,EP,0.18061960298019653,6.4,1.015873144551766,1.0159314219215787
0.001,EP,0.18061960298019653,6.6000000000000005,1.015931511309224,1.0159942707099745
0.001,EP,0.18061960298019653,6.800000000000001,1.0159659077068033,1.0160332941366867
0.001,EP,0.18061960298019653,7.0,1.0159765505250014,1.0160487075505653
0.001,EP,0.18061960298019653,7.2,1.0159636554580413,1.0160407252157722
0.001,EP,0.18061960298019653,7.4,1.015927437104865,1.01600956030512
0.001,EP,0.18061960298019653,7.6000000000000005,1.0158681089606982,1.0159554248845293
0.001,EP,0.18061960298019653,7.800000000000001,1.0157858834091724,1.0158785299141382
0.001,EP,0.18061960298019653,8.0,1.0156809717149806,1.01577908523387
0.001,EP,0.18061960298019653,8.200000000000001,1.0155535840170502,1.0156572995589919
0.001,EP,0.18061960298019653,8.4,1.0154039293222137,1.0155133804767846
0.001,EP,0.18061960298019653,8.6,1.01523221549936,1.0153475344365503
0.001,EP,0.18061960298019653,8.8,1.0150386492740497,1.0151599667462818
0.001,EP,0.18061960298019653,9.0,1.0148234362235755,1.0149508815682218
0.001,EP,0.18061960298019653,9.200000000000001,1.0145867807724553,1.0147204819133115
0.001,EP,0.18061960298019653,9.4,1.0143288861883408,1.0144689696367504
0.001,EP,0.18061960298019653,9.600000000000001,1.014049954578325,1.0141965454391055
0.001,EP,0.18061960298019653,9.8,1.0137501868856378,1.0139034088552101
0.001,EP,0.18061960298019653,10.0,1.0134297828867116,1.0135897582563835
0.001,EP,0.18061960298019653,10.200000000000001,1.0130889411886075,1.013255790848211
0.001,EP,0.18061960298019653,10.4,1.0127278592267857,1.0129017026661025
0.001,EP,0.18061960298019653,10.600000000000001,1.0123467332632086,1.0125276885752932
0.001,EP,0.18061960298019653,10.8,1.0119457583847649,1.0121339422686226
0.001,EP,0.18061960298019653,11.0,1.0115251285020026,1.0117206562643144
0.001,EP,0.18061960298019653,11.200000000000001,1.0110850363481587,1.0112880219081966
0.001,EP,0.18061960298019653,11.4,1.0106256734784758,1.0108362293692608
0.001,EP,0.18061960298019653,11.600000000000001,1.0101472302697923,1.0103654676418827
0.001,EP,0.18061960298019653,11.8,1.0096498959204003,1.0098759245436018
0.001,EP,0.18061960298019653,12.0,1.0091338584501575,1.0093677867184514
0.001,EP,0.18061960298019653,12.200000000000001,1.008599304700842,1.008841239634739
0.001,EP,0.18061960298019653,12.4,1.008046420336748,1.0082964675872663
0.001,EP,0.18061960298019653,12.600000000000001,1.0074753898455038,1.007733653696219
0.001,EP,0.18061960298019653,12.8,1.0068863965391106,1.0071529799116075
0.001,EP,0.18061960298019653,13.0,1.0062796225551895,1.0065546270121573
0.001,EP,0.18061960298019653,13.200000000000001,1.0056552488584314,1.0059387746064186
0.001,EP,0.18061960298019653,13.4,1.0050134552422392,1.005305601134987
0.001,EP,0.18061960298019653,13.600000000000001,1.0043544203305557,1.0046552838749445
0.001,EP,0.18061960298019653,13.8,1.0036783215798717,1.0039879989365286
0.001,EP,0.18061960298019653,14.0,1.0029853352814033,1.0033039212731243
0.001,EP,0.18061960298019653,14.200000000000001,1.0022756365634347,1.002603224674603
0.001,EP,0.18061960298019653,14.4,1.0015493993938183,1.0018860817773145
0.001,EP,0.18061960298019653,14.600000000000001,1.000806796582626,1.0011526640629764
0.001,EP,0.18061960298019653,14.8,1.000047999784946,1.0004031418631154
0.001,EP,0.18061960298019653,15.0,0.9992731795038171,0.9996376843612875
0.001,EP,0.18061960298019653,15.200000000000001,0.9984825050932976,0.9988564595952987
0.001,EP,0.18061960298019653,15.4,0.9976761447616601,0.9980596344638659
0.001,EP,0.18061960298019653,15.600000000000001,0.9968542655747097,0.9972473747266175
0.001,EP,0.18061960298019653,15.8,0.9960170334592171,0.9964198450074235
0.001,EP,0.18061960298019653,16.0,0.9951646132064648,0.9955772088010573
0.001,EP,0.18061960298019653,16.2,0.9942971684758987,0.9947196284754156
0.001,EP,0.18061960298019653,16.400000000000002,0.9934148617988824,0.9938472652737396
0.001,EP,0.18061960298019653,16.6,0.9925178545825479,0.9929602793212755
0.001,EP,0.18061960298019653,16.8,0.9916063071137398,0.992058829624165
0.001,EP,0.18061960298019653,17.0,0.9906803785630466,0.9911430740816574
0.001,EP,0.18061960298019653,17.2,0.9897402269889185,0.9902131694849992
0.001,EP,0.18061960298019653,17.400000000000002,0.9887860093418634,0.9892692715218754
0.001,EP,0.18061960298019653,17.6,0.9878178814687202,0.98831153477974
0.001,EP,0.18061960298019653,17.8,0.9868359981170047,0.9873401127546977
0.001,EP,0.18061960298019653,18.0,0.9858405129393243,0.9863551578526142
0.001,EP,0.18061960298019653,18.2,0.9848315784978586,0.9853568213913366
0.001,EP,0.18061960298019653,18.400000000000002,0.9838093462689016,0.9843452536117958
0.001,EP,0.18061960298019653,18.6,0.9827739666474633,0.9833206036780062
0.001,EP,0.18061960298019653,18.8,0.9817255889519265,0.9822830196815069
0.001,EP,0.18061960298019653,19.0,0.9806643614287577,0.9812326486480227
0.001,EP,0.18061960298019653,19.200000000000003,0.9795904312572643,0.9801696365430157
0.001,EP,0.18061960298019653,19.400000000000002,0.9785039445544041,0.979094128272795
0.001,EP,0.18061960298019653,19.6,0.9774050463796338,0.9780062676933987
0.001,EP,0.18061960298019653,19.8,0.9762938807398018,0.976906197615035
0.001,EP,0.18061960298019653,20.0,0.9751705905940796,0.975794059802082
0.001,EP,0.18061960298019653,20.200000000000003,0.9740353178589294,0.9746699949864102
0.001,EP,0.18061960298019653,20.400000000000002,0.972888203413106,0.9735341428651623
0.001,EP,0.18061960298019653,20.6,0.9717293871026905,0.972386642109635
0.001,EP,0.18061960298019653,20.8,0.9705590077461536,0.9712276303686096
0.001,EP,0.18061960298019653,21.0,0.9693772031394466,0.9700572442750133
0.001,EP,0.18061960298019653,21.200000000000003,0.9681841100611177,0.96887561945036
0.001,EP,0.18061960298019653,21.400000000000002,0.966979864277452,0.9676828905103019
0.001,EP,0.18061960298019653,21.6,0.9657646005476325,0.9664791910679593
0.001,EP,0.18061960298019653,21.8,0.9645384526289212,0.9652646537428033
0.001,EP,0.18061960298019653,22.0,0.9633015532818586,0.9640394101595451
0.001,EP,0.18061960298019653,22.200000000000003,0.9620540342754781,0.962803590963679
0.001,EP,0.18061960298019653,22.400000000000002,0.9607960263925364,0.9615573258148213
0.001,EP,0.18061960298019653,22.6,0.9595276594347556,0.9603007434022537
0.001,EP,0.18061960298019653,22.8,0.9582490622280779,0.9590339714415919
0.001,EP,0.18061960298019653,23.0,0.9569603626279289,0.957757136689219
0.001,EP,0.18061960298019653,23.200000000000003,0.9556616875244912,0.9564703649367345
0.001,EP,0.18061960298019653,23.400000000000002,0.9543531628479822,0.9551737810276073
0.001,EP,0.18061960298019653,23.6,0.9530349135739412,0.9538675088527349
0.001,EP,0.18061960298019653,23.8,0.9517070637285199,0.9525516713615456
0.001,EP,0.18061960298019653,24.0,0.950369736393772,0.9512263905664398
0.001,EP,0.18061960298019653,24.200000000000003,0.9490230537129529,0.9498917875461199
0.001,EP,0.18061960298019653,24.400000000000002,0.9476671368958144,0.9485479824544729
0.001,EP,0.18061960298019653,24.6,0.9463021062238993,0.94719509452168
0.001,EP,0.18061960298019653,24.8,0.9449280810558387,0.9458332420630988
0.001,EP,0.18061960298019653,25.0,0.9435451798326426,0.944462542479263
0.001,EP,0.18061960298019653,25.200000000000003,0.9421535200829924,0.9430831122703154
0.001,EP,0.18061960298019653,25.400000000000002,0.9407532184285228,0.9416950670315671
0.001,EP,0.18061960298019653,25.6,0.9393443905891062,0.94029852146571
0.001,EP,0.18061960298019653,25.8,0.9379271513881224,0.9388935893839268
0.001,EP,0.18061960298019653,26.0,0.9365016147577323,0.9374803837147727
0.001,EP,0.18061960298019653,26.200000000000003,0.9350678937441321,0.936059016504176
0.001,EP,0.18061960298019653,26.400000000000002,0.9336261005128113,0.9346295989287601
0.001,EP,0.18061960298019653,26.6,0.9321763463537907,0.9331922412925131
0.001,EP,0.18061960298019653,26.8,0.930718741686858,0.9317470530356697
0.001,EP,0.18061960298019653,27.0,0.9292533960667911,0.9302941427435929
0.001,EP,0.18061960298019653,27.200000000000003,0.9277804181885684,0.9288336181456636
0.001,EP,0.18061960298019653,27.400000000000002,0.92629991589257,0.9273655861241625
0.001,EP,0.18061960298019653,27.6,0.9248119961697636,0.9258901527187113
0.001,EP,0.18061960298019653,27.8,0.9233167651668833,0.9244074231318233
0.001,EP,0.18061960298019653,28.0,0.9218143281915859,0.9229175017322344
0.001,EP,0.18061960298019653,28.200000000000003,0.9203047897176021,0.9214204920626745
0.001,EP,0.18061960298019653,28.400000000000002,0.9187882533898685,0.9199164968454188
0.001,EP,0.18061960298019653,28.6,0.9172648220296449,0.9184056179833977
0.001,EP,0.18061960298019653,28.8,0.9157345976396175,0.9168879565679688
0.001,EP,0.18061960298019653,29.0,0.9141976814089862,0.9153636128844678
0.001,EP,0.18061960298019653,29.200000000000003,0.9126541737185342,0.9138326864177593
0.001,EP,0.18061960298019653,29.400000000000002,0.9111041741456832,0.9122952758533476
0.001,EP,0.18061960298019653,29.6,0.9095477814695285,0.9107514790873683
0.001,EP,0.18061960298019653,29.8,0.9079850936758589,0.9092013932299192
0.001,EP,0.18061960298019653,30.0,0.9064162079621587,0.9076451146061704
0.001,EP,0.18061960298019653,30.200000000000003,0.9048412207425923,0.9060827387696868
0.001,EP,0.18061960298019653,30.400000000000002,0.9032602276529664,0.9045143604968775
0.001,EP,0.18061960298019653,30.6,0.9016733235556784,0.9029400738047588
0.001,EP,0.18061960298019653,30.8,0.9000806025446433,0.9013599719409626
0.001,EP,0.18061960298019653,31.0,0.8984821579502015,0.8997741474014997
0.001,EP,0.18061960298019653,31.200000000000003,0.8968780823440072,0.8981826919285396
0.001,EP,0.18061960298019653,31.400000000000002,0.8952684675438974,0.896585696519292
0.001,EP,0.18061960298019653,31.6,0.8936534046187402,0.8949832514248968
0.001,EP,0.18061960298019653,31.8,0.8920329838932634,0.8933754461626364
0.001,EP,0.18061960298019653,32.0,0.8904072949528622,0.8917623695148258
0.001,EP,0.18061960298019653,32.2,0.8887764266483871,0.8901441095388041
0.001,EP,0.18061960298019653,32.4,0.8871404671009098,0.888520753568045
0.001,EP,0.18061960298019653,32.6,0.8854995037064685,0.8868923882143775
0.001,EP,0.18061960298019653,32.800000000000004,0.8838536231407932,0.8852590993801979
0.001,EP,0.18061960298019653,33.0,0.8822029113640076,0.8836209722584698
0.001,EP,0.18061960298019653,33.2,0.8805474536253112,0.8819780913371655
0.001,EP,0.18061960298019653,33.4,0.8788873344676391,0.8803305404025963
0.001,EP,0.18061960298019653,33.6,0.8772226377323004,0.8786784025516248
0.001,EP,0.18061960298019653,33.800000000000004,0.8755534465635937,0.8770217601850039
0.001,EP,0.18061960298019653,34.0,0.8738798434134037,0.8753606950206994
0.001,EP,0.18061960298019653,34.2,0.8722019100457714,0.8736952880972204
0.001,EP,0.18061960298019653,34.4,0.8705197275414446,0.8720256197725096
0.001,EP,0.18061960298019653,34.6,0.868833376302408,0.8703517697350449
0.001,EP,0.18061960298019653,34.800000000000004,0.8671429360563869,0.8686738170071706
0.001,EP,0.18061960298019653,35.0,0.865448485861331,0.8669918399439869
0.001,EP,0.18061960298019653,35.2,0.8637501041098767,0.8653059162444521
0.001,EP,0.18061960298019653,35.4,0.862047868533784,0.8636161229536032
0.001,EP,0.18061960298019653,35.6,0.8603418562083543,0.8619225364647765
0.001,EP,0.18061960298019653,35.800000000000004,0.8586321435568218,0.8602252325284887
0.001,EP,0.18061960298019653,36.0,0.8569188063547265,0.8585242862524378
0.001,EP,0.18061960298019653,36.2,0.8552019197342612,0.8568197721070536
0.001,EP,0.18061960298019653,36.4,0.8534815581885978,0.8551117639321593
0.001,EP,0.18061960298019653,36.6,0.8517577955761896,0.8534003349369712
0.001,EP,0.18061960298019653,36.800000000000004,0.8500307051250521,0.8516855577112015
0.001,EP,0.18061960298019653,37.0,0.8483003594370209,0.8499675042195065
0.001,EP,0.18061960298019653,37.2,0.846566830491986,0.8482462458148099
0.001,EP,0.18061960298019653,37.4,0.8448301896521035,0.8465218532383023
0.001,EP,0.18061960298019653,37.6,0.8430905076659867,0.844794396621662
0.001,EP,0.18061960298019653,37.800000000000004,0.841347854672872,0.8430639454959366
0.001,EP,0.18061960298019653,38.0,0.8396023002067626,0.8413305687948736
0.001,EP,0.18061960298019653,38.2,0.8378539132005505,0.8395943348527002
0.001,EP,0.18061960298019653,38.400000000000006,0.8361027619901159,0.8378553114174458
0.001,EP,0.18061960298019653,38.6,0.8343489143184029,0.8361135656487217
0.001,EP,0.18061960298019653,38.800000000000004,0.832592437339472,0.8343691641254924
0.001,EP,0.18061960298019653,39.0,0.8308333976225338,0.8326221728438554
0.001,EP,0.18061960298019653,39.2,0.829071861155956,0.830872657231474
0.001,EP,0.18061960298019653,39.400000000000006,0.8273078933512489,0.8291206821398056
0.001,EP,0.18061960298019653,39.6,0.8255415590470303,0.8273663118574248
0.001,EP,0.18061960298019653,39.800000000000004,0.8237729225129662,0.8256096101089128
0.001,EP,0.18061960298019653,40.0,0.8220020474536905,0.8238506400604084
0.001,EP,0.18061960298019653,40.2,0.8202289970126995,0.822089464321829
0.001,EP,0.18061960298019653,40.400000000000006,0.8184538337762292,0.8203261449524213
0.001,EP,0.18061960298019653,40.6,0.8166766197771048,0.8185607434674225
0.001,EP,0.18061960298019653,40.800000000000004,0.814897416498572,0.81679332083473
0.001,EP,0.18061960298019653,41.0,0.8131162848781047,0.8150239374837831
0.001,EP,0.18061960298019653,41.2,0.8113332853111914,0.8132526533088935
0.001,EP,0.18061960298019653,41.400000000000006,0.8095484776550969,0.8114795276714659
0.001,EP,0.18061960298019653,41.6,0.8077619212326071,0.809704619405549
0.001,EP,0.18061960298019653,41.800000000000004,0.8059736748357479,0.807927986818946
0.001,EP,0.18061960298019653,42.0,0.8041837967294826,0.8061496876976548
0.001,EP,0.18061960298019653,42.2,0.8023923446553898,0.8043697793147508
0.001,EP,0.18061960298019653,42.400000000000006,0.8005993758353181,0.802588318424835
0.001,EP,0.18061960298019653,42.6,0.7988049469750198,0.8008053612751365
0.001,EP,0.18061960298019653,42.800000000000004,0.7970091142677614,0.7990209636032919
0.001,EP,0.18061960298019653,43.0,0.7952119333979167,0.7972351806484479
0.001,EP,0.18061960298019653,43.2,0.7934134595445325,0.79544806714682
0.001,EP,0.18061960298019653,43.400000000000006,0.7916137473848801,0.7936596773394644
0.001,EP,0.18061960298019653,43.6,0.7898128510979797,0.7918700649756083
0.001,EP,0.18061960298019653,43.800000000000004,0.7880108243681068,0.7900792833148707
0.001,EP,0.18061960298019653,44.0,0.7862077203882762,0.7882873851317029
0.001,EP,0.18061960298019653,44.2,0.7844035918637063,0.7864944227187198
0.001,EP,0.18061960298019653,44.400000000000006,0.7825984910152622,0.7847004478889197
0.001,EP,0.18061960298019653,44.6,0.7807924695828763,0.7829055119823458
0.001,EP,0.18061960298019653,44.800000000000004,0.778985578828951,0.7811096658638661
0.001,EP,0.18061960298019653,45.0,0.7771778695417385,0.779312959933165
0.001,EP,0.18061960298019653,45.2,0.7753693920387007,0.7775154441214127
0.001,EP,0.18061960298019653,45.400000000000006,0.7735601961698501,0.7757171679012576
0.001,EP,0.18061960298019653,45.6,0.7717503313210692,0.7739181802846051
0.001,EP,0.18061960298019653,45.800000000000004,0.7699398464174074,0.7721185298292799
0.001,EP,0.18061960298019653,46.0,0.7681287899263621,0.770318264639025
0.001,EP,0.18061960298019653,46.2,0.7663172098611377,0.7685174323723842
0.001,EP,0.18061960298019653,46.400000000000006,0.7645051537838821,0.7667160802371509
0.001,EP,0.18061960298019653,46.6,0.7626926688089086,0.7649142550048005
0.001,EP,0.18061960298019653,46.800000000000004,0.7608798016058924,0.7631120030027194
0.001,EP,0.18061960298019653,47.0,0.7590665984030531,0.7613093701241969
0.001,EP,0.18061960298019653,47.2,0.757253104990309,0.759506401829535
0.001,EP,0.18061960298019653,47.400000000000006,0.7554393667224263,0.7577031431471593
0.001,EP,0.18061960298019653,47.6,0.75362542852213,0.7558996386825001
0.001,EP,0.18061960298019653,47.800000000000004,0.7518113348832116,0.7540959326146623
0.001,EP,0.18061960298019653,48.0,0.7499971298736093,0.7522920687019763
0.001,EP,0.18061960298019653,48.2,0.7481828571384718,0.7504880902864386
0.001,EP,0.18061960298019653,48.400000000000006,0.7463685599032011,0.7486840402959327
0.001,EP,0.18061960298019653,48.6,0.7445542809764794,0.746879961244229
0.001,EP,0.18061960298019653,48.800000000000004,0.7427400627532711,0.745075895238756
0.001,EP,0.18061960298019653,49.0,0.7409259472178162,0.7432718839794905
0.001,EP,0.18061960298019653,49.2,0.739111975946592,0.7414679687645087
0.001,EP,0.18061960298019653,49.400000000000006,0.7372981901112701,0.7396641904944268
0.001,EP,0.18061960298019653,49.6,0.7354846304816413,0.7378605896690704
0.001,EP,0.18061960298019653,49.800000000000004,0.7336713374285333,0.7360572063963566
0.001,EP,0.18061960298019653,50.0,0.7318583509267026,0.7342540803922937
0.001,EP,0.18061960298019653,50.2,0.7300457105577142,0.732451250985422
0.001,EP,0.18061960298019653,50.400000000000006,0.7282334555127956,0.7306487571190345
0.001,EP,0.18061960298019653,50.6,0.7264216245956803,0.7288466373533975
0.001,EP,0.18061960298019653,50.800000000000004,0.7246102562254298,0.7270449298668602
0.001,EP,0.18061960298019653,51.0,0.7227993884392376,0.7252436724625166
0.001,EP,0.18061960298019653,51.2,0.7209890588952137,0.7234429025693156
0.001,EP,0.18061960298019653,51.400000000000006,0.7191793048751572,0.7216426572465018
0.001,EP,0.18061960298019653,51.6,0.7173701632873083,0.7198429731791745
0.001,EP,0.18061960298019653,51.800000000000004,0.7155616706690779,0.7180438866905003
0.001,EP,0.18061960298019653,52.0,0.7137538631897692,0.716245433739493
0.001,EP,0.18061960298019653,52.2,0.7119467766532716,0.7144476499232333
0.001,EP,0.18061960298019653,52.400000000000006,0.7101404465007473,0.7126505704813102
0.001,EP,0.18061960298019653,52.6,0.708334907813298,0.7108542302969312
0.001,EP,0.18061960298019653,52.800000000000004,0.7065301953146048,0.7090586639035834
0.001,EP,0.18061960298019653,53.0,0.7047263433735689,0.7072639054794827
0.001,EP,0.18061960298019653,53.2,0.7029233860069177,0.7054699888586757
0.001,EP,0.18061960298019653,53.400000000000006,0.7011213568818092,0.7036769475288196
0.001,EP,0.18061960298019653,53.6,0.6993202893184085,0.7018848146345125
0.001,EP,0.18061960298019653,53.800000000000004,0.6975202162924531,0.7000936229817345
0.001,EP,0.18061960298019653,54.0,0.6957211704378023,0.698303405038958
0.001,EP,0.18061960298019653,54.2,0.6939231840489669,0.6965141929360374
0.001,EP,0.18061960298019653,54.400000000000006,0.6921262890836251,0.6947260184753112
0.001,EP,0.18061960298019653,54.6,0.6903305171651221,0.692938913126051
0.001,EP,0.18061960298019653,54.800000000000004,0.6885358995849534,0.691152908031123
0.001,EP,0.18061960298019653,55.0,0.6867424673052286,0.689368034004767
0.001,EP,0.18061960298019653,55.2,0.6849502509611273,0.6875843215425892
0.001,EP,0.18061960298019653,55.400000000000006,0.6831592808633323,0.6858018008193412
0.001,EP,0.18061960298019653,55.6,0.6813695870004469,0.6840205016900303
0.001,EP,0.18061960298019653,55.800000000000004,0.6795811990414015,0.6822404536943605
0.001,EP,0.18061960298019653,56.0,0.6777941463378421,0.6804616860600632
0.001,EP,0.18061960298019653,56.2,0.6760084579265,0.6786842277017868
0.001,EP,0.18061960298019653,56.400000000000006,0.674224162531553,0.6769081072288685
0.001,EP,0.18061960298019653,56.6,0.6724412885669669,0.6751333529397829
0.001,EP,0.18061960298019653,56.800000000000004,0.6706598641388181,0.6733599928321343
0.001,EP,0.18061960298019653,57.0,0.6688799170476131,0.6715880546026565
0.001,EP,0.18061960298019653,57.2,0.6671014747905774,0.6698175656472127
0.001,EP,0.18061960298019653,57.400000000000006,0.6653245645639438,0.6680485530630165
0.001,EP,0.18061960298019653,57.6,0.6635492132652159,0.6662810436552924
0.001,EP,0.18061960298019653,57.800000000000004,0.6617754474954199,0.6645150639339459
0.001,EP,0.18061960298019653,58.0,0.6600032935613468,0.6627506401191141
0.001,EP,0.18061960298019653,58.2,0.6582327774777676,0.6609877981444967
0.001,EP,0.18061960298019653,58.400000000000006,0.6564639249696504,0.6592265636540251
0.001,EP,0.18061960298019653,58.6,0.6546967614743477,0.6574669620118545
0.001,EP,0.18061960298019653,58.800000000000004,0.6529313121437795,0.6557090182968128
0.001,EP,0.18061960298019653,59.0,0.6511676018465977,0.6539527573079518
0.001,EP,0.18061960298019653,59.2,0.6494056551703383,0.6521982035712082
0.001,EP,0.18061960298019653,59.400000000000006,0.6476454964235556,0.6504453813316324
0.001,EP,0.18061960298019653,59.6,0.645887149637951,0.6486943145644908
0.001,EP,0.18061960298019653,59.800000000000004,0.6441306385704748,0.6469450269719346
0.001,EP,0.18061960298019653,60.0,0.6423759867054291,0.6451975419874412
0.001,EP,0.18061960298019653,60.2,0.6406232172565435,0.6434518827769242
0.001,EP,0.18061960298019653,60.400000000000006,0.6388723531690468,0.6417080722420643
0.001,EP,0.18061960298019653,60.6,0.6371234171217184,0.639966133021419
0.001,EP,0.18061960298019653,60.800000000000004,0.635376431528932,0.6382260874915335
0.001,EP,0.18061960298019653,61.0,0.6336314185426805,0.6364879577691607
0.001,EP,0.18061960298019653,61.2,0.6318884000545916,0.6347517657168122
0.001,EP,0.18061960298019653,61.400000000000006,0.6301473976979277,0.6330175329383181
0.001,EP,0.18061960298019653,61.6,0.6284084328495732,0.6312852807854874
0.001,EP,0.18061960298019653,61.800000000000004,0.62667152663201,0.6295550303614394
0.001,EP,0.18061960298019653,62.0,0.6249366999152786,0.6278268025172729
0.001,EP,0.18061960298019653,62.2,0.6232039733189244,0.6261006178565065
0.001,EP,0.18061960298019653,62.400000000000006,0.6214733672139356,0.6243764967406307
0.001,EP,0.18061960298019653,62.6,0.6197449017246656,0.6226544592813354
0.001,EP,0.18061960298019653,62.800000000000004,0.6180185967307419,0.6209345253549436
0.001,EP,0.18061960298019653,63.0,0.616294471868963,0.619216714593529
0.001,EP,0.18061960298019653,63.2,0.6145725465351856,0.617501046393798
0.001,EP,0.18061960298019653,63.400000000000006,0.6128528398861933,0.6157875399148693
0.001,EP,0.18061960298019653,63.6,0.6111353708415592,0.614076214082715
0.001,EP,0.18061960298019653,63.800000000000004,0.609420158085492,0.6123670875901599
0.001,EP,0.18061960298019653,64.0,0.6077072200686707,0.6106601788991028
0.001,EP,0.18061960298019653,64.2,0.6059965750100689,0.6089555062427365
0.001,EP,0.18061960298019653,64.4,0.6042882408987642,0.607253087626658
0.001,EP,0.18061960298019653,64.60000000000001,0.6025822354957374,0.6055529408321991
0.001,EP,0.18061960298019653,64.8,0.600878576335659,0.6038550834175371
0.001,EP,0.18061960298019653,65.0,0.5991772807286639,0.6021595327176943
0.001,EP,0.18061960298019653,65.2,0.5974783657621159,0.6004663058456483
0.001,EP,0.18061960298019653,65.4,0.5957818483023557,0.5987754197012141
0.001,EP,0.18061960298019653,65.60000000000001,0.5940877449964438,0.5970868909643823
0.001,EP,0.18061960298019653,65.8,0.5923960722738849,0.5954007361008706
0.001,EP,0.18061960298019653,66.0,0.5907068463483475,0.5937169713610135
0.001,EP,0.18061960298019653,66.2,0.5890200832193663,0.5920356127875337
0.001,EP,0.18061960298019653,66.4,0.5873357986740358,0.5903566762088808
0.001,EP,0.18061960298019653,66.60000000000001,0.5856540082886948,0.5886801772503336
0.001,EP,0.18061960298019653,66.8,0.5839747274305942,0.5870061313251185
0.001,EP,0.18061960298019653,67.0,0.5822979712595554,0.5853345536455112
0.001,EP,0.18061960298019653,67.2,0.5806237547296246,0.5836654592172863
0.001,EP,0.18061960298019653,67.4,0.5789520925907022,0.5819988628485984
0.001,EP,0.18061960298019653,67.60000000000001,0.5772829993901771,0.5803347791433211
0.001,EP,0.18061960298019653,67.8,0.5756164894745347,0.5786732225088187
0.001,EP,0.18061960298019653,68.0,0.573952576990967,0.5770142071559459
0.001,EP,0.18061960298019653,68.2,0.572291275888962,0.5753577470979376
0.001,EP,0.18061960298019653,68.4,0.5706325999218906,0.5737038561559604
0.001,EP,0.18061960298019653,68.60000000000001,0.5689765626485751,0.5720525479591121
0.001,EP,0.18061960298019653,68.8,0.5673231774348534,0.5704038359455321
0.001,EP,0.18061960298019653,69.0,0.5656724574551296,0.5687577333624017
0.001,EP,0.18061960298019653,69.2,0.5640244156939133,0.5671142532714946
0.001,EP,0.18061960298019653,69.4,0.562379064947352,0.565473408546957
0.001,EP,0.18061960298019653,69.60000000000001,0.5607364178247481,0.563835211877528
0.001,EP,0.18061960298019653,69.8,0.5590964867500712,0.5621996757720904
0.001,EP,0.18061960298019653,70.0,0.5574592839634562,0.5605668125530094
0.001,EP,0.18061960298019653,70.2,0.5558248215226927,0.5589366343672353
0.001,EP,0.18061960298019653,70.4,0.5541931113047025,0.5573091531796415
0.001,EP,0.18061960298019653,70.60000000000001,0.5525641650070122,0.5556843807774658
0.001,EP,0.18061960298019653,70.8,0.5509379941492087,0.5540623287736413
0.001,EP,0.18061960298019653,71.0,0.5493146100743912,0.5524430086056853
0.001,EP,0.18061960298019653,71.2,0.5476940239506067,0.5508264315379208
0.001,EP,0.18061960298019653,71.4,0.5460762467722842,0.5492126086659166
0.001,EP,0.18061960298019653,71.60000000000001,0.5444612893616516,0.5476015509087162
0.001,EP,0.18061960298019653,71.8,0.542849162370146,0.5459932690232705
0.001,EP,0.18061960298019653,72.0,0.5412398762798153,0.5443877735933356
0.001,EP,0.18061960298019653,72.2,0.5396334414047076,0.5427850750405749
0.001,EP,0.18061960298019653,72.4,0.5380298678922546,0.5411851836190085
0.001,EP,0.18061960298019653,72.60000000000001,0.5364291657246417,0.5395881094194532
0.001,EP,0.18061960298019653,72.8,0.5348313447201731,0.5379938623739644
0.001,EP,0.18061960298019653,73.0,0.5332364145346211,0.5364024522502842
0.001,EP,0.18061960298019653,73.2,0.5316443846625754,0.5348138886562825
0.001,EP,0.18061960298019653,73.4,0.5300552644387734,0.5332281810443984
0.001,EP,0.18061960298019653,73.60000000000001,0.5284690630394293,0.5316453387083087
0.001,EP,0.18061960298019653,73.8,0.5268857894835487,0.5300653707873693
0.001,EP,0.18061960298019653,74.0,0.5253054526342364,0.5284882862655049
0.001,EP,0.18061960298019653,74.2,0.5237280611999973,0.5269140939734296
0.001,EP,0.18061960298019653,74.4,0.5221536237360225,0.5253428025919771
0.001,EP,0.18061960298019653,74.60000000000001,0.5205821486454725,0.5237744206498807
0.001,EP,0.18061960298019653,74.8,0.519013644180751,0.5222089565259935
0.001,EP,0.18061960298019653,75.0,0.5174481184447637,0.5206464184537296
0.001,EP,0.18061960298019653,75.2,0.5158855793921764,0.5190868145166228
0.001,EP,0.18061960298019653,75.4,0.5143260348306605,0.5175301526560983
0.001,EP,0.18061960298019653,75.60000000000001,0.512769492422129,0.515976440667032
0.001,EP,0.18061960298019653,75.8,0.5112159596839673,0.514425686201081
0.001,EP,0.18061960298019653,76.0,0.5096654439902526,0.5128778967677938
0.001,EP,0.18061960298019653,76.2,0.5081179525729647,0.5113330797379412
0.001,EP,0.18061960298019653,76.4,0.5065734925231923,0.5097912423412954
0.001,EP,0.18061960298019653,76.60000000000001,0.5050320707923264,0.5082523916710713
0.001,EP,0.18061960298019653,76.80000000000001,0.5034936941932482,0.5067165346783753
0.001,EP,0.18061960298019653,77.0,0.5019583694015063,0.5051836781844177
0.001,EP,0.18061960298019653,77.2,0.5004261029564898,0.503653828872741
0.001,EP,0.18061960298019653,77.4,0.4988969012625884,0.5021269932914407
0.001,EP,0.18061960298019653,77.60000000000001,0.497370770590349,0.5006031778598263
0.001,EP,0.18061960298019653,77.80000000000001,0.4958477170776205,0.49908238886176015
0.001,EP,0.18061960298019653,78.0,0.49432774673069313,0.4975646324545391
0.001,EP,0.18061960298019653,78.2,0.4928108654254299,0.49604991466334347
0.001,EP,0.18061960298019653,78.4,0.4912970789083855,0.49453824138678826
0.001,EP,0.18061960298019653,78.60000000000001,0.4897863927979266,0.4930296183958127
0.001,EP,0.18061960298019653,78.80000000000001,0.4882788125853354,0.4915240513347907
0.001,EP,0.18061960298019653,79.0,0.4867743436359098,0.49002154572486134
0.001,EP,0.18061960298019653,79.2,0.4852729911900548,0.4885221069605983
0.001,EP,0.18061960298019653,79.4,0.4837747603643688,0.48702574031778134
0.001,EP,0.18061960298019653,79.60000000000001,0.4822796561527159,0.4855324509489556
0.001,EP,0.18061960298019653,79.80000000000001,0.48078768342730094,0.4840422438823211
0.001,EP,0.18061960298019653,80.0,0.4792988469397255,0.4825551240328352
0.001,EP,0.18061960298019653,80.2,0.47781315132204333,0.48107109619222044
0.001,EP,0.18061960298019653,80.4,0.47633060108781067,0.47959016503673624
0.001,EP,0.18061960298019653,80.60000000000001,0.4748512006331209,0.4781123351249583
0.001,EP,0.18061960298019653,80.80000000000001,0.47337495423764014,0.4766376109022197
0.001,EP,0.18061960298019653,81.0,0.47190186606563017,0.47516599669616966
0.001,EP,0.18061960298019653,81.2,0.47043194016696677,0.4736974967234353
0.001,EP,0.18061960298019653,81.4,0.4689651804781496,0.4722321150862907
0.001,EP,0.18061960298019653,81.60000000000001,0.4675015908233082,0.47076985577820807
0.001,EP,0.18061960298019653,81.80000000000001,0.4660411749151949,0.4693107226805271
0.001,EP,0.18061960298019653,82.0,0.4645839363561758,0.46785471956356517
0.001,EP,0.18061960298019653,82.2,0.463129878639215,0.4664018500910583
0.001,EP,0.18061960298019653,82.4,0.46167900514884547,0.46495211781905077
0.001,EP,0.18061960298019653,82.60000000000001,0.46023131916214266,0.46350552619589536
0.001,EP,0.18061960298019653,82.80000000000001,0.4587868238496833,0.4620620785655838
0.001,EP,0.18061960298019653,83.0,0.45734552227650166,0.46062177816663663
0.001,EP,0.18061960298019653,83.2,0.4559074174030349,0.45918462813210326
0.001,EP,0.18061960298019653,83.4,0.4544725120860708,0.4577506314962232
0.001,EP,0.18061960298019653,83.60000000000001,0.45304080907967553,0.45631979118554433
0.001,EP,0.18061960298019653,83.80000000000001,0.4516123110361258,0.4548921100322456
0.001,EP,0.18061960298019653,84.0,0.45018702050683096,0.4534675907630348
0.001,EP,0.18061960298019653,84.2,0.44876493994324423,0.45204623600580973
0.001,EP,0.18061960298019653,84.4,0.44734607169777824,0.4506280482940994
0.001,EP,0.18061960298019653,84.60000000000001,0.4459304180246974,0.44921303005818203
0.001,EP,0.18061960298019653,84.80000000000001,0.4445179810810234,0.4478011836372975
0.001,EP,0.18061960298019653,85.0,0.4431087629274181,0.4463925112707656
0.001,EP,0.18061960298019653,85.2,0.44170276552907034,0.4449870151057578
0.001,EP,0.18061960298019653,85.4,0.44029999075656895,0.44358469719285587
0.001,EP,0.18061960298019653,85.60000000000001,0.4389004403867765,0.44218555949271376
0.001,EP,0.18061960298019653,85.80000000000001,0.4375041161036926,0.4407896038693959
0.001,EP,0.18061960298019653,86.0,0.4361110194993114,0.4393968321003694
0.001,EP,0.18061960298019653,86.2,0.43472115207447326,0.4380072458698425
0.001,EP,0.18061960298019653,86.4,0.4333345152397121,0.43662084677098534
0.001,EP,0.18061960298019653,86.60000000000001,0.43195111031609434,0.4352376363103705
0.001,EP,0.18061960298019653,86.80000000000001,0.4305709385360522,0.43385761590464256
0.001,EP,0.18061960298019653,87.0,0.42919400104421246,0.43248078688606917
0.001,EP,0.18061960298019653,87.2,0.4278202988982166,0.43110715049587967
0.001,EP,0.18061960298019653,87.4,0.42644983306954015,0.4297367078942571
0.001,EP,0.18061960298019653,87.60000000000001,0.4250826044442991,0.4283694601514565
0.001,EP,0.18061960298019653,87.80000000000001,0.42371861382405623,0.427005408258907
0.001,EP,0.18061960298019653,88.0,0.4223578619266193,0.42564455312144034
0.001,EP,0.18061960298019653,88.2,0.42100034938683245,0.4242868955606216
0.001,EP,0.18061960298019653,88.4,0.41964607675736665,0.4229324363203002
0.001,EP,0.18061960298019653,88.60000000000001,0.4182950445094968,0.42158117605772816
0.001,EP,0.18061960298019653,88.80000000000001,0.41694725303388036,0.42023311535466235
0.001,EP,0.18061960298019653,89.0,0.4156027026413263,0.4188882547107031
0.001,EP,0.18061960298019653,89.2,0.41426139356355857,0.41754659454773524
0.001,EP,0.18061960298019653,89.4,0.41292332595397935,0.4162081352088176
0.001,EP,0.18061960298019653,89.60000000000001,0.41158849988841645,0.414872876961514
0.001,EP,0.18061960298019653,89.80000000000001,0.4102569153658764,0.41354081999345205
0.001,EP,0.18061960298019653,90.0,0.40892857230928414,0.412211964420095
0.001,EP,0.18061960298019653,90.2,0.407603470566221,0.41088631028030065
0.001,EP,0.18061960298019653,90.4,0.4062816099096582,0.40956385753743163
0.001,EP,0.18061960298019653,90.60000000000001,0.4049629900386806,0.4082446060837963
0.001,EP,0.18061960298019653,90.80000000000001,0.4036476105792092,0.4069285557362079
0.001,EP,0.18061960298019653,91.0,0.40233547108471956,0.40561570624153553
0.001,EP,0.18061960298019653,91.2,0.4010265710369468,0.40430605727337365
0.001,EP,0.18061960298019653,91.4,0.3997209098465961,0.40299960843537264
0.001,EP,0.18061960298019653,91.60000000000001,0.3984184868540441,0.4016963592601286
0.001,EP,0.18061960298019653,91.80000000000001,0.397119301330028,0.4003963092114038
0.001,EP,0.18061960298019653,92.0,0.39582335247634043,0.3990994576841267
0.001,EP,0.18061960298019653,92.2,0.39453063942651617,0.39780580400550214
0.001,EP,0.18061960298019653,92.4,0.3932411612465087,0.3965153474350114
0.001,EP,0.18061960298019653,92.60000000000001,0.39195491693536394,0.39522808716552227
0.001,EP,0.18061960298019653,92.80000000000001,0.3906719054258986,0.3939440223243995
0.001,EP,0.18061960298019653,93.0,0.3893921255853551,0.392663151970174
0.001,EP,0.18061960298019653,93.2,0.38811557621606857,0.3913854751014245
0.001,EP,0.18061960298019653,93.4,0.3868422560561203,0.3901109906478961
0.001,EP,0.18061960298019653,93.60000000000001,0.38557216377999187,0.38883969748049196
0.001,EP,0.18061960298019653,93.80000000000001,0.3843052979992032,0.38757159440350186
0.001,EP,0.18061960298019653,94.0,0.3830416572629622,0.38630668016126357
0.001,EP,0.18061960298019653,94.2,0.3817812400587941,0.3850449534337219
0.001,EP,0.18061960298019653,94.4,0.38052404481318086,0.38378641284420034
0.001,EP,0.18061960298019653,94.60000000000001,0.3792700698921822,0.38253105695162937
0.001,EP,0.18061960298019653,94.80000000000001,0.37801931360205754,0.3812788842560977
0.001,EP,0.18061960298019653,95.0,0.376771774189889,0.3800298931999624
0.001,EP,0.18061960298019653,95.2,0.3755274498441894,0.37878408216562853
0.001,EP,0.18061960298019653,95.4,0.374286338695515,0.3775414494788798
0.001,EP,0.18061960298019653,95.60000000000001,0.37304843881706623,0.37630199340665804
0.001,EP,0.18061960298019653,95.80000000000001,0.37181374822528895,0.37506571215928375
0.001,EP,0.18061960298019653,96.0,0.37058226488047114,0.37383260389156625
0.001,EP,0.18061960298019653,96.2,0.36935398668732994,0.37260266670280373
0.001,EP,0.18061960298019653,96.4,0.3681289114956009,0.3713758986367832
0.001,EP,0.18061960298019653,96.60000000000001,0.3669070371006192,0.3701522976817806
0.001,EP,0.18061960298019653,96.80000000000001,0.365688361243897,0.3689318617750015
0.001,EP,0.18061960298019653,97.0,0.36447288161369756,0.36771458879814034
0.001,EP,0.18061960298019653,97.2,0.3632605958456007,0.3665004765818214
0.001,EP,0.18061960298019653,97.4,0.3620515015230731,0.36528952290004746
0.001,EP,0.18061960298019653,97.60000000000001,0.3608455961780262,0.36408172548130224
0.001,EP,0.18061960298019653,97.80000000000001,0.35964287729137046,0.3628770819985583
0.001,EP,0.18061960298019653,98.0,0.358443342293571,0.3616755900770485
0.001,EP,0.18061960298019653,98.2,0.3572469885651918,0.36047724728982544
0.001,EP,0.18061960298019653,98.4,0.3560538134374435,0.35928205115998146
0.001,EP,0.18061960298019653,98.60000000000001,0.35486381419272117,0.35808999916397966
0.001,EP,0.18061960298019653,98.80000000000001,0.3536769880651399,0.3569010887305435
0.001,EP,0.18061960298019653,99.0,0.35249333224106477,0.35571531723621597
0.001,EP,0.18061960298019653,99.2,0.35131284385964257,0.3545326820142414
0.001,EP,0.18061960298019653,99.4,0.3501355200133213,0.353353180347904
0.001,EP,0.18061960298019653,99.60000000000001,0.3489613577483749,0.3521768094771893
0.001,EP,0.18061960298019653,99.80000000000001,0.3477903540654086,0.3510035665943434
0.001,EP,0.18061960298019653,100.0,0.3466225059198876,0.349833448846093
0.001,EP,0.18061960298019653,100.2,0.34545781022262606,0.3486664533347561
0.001,EP,0.18061960298019653,100.4,0.34429626384030565,0.3475025771182416
0.001,EP,0.18061960298019653,100.60000000000001,0.3431378635959674,0.34634181721115986
0.001,EP,0.18061960298019653,100.80000000000001,0.34198260626951377,0.34518417058593265
0.001,EP,0.18061960298019653,101.0,0.34083048859819487,0.3440296341683524
0.001,EP,0.18061960298019653,101.2,0.3396815072771041,0.3428782048442436
0.001,EP,0.18061960298019653,101.4,0.33853565895965926,0.3417298794572421
0.001,EP,0.18061960298019653,101.60000000000001,0.3373929402580838,0.34058465480990563
0.001,EP,0.18061960298019653,101.80000000000001,0.33625334774388627,0.33944252766371363
0.001,EP,0.18061960298019653,102.0,0.33511687794833406,0.3383034947390673
0.001,EP,0.18061960298019653,102.2,0.33398352736292053,0.33716755271639975
0.001,EP,0.18061960298019653,102.4,0.33285329243983974,0.3360346982372864
0.001,EP,0.18061960298019653,102.60000000000001,0.3317261695924387,0.3349049279044447
0.001,EP,0.18061960298019653,102.80000000000001,0.33060215519568814,0.3337782382784038
0.001,EP,0.18061960298019653,103.0,0.3294812455866302,0.33265462588638606
0.001,EP,0.18061960298019653,103.2,0.32836343706483473,0.3315340872156458
0.001,EP,0.18061960298019653,103.4,0.3272487258928495,0.33041661871568984
0.001,EP,0.18061960298019653,103.60000000000001,0.32613710829663944,0.32930221679938754
0.001,EP,0.18061960298019653,103.80000000000001,0.32502858046604094,0.3281908778440812
0.001,EP,0.18061960298019653,104.0,0.32392313855518584,0.32708259818936547
0.001,EP,0.18061960298019653,104.2,0.32282077868294884,0.3259773741415284
0.001,EP,0.18061960298019653,104.4,0.32172149693337204,0.32487520196911035
0.001,EP,0.18061960298019653,104.60000000000001,0.32062528935609663,0.3237760779073451
0.001,EP,0.18061960298019653,104.80000000000001,0.31953215196679075,0.3226799981581596
0.001,EP,0.18061960298019653,105.0,0.31844208074756497,0.32158695888795386
0.001,EP,0.18061960298019653,105.2,0.3173550716473949,0.320496956229821
0.001,EP,0.18061960298019653,105.4,0.31627112058253615,0.31940998628354755
0.001,EP,0.18061960298019653,105.60000000000001,0.31519022343693837,0.3183260451167236
0.001,EP,0.18061960298019653,105.80000000000001,0.3141123760626501,0.3172451287669631
0.001,EP,0.18061960298019653,106.0,0.313037574280227,0.31616723323524276
0.001,EP,0.18061960298019653,106.2,0.3119658138791341,0.31509235449367345
0.001,EP,0.18061960298019653,106.4,0.31089709061814513,0.31402048848550024
0.001,EP,0.18061960298019653,106.60000000000001,0.3098314002257393,0.3129516311173308
0.001,EP,0.18061960298019653,106.80000000000001,0.30876873840049296,0.3118857782724582
0.001,EP,0.18061960298019653,107.0,0.3077091008114714,0.31082292579864834
0.001,EP,0.18061960298019653,107.2,0.3066524830986119,0.30976306951813193
0.001,EP,0.18061960298019653,107.4,0.3055988808731151,0.3087062052209433
0.001,EP,0.18061960298019653,107.60000000000001,0.304548289717818,0.3076523286693611
0.001,EP,0.18061960298019653,107.80000000000001,0.3035007051875766,0.30660143559901876
0.001,EP,0.18061960298019653,108.0,0.3024561228096379,0.3055535217155736
0.001,EP,0.18061960298019653,108.2,0.30141453808401475,0.3045085826969274
0.001,EP,0.18061960298019653,108.4,0.3003759464838506,0.30346661419544674
0.001,EP,0.18061960298019653,108.60000000000001,0.2993403434557913,0.3024276118346325
0.001,EP,0.18061960298019653,108.80000000000001,0.29830772442034165,0.3013915712124504
0.001,EP,0.18061960298019653,109.0,0.29727808477223133,0.30035848789911057
0.001,EP,0.18061960298019653,109.2,0.2962514198807666,0.29932835744150843
0.001,EP,0.18061960298019653,109.4,0.2952277250901909,0.2983011753598941
0.001,EP,0.18061960298019653,109.60000000000001,0.2942069957200324,0.2972769371478723
0.001,EP,0.18061960298019653,109.80000000000001,0.2931892270654502,0.2962556382768433
0.001,EP,0.18061960298019653,110.0,0.29217441439758807,0.2952372741915621
0.001,EP,0.18061960298019653,110.2,0.29116255296391097,0.2942218403145791
0.001,EP,0.18061960298019653,110.4,0.290153637988549,0.29320933204179944
0.001,EP,0.18061960298019653,110.60000000000001,0.28914766467263386,0.29219974474914423
0.001,EP,0.18061960298019653,110.80000000000001,0.2881446281946306,0.29119307378699943
0.001,EP,0.18061960298019653,111.0,0.287144523710678,0.29018931448354657
0.001,EP,0.18061960298019653,111.2,0.2861473463549091,0.28918846214365246
0.001,EP,0.18061960298019653,111.4,0.28515309123978533,0.2881905120521999
0.001,EP,0.18061960298019653,111.60000000000001,0.2841617534564148,0.2871954594718673
0.001,EP,0.18061960298019653,111.80000000000001,0.2831733280748798,0.28620329964090807
0.001,EP,0.18061960298019653,112.0,0.2821878101445492,0.28521402777870186
0.001,EP,0.18061960298019653,112.2,0.28120519469440114,0.2842276390846443
0.001,EP,0.18061960298019653,112.4,0.2802254767333332,0.2832441287348164
0.001,EP,0.18061960298019653,112.60000000000001,0.2792486512504743,0.2822634918864253
0.001,EP,0.18061960298019653,112.80000000000001,0.278274713215494,0.28128572367780436
0.001,EP,0.18061960298019653,113.0,0.2773036575789092,0.2803108192261927
0.001,EP,0.18061960298019653,113.2,0.27633547927238433,0.27933877362995574
0.001,EP,0.18061960298019653,113.4,0.2753701732090377,0.27836958196858497
0.001,EP,0.18061960298019653,113.60000000000001,0.27440773428373627,0.27740323930269817
0.001,EP,0.18061960298019653,113.80000000000001,0.27344815737339484,0.2764397406740393
0.001,EP,0.18061960298019653,114.0,0.2724914373372673,0.2754790811065888
0.001,EP,0.18061960298019653,114.2,0.2715375690172382,0.27452125560545326
0.001,EP,0.18061960298019653,114.4,0.27058654723811376,0.27356625916019617
0.001,EP,0.18061960298019653,114.60000000000001,0.26963836680790715,0.272614086740397
0.001,EP,0.18061960298019653,114.80000000000001,0.2686930225181226,0.27166473330120233
0.001,EP,0.18061960298019653,115.0,0.26775050914403725,0.2707181937799952
0.001,EP,0.18061960298019653,115.2,0.2668108214449811,0.26977446309639497
0.001,EP,0.18061960298019653,115.4,0.2658739541646132,0.268833536154478
0.001,EP,0.18061960298019653,115.60000000000001,0.2649399020311975,0.267895407844998
0.001,EP,0.18061960298019653,115.80000000000001,0.26400865975787763,0.2669600730398347
0.001,EP,0.18061960298019653,116.0,0.2630802220429398,0.2660275265953249
0.001,EP,0.18061960298019653,116.2,0.2621545835700897,0.2650977633555929
0.001,EP,0.18061960298019653,116.4,0.26123173900871244,0.2641707781481095
0.001,EP,0.18061960298019653,116.60000000000001,0.2603116830141394,0.26324656578369243
0.001,EP,0.18061960298019653,116.80000000000001,0.2593944102279062,0.2623251210631672
0.001,EP,0.18061960298019653,117.0,0.2584799152780158,0.261406438770706
0.001,EP,0.18061960298019653,117.2,0.25756819277918985,0.26049051367604825
0.001,EP,0.18061960298019653,117.4,0.25665923733313195,0.25957734053672077
0.001,EP,0.18061960298019653,117.60000000000001,0.25575304352877126,0.25866691409692777
0.001,EP,0.18061960298019653,117.80000000000001,0.2548496059425187,0.25775922908533033
0.001,EP,0.18061960298019653,118.0,0.25394891913851253,0.256854280222818
0.001,EP,0.18061960298019653,118.2,0.253050977668867,0.2559520622136269
0.001,EP,0.18061960298019653,118.4,0.25215577607391393,0.25505256974978074
0.001,EP,0.18061960298019653,118.60000000000001,0.2512633088824452,0.25415579751109085
0.001,EP,0.18061960298019653,118.80000000000001,0.25037357061195537,0.2532617401684867
0.001,EP,0.18061960298019653,119.0,0.24948655576887682,0.25237039237957504
0.001,EP,0.18061960298019653,119.2,0.24860225884881626,0.25148174878864005
0.001,EP,0.18061960298019653,119.4,0.2477206743367871,0.25059580403108406
0.001,EP,0.18061960298019653,119.60000000000001,0.24684179670744585,0.24971255273120718
0.001,EP,0.18061960298019653,119.80000000000001,0.24596562042531783,0.2488319895022073
0.001,EP,0.18061960298019653,120.0,0.24509213994502652,0.24795410894506986
0.001,EP,0.18061960298019653,120.2,0.24422134971151796,0.24707890565300872
0.001,EP,0.18061960298019653,120.4,0.24335324416028672,0.24620637420924574
0.001,EP,0.18061960298019653,120.60000000000001,0.24248781771759842,0.24533650918479033
0.001,EP,0.18061960298019653,120.80000000000001,0.2416250648007058,0.2444693051451008
0.001,EP,0.18061960298019653,121.0,0.24076497981807146,0.2436047566412025
0.001,EP,0.18061960298019653,121.2,0.23990755716958173,0.24274285821856978
0.001,EP,0.18061960298019653,121.4,0.23905279124676093,0.24188360441268486
0.001,EP,0.18061960298019653,121.60000000000001,0.2382006764329855,0.24102698974903802
0.001,EP,0.18061960298019653,121.80000000000001,0.23735120710369217,0.24017300874867864
0.001,EP,0.18061960298019653,122.0,0.23650437762658774,0.2393216559193334
0.001,EP,0.18061960298019653,122.2,0.23566018236185854,0.2384729257631779
0.001,EP,0.18061960298019653,122.4,0.23481861566237125,0.23762681277461617
0.001,EP,0.18061960298019653,122.60000000000001,0.23397967187387902,0.2367833114380602
0.001,EP,0.18061960298019653,122.80000000000001,0.23314334533522202,0.23594241623459133
0.001,EP,0.18061960298019653,123.0,0.23230963037852712,0.23510412163529892
0.001,EP,0.18061960298019653,123.2,0.23147852132940616,0.23426842210239052
0.001,EP,0.18061960298019653,123.4,0.23065001250715256,0.23343531209585322
0.001,EP,0.18061960298019653,123.60000000000001,0.22982409822493413,0.23260478606568213
0.001,EP,0.18061960298019653,123.80000000000001,0.2290007727899886,0.23177683845521102
0.001,EP,0.18061960298019653,124.0,0.22818003050380994,0.23095146370222253
0.001,EP,0.18061960298019653,124.2,0.2273618656623431,0.23012865623783796
0.001,EP,0.18061960298019653,124.4,0.22654627255616794,0.22930841048984796
0.001,EP,0.18061960298019653,124.60000000000001,0.2257332454706861,0.22849072087716138
0.001,EP,0.18061960298019653,124.80000000000001,0.22492277868630395,0.22767558181313596
0.001,EP,0.18061960298019653,125.0,0.22411486647861947,0.22686298770779878
0.001,EP,0.18061960298019653,125.2,0.22330950311859765,0.22605293296562579
0.001,EP,0.18061960298019653,125.4,0.22250668287275305,0.2252454119844316
0.001,EP,0.18061960298019653,125.60000000000001,0.22170640000332575,0.22444041915647972
0.001,EP,0.18061960298019653,125.80000000000001,0.22090864876845795,0.22363794887403365
0.001,EP,0.18061960298019653,126.0,0.22011342342237072,0.2228379955193649
0.001,EP,0.18061960298019653,126.2,0.21932071821553142,0.22204055347363472
0.001,EP,0.18061960298019653,126.4,0.2185305273948311,0.22124561711245327
0.001,EP,0.18061960298019653,126.60000000000001,0.217742845203748,0.22045318080921028
0.001,EP,0.18061960298019653,126.80000000000001,0.2169576658825216,0.21966323893174433
0.001,EP,0.18061960298019653,127.0,0.21617498366831442,0.21887578584345313
0.001,EP,0.18061960298019653,127.2,0.21539479279538037,0.21809081590662416
0.001,EP,0.18061960298019653,127.4,0.21461708749522476,0.217308323479104
0.001,EP,0.18061960298019653,127.60000000000001,0.21384186199677158,0.21652830291429837
0.001,EP,0.18061960298019653,127.80000000000001,0.2130691105265166,0.21575074856450271
0.001,EP,0.18061960298019653,128.0,0.21229882730869362,0.21497565477868186
0.001,EP,0.18061960298019653,128.20000000000002,0.2115310065654273,0.21420301590246993
0.001,EP,0.18061960298019653,128.4,0.21076564251688973,0.21343282627928062
0.001,EP,0.18061960298019653,128.6,0.21000272938145828,0.21266508025030717
0.001,EP,0.18061960298019653,128.8,0.2092422613758634,0.21189977215452238
0.001,EP,0.18061960298019653,129.0,0.20848423271534539,0.2111368963286786
0.001,EP,0.18061960298019653,129.20000000000002,0.207728637613801,0.21037644710841796
0.001,EP,0.18061960298019653,129.4,0.2069754702839332,0.20961841882383148
0.001,EP,0.18061960298019653,129.6,0.20622472493740085,0.20886280581056127
0.001,EP,0.18061960298019653,129.8,0.20547639578496021,0.2081096023953677
0.001,EP,0.18061960298019653,130.0,0.20473047703661348,0.20735880290723152
0.001,EP,0.18061960298019653,130.20000000000002,0.203986962901751,0.20661040167402334
0.001,EP,0.18061960298019653,130.4,0.20324584758929135,0.20586439302250348
0.001,EP,0.18061960298019653,130.6,0.20250712530782494,0.20512077127832207
0.001,EP,0.18061960298019653,130.8,0.20177079026574787,0.20437953076490878
0.001,EP,0.18061960298019653,131.0,0.20103683667140865,0.2036406658056933
0.001,EP,0.18061960298019653,131.20000000000002,0.20030525873323418,0.20290417072632572
0.001,EP,0.18061960298019653,131.4,0.19957605065987252,0.20217003984912552
0.001,EP,0.18061960298019653,131.6,0.1988492066603243,0.20143826749641214
0.001,EP,0.18061960298019653,131.8,0.19812472094407388,0.20070884799050503
0.001,EP,0.18061960298019653,132.0,0.19740258772122238,0.19998177565483388
0.001,EP,0.18061960298019653,132.20000000000002,0.19668280120261739,0.19925704481171813
0.001,EP,0.18061960298019653,132.4,0.19596535559998043,0.19853464978569768
0.001,EP,0.18061960298019653,132.6,0.1952502451260363,0.1978145849002022
0.001,EP,0.18061960298019653,132.8,0.19453746399463712,0.19709684447866138
0.001,EP,0.18061960298019653,133.0,0.19382700642089007,0.1963814228456151
0.001,EP,0.18061960298019653,133.20000000000002,0.19311886662127756,0.19566831432782372
0.001,EP,0.18061960298019653,133.4,0.19241303881378305,0.19495751325093735
0.001,EP,0.18061960298019653,133.6,0.19170951721800775,0.1942490139439368
0.001,EP,0.18061960298019653,133.8,0.19100829605529615,0.1935428107346926
0.001,EP,0.18061960298019653,134.0,0.19030936954885294,0.19283889795329578
0.001,EP,0.18061960298019653,134.20000000000002,0.1896127319238578,0.1921372699309476
0.001,EP,0.18061960298019653,134.4,0.18891837740758471,0.1914379210010697
0.001,EP,0.18061960298019653,134.6,0.1882263002295164,0.1907408454970838
0.001,EP,0.18061960298019653,134.8,0.18753649462145888,0.1900460377579627
0.001,EP,0.18061960298019653,135.0,0.1868489548176551,0.1893534921204587
0.001,EP,0.18061960298019653,135.20000000000002,0.18616367505489306,0.18866320292465488
0.001,EP,0.18061960298019653,135.4,0.18548064957262161,0.18797516451285468
0.001,EP,0.18061960298019653,135.6,0.18479987261305567,0.18728937123069223
0.001,EP,0.18061960298019653,135.8,0.18412133842128897,0.18660581742269144
0.001,EP,0.18061960298019653,136.0,0.18344504124539504,0.18592449744003758
0.001,EP,0.18061960298019653,136.20000000000002,0.18277097533654016,0.18524540563502612
0.001,EP,0.18061960298019653,136.4,0.182099134949085,0.1845685363588423
0.001,EP,0.18061960298019653,136.6,0.18142951434068805,0.18389388397266337
0.001,EP,0.18061960298019653,136.8,0.1807621077724104,0.18322144283322572
0.001,EP,0.18061960298019653,137.0,0.18009690950881563,0.1825512073061475
0.001,EP,0.18061960298019653,137.20000000000002,0.17943391381807308,0.18188317175482638
0.001,EP,0.18061960298019653,137.4,0.1787731149720548,0.18121733054932143
0.001,EP,0.18061960298019653,137.6,0.17811450724643635,0.18055367806080191
0.001,EP,0.18061960298019653,137.8,0.17745808492079354,0.17989220866709843
0.001,EP,0.18061960298019653,138.0,0.1768038422786986,0.17923291674604158
0.001,EP,0.18061960298019653,138.20000000000002,0.1761517736078162,0.1785757966810131
0.001,EP,0.18061960298019653,138.4,0.17550187319999846,0.1779208428576151
0.001,EP,0.18061960298019653,138.6,0.17485413535137817,0.17726804966589071
0.001,EP,0.18061960298019653,138.8,0.17420855436245963,0.17661741149921362
0.001,EP,0.18061960298019653,139.0,0.17356512453821304,0.17596892275650866
0.001,EP,0.18061960298019653,139.20000000000002,0.1729238401881629,0.17532257783892113
0.001,EP,0.18061960298019653,139.4,0.17228469562647922,0.174678371150927
0.001,EP,0.18061960298019653,139.6,0.17164768517206352,0.17403629710477375
0.001,EP,0.18061960298019653,139.8,0.17101280314864,0.17339635011381915
0.001,EP,0.18061960298019653,140.0,0.1703800438848389,0.17275852459586183
0.001,EP,0.18061960298019653,140.20000000000002,0.16974940171428415,0.17212281497425153
0.001,EP,0.18061960298019653,140.4,0.16912087097567702,0.1714892156778891
0.001,EP,0.18061960298019653,140.6,0.16849444601288058,0.17085772113678566
0.001,EP,0.18061960298019653,140.8,0.16787012117500222,0.17022832579094427
0.001,EP,0.18061960298019653,141.0,0.16724789081647662,0.1696010240792578
0.001,EP,0.18061960298019653,141.20000000000002,0.16662774929714583,0.16897581044839072
0.001,EP,0.18061960298019653,141.4,0.16600969098233823,0.16835267935277898
0.001,EP,0.18061960298019653,141.6,0.16539371024294977,0.16773162524685858
0.001,EP,0.18061960298019653,141.8,0.16477980145552232,0.16711264259172687
0.001,EP,0.18061960298019653,142.0,0.16416795900232015,0.1664957258551425
0.001,EP,0.18061960298019653,142.20000000000002,0.16355817727140437,0.16588086950930503
0.001,EP,0.18061960298019653,142.4,0.16295045065671462,0.16526806803196514
0.001,EP,0.18061960298019653,142.6,0.1623447735581374,0.1646573159053144
0.001,EP,0.18061960298019653,142.8,0.1617411403815836,0.16404860761820572
0.001,EP,0.18061960298019653,143.0,0.1611395455390615,0.1634419376650431
0.001,EP,0.18061960298019653,143.20000000000002,0.16053998344874712,0.1628373005446715
0.001,EP,0.18061960298019653,143.4,0.15994244853505743,0.1622346907625971
0.001,EP,0.18061960298019653,143.6,0.15934693522872015,0.16163410282987734
0.001,EP,0.18061960298019653,143.8,0.1587534379668436,0.16103553126312065
0.001,EP,0.18061960298019653,144.0,0.1581619511929854,0.16043897058559686
0.001,EP,0.18061960298019653,144.20000000000002,0.1575724693572208,0.15984441532723714
0.001,EP,0.18061960298019653,144.4,0.15698498691620996,0.15925186002241354
0.001,EP,0.18061960298019653,144.6,0.15639949833326458,0.158661299209939
0.001,EP,0.18061960298019653,144.8,0.15581599807841257,0.1580727274408389
0.001,EP,0.18061960298019653,145.0,0.1552344806284645,0.15748613926613864
0.001,EP,0.18061960298019653,145.20000000000002,0.1546549404670767,0.15690152924685563
0.001,EP,0.18061960298019653,145.4,0.15407737208481484,0.15631889194844817
0.001,EP,0.18061960298019653,145.6,0.15350176997921608,0.15573822194525633
0.001,EP,0.18061960298019653,145.8,0.15292812865485053,0.15515951381495086
0.001,EP,0.18061960298019653,146.0,0.15235644262338532,0.15458276214408428
0.001,EP,0.18061960298019653,146.20000000000002,0.15178670640363945,0.15400796152476026
0.001,EP,0.18061960298019653,146.4,0.15121891452164815,0.153435106556854
0.001,EP,0.18061960298019653,146.6,0.15065306151071897,0.1528641918457918
0.001,EP,0.18061960298019653,146.8,0.15008914191149064,0.1522952120058818
0.001,EP,0.18061960298019653,147.0,0.14952715027199062,0.151728161655873
0.001,EP,0.18061960298019653,147.20000000000002,0.14896708114769142,0.15116303542228593
0.001,EP,0.18061960298019653,147.4,0.14840892910156595,0.15059982793941273
0.001,EP,0.18061960298019653,147.6,0.14785268870414264,0.15003853384709664
0.001,EP,0.18061960298019653,147.8,0.14729835453356108,0.14947914779406268
0.001,EP,0.18061960298019653,148.0,0.14674592117562454,0.1489216644356972
0.001,EP,0.18061960298019653,148.20000000000002,0.14619538322385361,0.1483660784329377
0.001,EP,0.18061960298019653,148.4,0.14564673527953756,0.14781238445671363
0.001,EP,0.18061960298019653,148.6,0.145099971951787,0.1472605771835056
0.001,EP,0.18061960298019653,148.8,0.14455508785758542,0.14671065129756578
0.001,EP,0.18061960298019653,149.0,0.1440120776218363,0.14616260148980764
0.001,EP,0.18061960298019653,149.20000000000002,0.14347093587741663,0.1456164224611367
0.001,EP,0.18061960298019653,149.4,0.1429316572652246,0.14507210891689937
0.001,EP,0.18061960298019653,149.6,0.14239423643422497,0.14452965557243402
0.001,EP,0.18061960298019653,149.8,0.1418586680415014,0.14398905714974042
0.001,EP,0.18061960298019653,150.0,0.1413249467523003,0.14345030837747963
0.001,EP,0.18061960298019653,150.20000000000002,0.14079306724007729,0.14291340399430474
0.001,EP,0.18061960298019653,150.4,0.14026302418654463,0.1423783387455302
0.001,EP,0.18061960298019653,150.6,0.13973481228171494,0.14184510738313172
0.001,EP,0.18061960298019653,150.8,0.13920842622394416,0.1413137046690771
0.001,EP,0.18061960298019653,151.0,0.13868386071997962,0.14078412537088525
0.001,EP,0.18061960298019653,151.20000000000002,0.13816111048499832,0.14025636426717725
0.001,EP,0.18061960298019653,151.4,0.13764017024265346,0.1397304161410151
0.001,EP,0.18061960298019653,151.6,0.13712103472511372,0.1392062757876733
0.001,EP,0.18061960298019653,151.8,0.1366036986731054,0.13868393800686718
0.001,EP,0.18061960298019653,152.0,0.13608815683595404,0.13816339760719387
0.001,EP,0.18061960298019653,152.20000000000002,0.13557440397162257,0.13764464940502208
0.001,EP,0.18061960298019653,152.4,0.1350624348467528,0.13712768822893295
0.001,EP,0.18061960298019653,152.6,0.134552244236704,0.13661250891083832
0.001,EP,0.18061960298019653,152.8,0.13404382692559055,0.136099106292642
0.001,EP,0.18061960298019653,153.0,0.13353717770632026,0.13558747522623982
0.001,EP,0.18061960298019653,153.20000000000002,0.13303229138063027,0.13507761056907874
0.001,EP,0.18061960298019653,153.4,0.13252916275912777,0.13456950718970795
0.001,EP,0.18061960298019653,153.60000000000002,0.13202778666131942,0.13406315996222773
0.001,EP,0.18061960298019653,153.8,0.13152815791565373,0.1335585637718406
0.001,EP,0.18061960298019653,154.0,0.13103027135955223,0.1330557135126309
0.001,EP,0.18061960298019653,154.20000000000002,0.13053412183944405,0.13255460408423403
0.001,EP,0.18061960298019653,154.4,0.13003970421080058,0.13205523039627742
0.001,EP,0.18061960298019653,154.60000000000002,0.1295470133381691,0.13155758736838052
0.001,EP,0.18061960298019653,154.8,0.12905604409520574,0.13106166992793433
0.001,EP,0.18061960298019653,155.0,0.12856679136470597,0.1305674730101014
0.001,EP,0.18061960298019653,155.20000000000002,0.12807925003863818,0.13007499156003632
0.001,EP,0.18061960298019653,155.4,0.12759341501817456,0.1295842205306652
0.001,EP,0.18061960298019653,155.60000000000002,0.12710928121372186,0.12909515488601642
0.001,EP,0.18061960298019653,155.8,0.12662684354495074,0.12860778959566943
0.001,EP,0.18061960298019653,156.0,0.12614609694082607,0.12812211964030595
0.001,EP,0.18061960298019653,156.20000000000002,0.12566703633963752,0.12763814000837925
0.001,EP,0.18061960298019653,156.4,0.125189656689025,0.12715584569722438
0.001,EP,0.18061960298019653,156.60000000000002,0.1247139529460092,0.1266752317152786
0.001,EP,0.18061960298019653,156.8,0.1242399200770203,0.12619629307764058
0.001,EP,0.18061960298019653,157.0,0.12376755305792216,0.1257190248094009
0.001,EP,0.18061960298019653,157.20000000000002,0.1232968468740405,0.12524342194231153
0.001,EP,0.18061960298019653,157.4,0.12282779652019071,0.12476947952255735
0.001,EP,0.18061960298019653,157.60000000000002,0.12236039700070102,0.12429719259965388
0.001,EP,0.18061960298019653,157.8,0.12189464332943908,0.12382655623643934
0.001,EP,0.18061960298019653,158.0,0.12143053052983706,0.12335756550241328
0.001,EP,0.18061960298019653,158.20000000000002,0.12096805363491497,0.12289021547817747
0.001,EP,0.18061960298019653,158.4,0.12050720768730594,0.1224245012498848
0.001,EP,0.18061960298019653,158.60000000000002,0.12004798773927859,0.12196041791812107
0.001,EP,0.18061960298019653,158.8,0.11959038885276055,0.1214979605901334
0.001,EP,0.18061960298019653,159.0,0.11913440609936017,0.1210371243809405
0.001,EP,0.18061960298019653,159.20000000000002,0.11868003456038996,0.12057790441666327
0.001,EP,0.18061960298019653,159.4,0.11822726932688814,0.12012029583230444
0.001,EP,0.18061960298019653,159.60000000000002,0.11777610549963786,0.11966429377396892
0.001,EP,0.18061960298019653,159.8,0.1173265381891909,0.119209893394423
0.001,EP,0.18061960298019653,160.0,0.11687856251588542,0.11875708985642497
0.001,EP,0.18061960298019653,160.20000000000002,0.11643217360986668,0.1183058783327251
0.001,EP,0.18061960298019653,160.4,0.11598736661110907,0.11785625400717592
0.001,EP,0.18061960298019653,160.60000000000002,0.11554413666943156,0.11740821207029128
0.001,EP,0.18061960298019653,160.8,0.115102478944517,0.11696174772257706
0.001,EP,0.18061960298019653,161.0,0.11466238860593303,0.11651685617453111
0.001,EP,0.18061960298019653,161.20000000000002,0.11422386083314676,0.11607353264775355
0.001,EP,0.18061960298019653,161.4,0.11378689081554504,0.11563177237050581
0.001,EP,0.18061960298019653,161.60000000000002,0.11335147375244785,0.1151915705832618
0.001,EP,0.18061960298019653,161.8,0.11291760485312989,0.11475292253426694
0.001,EP,0.18061960298019653,162.0,0.112485279336832,0.11431582348175873
0.001,EP,0.18061960298019653,162.20000000000002,0.11205449243278018,0.11388026869396661
0.001,EP,0.18061960298019653,162.4,0.11162523938019962,0.11344625344800185
0.001,EP,0.18061960298019653,162.60000000000002,0.11119751542832985,0.11301377303318816
0.001,EP,0.18061960298019653,162.8,0.11077131583644108,0.11258282274329012
0.001,EP,0.18061960298019653,163.0,0.1103466358738459,0.11215339788761547
0.001,EP,0.18061960298019653,163.20000000000002,0.1099234708199153,0.11172549377991281
0.001,EP,0.18061960298019653,163.4,0.10950181596409131,0.11129910574947388
0.001,EP,0.18061960298019653,163.60000000000002,0.10908166660590068,0.11087422912892109
0.001,EP,0.18061960298019653,163.8,0.10866301805496693,0.11045085926530973
0.001,EP,0.18061960298019653,164.0,0.10824586563102394,0.1100289915145769
0.001,EP,0.18061960298019653,164.20000000000002,0.1078302046639282,0.10960862123932102
0.001,EP,0.18061960298019653,164.4,0.10741603049366873,0.10918974381768365
0.001,EP,0.18061960298019653,164.60000000000002,0.10700333847038013,0.10877235463224721
0.001,EP,0.18061960298019653,164.8,0.10659212395435341,0.10835644907780662
0.001,EP,0.18061960298019653,165.0,0.10618238231604754,0.10794202255803853
0.001,EP,0.18061960298019653,165.20000000000002,0.10577410893609637,0.10752907048772187
0.001,EP,0.18061960298019653,165.4,0.10536729920532426,0.10711758829051732
0.001,EP,0.18061960298019653,165.60000000000002,0.1049619485247506,0.1067075714011878
0.001,EP,0.18061960298019653,165.8,0.10455805230560251,0.10629901526115759
0.001,EP,0.18061960298019653,166.0,0.10415560596932236,0.10589191532628384
0.001,EP,0.18061960298019653,166.20000000000002,0.10375460494757621,0.10548626705908504
0.001,EP,0.18061960298019653,166.4,0.10335504468226311,0.1050820659320717
0.001,EP,0.18061960298019653,166.60000000000002,0.1029569206255245,0.10467930742996678
0.001,EP,0.18061960298019653,166.8,0.10256022823974882,0.10427798704415459
0.001,EP,0.18061960298019653,167.0,0.10216496299758045,0.10387810027934208
0.001,EP,0.18061960298019653,167.20000000000002,0.10177112038192794,0.1034796426480078
0.001,EP,0.18061960298019653,167.4,0.10137869588596847,0.10308260967151206
0.001,EP,0.18061960298019653,167.60000000000002,0.10098768501315783,0.10268699688564809
0.001,EP,0.18061960298019653,167.8,0.10059808327723228,0.1022927998317602
0.001,EP,0.18061960298019653,168.0,0.10020988620221859,0.10190001406229499
0.001,EP,0.18061960298019653,168.20000000000002,0.09982308932243607,0.10150863514080122
0.001,EP,0.18061960298019653,168.4,0.09943768818250419,0.10111865863859926
0.001,EP,0.18061960298019653,168.60000000000002,0.0990536783373488,0.10073008013922191
0.001,EP,0.18061960298019653,168.8,0.0986710553522028,0.100342895236194
0.001,EP,0.18061960298019653,169.0,0.09828981480261284,0.09995709953192211
0.001,EP,0.18061960298019653,169.20000000000002,0.0979099522744449,0.09957268863880486
0.001,EP,0.18061960298019653,169.4,0.09753146336388634,0.09918965818034309
0.001,EP,0.18061960298019653,169.60000000000002,0.09715434367744942,0.09880800378891941
0.001,EP,0.18061960298019653,169.8,0.09677858883197535,0.09842772110690845
0.001,EP,0.18061960298019653,170.0,0.09640419445463734,0.09804880578667685
0.001,EP,0.18061960298019653,170.20000000000002,0.09603115618294393,0.0976712534928037
0.001,EP,0.18061960298019653,170.4,0.09565946966473814,0.09729505989652942
0.001,EP,0.18061960298019653,170.60000000000002,0.09528913055820488,0.09692022068241712
0.001,EP,0.18061960298019653,170.8,0.09492013453186962,0.09654673154169124
0.001,EP,0.18061960298019653,171.0,0.09455247726460009,0.0961745881788989
0.001,EP,0.18061960298019653,171.20000000000002,0.09418615444560897,0.09580378630635877
0.001,EP,0.18061960298019653,171.4,0.0938211617744548,0.09543432164638155
0.001,EP,0.18061960298019653,171.60000000000002,0.0934574949610424,0.09506618993349036
0.001,EP,0.18061960298019653,171.8,0.09309514972562402,0.09469938690997992
0.001,EP,0.18061960298019653,172.0,0.09273412179879914,0.09433390832924715
0.001,EP,0.18061960298019653,172.20000000000002,0.09237440692151583,0.09396974995579122
0.001,EP,0.18061960298019653,172.4,0.09201600084506913,0.09360690756299306
0.001,EP,0.18061960298019653,172.60000000000002,0.09165889933110276,0.09324537693311541
0.001,EP,0.18061960298019653,172.8,0.09130309815160662,0.092885153858413
0.001,EP,0.18061960298019653,173.0,0.09094859308891728,0.09252623414557348
0.001,EP,0.18061960298019653,173.20000000000002,0.09059537993571595,0.09216861360683559
0.001,EP,0.18061960298019653,173.4,0.09024345449502821,0.09181228806665054
0.001,EP,0.18061960298019653,173.60000000000002,0.08989281258022282,0.09145725335835131
0.001,EP,0.18061960298019653,173.8,0.08954345001500805,0.09110350532415268
0.001,EP,0.18061960298019653,174.0,0.08919536263343221,0.0907510398195921
0.001,EP,0.18061960298019653,174.20000000000002,0.08884854627987925,0.09039985270797857
0.001,EP,0.18061960298019653,174.4,0.08850299680906853,0.09004993986483356
0.001,EP,0.18061960298019653,174.60000000000002,0.08815871008605076,0.08970129717233988
0.001,EP,0.18061960298019653,174.8,0.087815681986206,0.089353920526003
0.001,EP,0.18061960298019653,175.0,0.0874739083952395,0.08900780583021017
0.001,EP,0.18061960298019653,175.20000000000002,0.08713338520917945,0.08866294899823046
0.001,EP,0.18061960298019653,175.4,0.086794108334374,0.08831934595443514
0.001,EP,0.18061960298019653,175.60000000000002,0.08645607368748619,0.0879769926342977
0.001,EP,0.18061960298019653,175.8,0.08611927719549041,0.08763588498217345
0.001,EP,0.18061960298019653,176.0,0.08578371479567046,0.08729601895129946
0.001,EP,0.18061960298019653,176.20000000000002,0.08544938243561116,0.08695739050712525
0.001,EP,0.18061960298019653,176.4,0.0851162760731982,0.08661999562398215
0.001,EP,0.18061960298019653,176.60000000000002,0.0847843916766109,0.08628383028619346
0.001,EP,0.18061960298019653,176.8,0.08445372522431753,0.08594889048918475
0.001,EP,0.18061960298019653,177.0,0.08412427270507092,0.08561517223726334
0.001,EP,0.18061960298019653,177.20000000000002,0.08379603011790356,0.0852826715458388
0.001,EP,0.18061960298019653,177.4,0.0834689934721211,0.08495138443809225
0.001,EP,0.18061960298019653,177.60000000000002,0.08314315878729633,0.0846213069505275
0.001,EP,0.18061960298019653,177.8,0.08281852209326576,0.08429243512519946
0.001,EP,0.18061960298019653,178.0,0.08249507943012177,0.0839647650208164
0.001,EP,0.18061960298019653,178.20000000000002,0.08217282684820491,0.08363829269941725
0.001,EP,0.18061960298019653,178.4,0.08185176040810203,0.08331301423525339
0.001,EP,0.18061960298019653,178.60000000000002,0.0815318761806354,0.08298892571589889
0.001,EP,0.18061960298019653,178.8,0.08121317024685794,0.08266602323447891
0.001,EP,0.18061960298019653,179.0,0.08089563869804607,0.08234430289522088
0.001,EP,0.18061960298019653,179.20000000000002,0.08057927763569267,0.08202376081345442
0.001,EP,0.18061960298019653,179.4,0.08026408317149959,0.08170439311450117
0.001,EP,0.18061960298019653,179.60000000000002,0.07995005142737056,0.08138619593256458
0.001,EP,0.18061960298019653,179.8,0.07963717853540304,0.08106916541184006
0.001,EP,0.18061960298019653,180.0,0.0793254606378818,0.0807532977076253
0.001,EP,0.18061960298019653,180.20000000000002,0.07901489388726866,0.08043858898520995
0.001,EP,0.18061960298019653,180.4,0.07870547444619753,0.08012503541765525
0.001,EP,0.18061960298019653,180.60000000000002,0.07839719848746302,0.07981263318912468
0.001,EP,0.18061960298019653,180.8,0.07809006219401446,0.07950137849599415
0.001,EP,0.18061960298019653,181.0,0.07778406175894545,0.0791912675413009
0.001,EP,0.18061960298019653,181.20000000000002,0.07747919338548762,0.07888229653918444
0.001,EP,0.18061960298019653,181.4,0.07717545328699851,0.07857446171377624
0.001,EP,0.18061960298019653,181.60000000000002,0.07687283768695533,0.07826775929919982
0.001,EP,0.18061960298019653,181.8,0.0765713428189452,0.07796218553957068
0.001,EP,0.18061960298019653,182.0,0.07627096492665413,0.07765773668788611
0.001,EP,0.18061960298019653,182.20000000000002,0.07597170026385948,0.07735440900824564
0.001,EP,0.18061960298019653,182.4,0.07567354509442009,0.07705219877585101
0.001,EP,0.18061960298019653,182.60000000000002,0.07537649569226496,0.0767511022714551
0.001,EP,0.18061960298019653,182.8,0.07508054834138668,0.07645111578913344
0.001,EP,0.18061960298019653,183.0,0.07478569933582764,0.07615223563406381
0.001,EP,0.18061960298019653,183.20000000000002,0.07449194497967111,0.07585445811586489
0.001,EP,0.18061960298019653,183.4,0.07419928158703251,0.07555777955858822
0.001,EP,0.18061960298019653,183.60000000000002,0.07390770548204778,0.0752621962962774
0.001,EP,0.18061960298019653,183.8,0.07361721299886136,0.07496770466852709
0.001,EP,0.18061960298019653,184.0,0.07332780048161874,0.07467430103047512
0.001,EP,0.18061960298019653,184.20000000000002,0.07303946428445261,0.07438198174170019
0.001,EP,0.18061960298019653,184.4,0.07275220077147403,0.07409074317510367
0.001,EP,0.18061960298019653,184.60000000000002,0.07246600631675947,0.0738005817113585
0.001,EP,0.18061960298019653,184.8,0.0721808773043407,0.07351149374223986
0.001,EP,0.18061960298019653,185.0,0.07189681012819325,0.07322347566951493
0.001,EP,0.18061960298019653,185.20000000000002,0.07161380119222492,0.07293652390383265
0.001,EP,0.18061960298019653,185.4,0.07133184691026599,0.07265063486361356
0.001,EP,0.18061960298019653,185.60000000000002,0.07105094370605158,0.07236580498060086
0.001,EP,0.18061960298019653,185.8,0.07077108801321778,0.0720820306943093
0.001,EP,0.18061960298019653,186.0,0.07049227627528476,0.07179930845535587
0.001,EP,0.18061960298019653,186.20000000000002,0.07021450494564477,0.07151763472101891
0.001,EP,0.18061960298019653,186.4,0.06993777048755173,0.07123700596189941
0.001,EP,0.18061960298019653,186.60000000000002,0.06966206937410835,0.07095741865525973
0.001,EP,0.18061960298019653,186.8,0.06938739808825291,0.07067886929057465
0.001,EP,0.18061960298019653,187.0,0.06911375312274898,0.07040135436620076
0.001,EP,0.18061960298019653,187.20000000000002,0.06884113098016903,0.07012487038715598
0.001,EP,0.18061960298019653,187.4,0.06856952817288443,0.06984941387400134
0.001,EP,0.18061960298019653,187.60000000000002,0.06829894122305359,0.06957498134951834
0.001,EP,0.18061960298019653,187.8,0.06802936666260512,0.0693015693531418
0.001,EP,0.18061960298019653,188.0,0.06776080103322879,0.06902917442874745
0.001,EP,0.18061960298019653,188.20000000000002,0.06749324088635862,0.06875779313242347
0.001,EP,0.18061960298019653,188.4,0.0672266827831657,0.06848742203136027
0.001,EP,0.18061960298019653,188.60000000000002,0.06696112329453599,0.06821805769718914
0.001,EP,0.18061960298019653,188.8,0.0666965590010646,0.06794969671486406
0.001,EP,0.18061960298019653,189.0,0.06643298649303854,0.06768233567933102
0.001,EP,0.18061960298019653,189.20000000000002,0.06617040237042388,0.06741597119219733
0.001,EP,0.18061960298019653,189.4,0.06590880324285103,0.06715059986617256
0.001,EP,0.18061960298019653,189.60000000000002,0.06564818572960349,0.06688621832506847
0.001,EP,0.18061960298019653,189.8,0.06538854645960053,0.06662282319713775
0.001,EP,0.18061960298019653,190.0,0.06512988207138676,0.06636041112617619
0.001,EP,0.18061960298019653,190.20000000000002,0.06487218921311372,0.06609897876264093
0.001,EP,0.18061960298019653,190.4,0.06461546454252984,0.06583852276476065
0.001,EP,0.18061960298019653,190.60000000000002,0.0643597047269635,0.0655790398018663
0.001,EP,0.18061960298019653,190.8,0.06410490644331099,0.06532052655550125
0.001,EP,0.18061960298019653,191.0,0.06385106637801768,0.06506297971053954
0.001,EP,0.18061960298019653,191.20000000000002,0.06359818122706985,0.06480639596739834
0.001,EP,0.18061960298019653,191.4,0.06334624769597288,0.06455077203093573
0.001,EP,0.18061960298019653,191.60000000000002,0.06309526249974376,0.06429610461822222
0.001,EP,0.18061960298019653,191.8,0.06284522236289006,0.06404239045409987
0.001,EP,0.18061960298019653,192.0,0.06259612401939932,0.06378962627340279
0.001,EP,0.18061960298019653,192.20000000000002,0.062347964212721194,0.06353780882095705
0.001,EP,0.18061960298019653,192.4,0.06210073969575522,0.06328693485047054
0.001,EP,0.18061960298019653,192.60000000000002,0.061854447230833096,0.06303700112453292
0.001,EP,0.18061960298019653,192.8,0.06160908358970431,0.06278800441461563
0.001,EP,0.18061960298019653,193.0,0.06136464555352288,0.06253994150329234
0.001,EP,0.18061960298019653,193.20000000000002,0.061121129912828344,0.06229280917979807
0.001,EP,0.18061960298019653,193.4,0.06087853346753415,0.06204660424447006
0.001,EP,0.18061960298019653,193.60000000000002,0.060636853026908084,0.061801323505417116
0.001,EP,0.18061960298019653,193.8,0.06039608540956134,0.06155696378185027
0.001,EP,0.18061960298019653,194.0,0.06015622744342989,0.06131352190075212
0.001,EP,0.18061960298019653,194.20000000000002,0.05991727596575759,0.06107099469909727
0.001,EP,0.18061960298019653,194.4,0.059679227823085594,0.0608293790227421
0.001,EP,0.18061960298019653,194.60000000000002,0.059442079871230014,0.06058867172531457
0.001,EP,0.18061960298019653,194.8,0.05920582897527162,0.060348869670434624
0.001,EP,0.18061960298019653,195.0,0.05897047200953694,0.06010996973282445
0.001,EP,0.18061960298019653,195.20000000000002,0.058736005857581534,0.0598719687949778
0.001,EP,0.18061960298019653,195.4,0.058502427412177274,0.05963486374493954
0.001,EP,0.18061960298019653,195.60000000000002,0.05826973357529237,0.05939865148740786
0.001,EP,0.18061960298019653,195.8,0.05803792125807888,0.059163328928191206
0.001,EP,0.18061960298019653,196.0,0.05780698738085285,0.05892889298642068
0.001,EP,0.18061960298019653,196.20000000000002,0.057576928873080205,0.05869534059010917
0.001,EP,0.18061960298019653,196.4,0.05734774267336132,0.05846266867504113
0.001,EP,0.18061960298019653,196.60000000000002,0.057119425729410825,0.05823087418699302
0.001,EP,0.18061960298019653,196.8,0.05689197499804504,0.05799995407951286
0.001,EP,0.18061960298019653,197.0,0.056665387445163654,0.0577699053172509
0.001,EP,0.18061960298019653,197.20000000000002,0.05643966004573343,0.057540724871518734
0.001,EP,0.18061960298019653,197.4,0.056214789783771014,0.05731240972473017
0.001,EP,0.18061960298019653,197.60000000000002,0.055990773652327394,0.057084956864850156
0.001,EP,0.18061960298019653,197.8,0.05576760865346926,0.05685836329205607
0.001,EP,0.18061960298019653,198.0,0.05554529179826619,0.05663262601429686
0.001,EP,0.18061960298019653,198.20000000000002,0.055323820106767584,0.05640774204729304
0.001,EP,0.18061960298019653,198.4,0.055103190607992326,0.05618370841786735
0.001,EP,0.18061960298019653,198.60000000000002,0.054883400339906255,0.05596052216061409
0.001,EP,0.18061960298019653,198.8,0.054664446349410235,0.0557381803167889
0.001,EP,0.18061960298019653,199.0,0.05444632569231881,0.05551667993985987
0.001,EP,0.18061960298019653,199.20000000000002,0.05422903543334587,0.055296018089956434
0.001,EP,0.18061960298019653,199.4,0.05401257264608532,0.05507619183720003
0.001,EP,0.18061960298019653,199.60000000000002,0.05379693441299669,0.05485719825837343
0.001,EP,0.18061960298019653,199.8,0.053582117825387306,0.05463903444358209
0.001,EP,0.18061960298019653,200.0,0.05336811998339102,0.05442169748515191
0.001,EP,0.18061960298019653,200.20000000000002,0.05315493799595703,0.05420518448873146
0.001,EP,0.18061960298019653,200.4,0.052942568980828004,0.05398949256774088
0.001,EP,0.18061960298019653,200.60000000000002,0.05273101006452571,0.05377461884448209
0.001,EP,0.18061960298019653,200.8,0.052520258382331056,0.05356056044791835
0.001,EP,0.18061960298019653,201.0,0.052310311078268716,0.05334731451811514
0.001,EP,0.18061960298019653,201.20000000000002,0.052101165305087654,0.05313487820290952
0.001,EP,0.18061960298019653,201.4,0.051892818224246934,0.052923248657910094
0.001,EP,0.18061960298019653,201.60000000000002,0.05168526700589368,0.05271242304760726
0.001,EP,0.18061960298019653,201.8,0.05147850882884894,0.05250239854648342
0.001,EP,0.18061960298019653,202.0,0.05127254088058889,0.052293172335682314
0.001,EP,0.18061960298019653,202.20000000000002,0.0510673603572276,0.05208474160633969
0.001,EP,0.18061960298019653,202.4,0.0508629644634982,0.05187710355736286
0.001,EP,0.18061960298019653,202.60000000000002,0.050659350412737336,0.05167025539654091
0.001,EP,0.18061960298019653,202.8,0.050456515426863816,0.0514641943394345
0.001,EP,0.18061960298019653,203.0,0.05025445673636569,0.05125891760937584
0.001,EP,0.18061960298019653,203.20000000000002,0.050053171580277965,0.05105442244190961
0.001,EP,0.18061960298019653,203.4,0.04985265720616797,0.050850706075911134
0.001,EP,0.18061960298019653,203.60000000000002,0.049652910870115356,0.050647765763578434
0.001,EP,0.18061960298019653,203.8,0.049453929836695776,0.05044559876044019
0.001,EP,0.18061960298019653,204.0,0.049255711378961495,0.050244202335347765
0.001,EP,0.18061960298019653,204.20000000000002,0.049058252778424516,0.05004357376159341
0.001,EP,0.18061960298019653,204.4,0.0488615513250387,0.049843710322461376
0.001,EP,0.18061960298019653,204.60000000000002,0.04866560431718156,0.04964460931122794
0.001,EP,0.18061960298019653,204.8,0.04847040906163549,0.04944626802561025
0.001,EP,0.18061960298019653,205.0,0.04827596287356998,0.049248683774427704
0.001,EP,0.18061960298019653,205.20000000000002,0.04808226307652559,0.04905185387649169
0.001,EP,0.18061960298019653,205.4,0.04788930700239289,0.04885577565394428
0.001,EP,0.18061960298019653,205.60000000000002,0.04769709199139576,0.04866044644002976
0.001,EP,0.18061960298019653,205.8,0.04750561539207368,0.04846586357687421
0.001,EP,0.18061960298019653,206.0,0.04731487456126286,0.04827202441437528
0.001,EP,0.18061960298019653,206.20000000000002,0.04712486686407841,0.04807892630798172
0.001,EP,0.18061960298019653,206.4,0.04693558967389617,0.04788656662535473
0.001,EP,0.18061960298019653,206.60000000000002,0.04674704037233429,0.04769494274081687
0.001,EP,0.18061960298019653,206.8,0.04655921634923569,0.04750405203535202
0.001,EP,0.18061960298019653,207.0,0.04637211500264765,0.047313891898825844
0.001,EP,0.18061960298019653,207.20000000000002,0.046185733738807355,0.0471244597299858
0.001,EP,0.18061960298019653,207.4,0.04600006997212061,0.04693575293646113
0.001,EP,0.18061960298019653,207.60000000000002,0.0458151211251446,0.04674776893032195
0.001,EP,0.18061960298019653,207.8,0.04563088462856829,0.04656050513585086
0.001,EP,0.18061960298019653,208.0,0.0454473579211973,0.04637395898288155
0.001,EP,0.18061960298019653,208.20000000000002,0.045264538449931696,0.04618812791123972
0.001,EP,0.18061960298019653,208.4,0.04508242366975166,0.04600300936519197
0.001,EP,0.18061960298019653,208.60000000000002,0.04490101104369421,0.04581860080232758
0.001,EP,0.18061960298019653,208.8,0.04472029804284017,0.045634899682456265
0.001,EP,0.18061960298019653,209.0,0.044540282146291514,0.0454519034776002
0.001,EP,0.18061960298019653,209.20000000000002,0.04436096084115635,0.045269609665332666
0.001,EP,0.18061960298019653,209.4,0.04418233162252813,0.04508801573321897
0.001,EP,0.18061960298019653,209.60000000000002,0.04400439199346722,0.044907119173265286
0.001,EP,0.18061960298019653,209.8,0.04382713946498501,0.044726917489690265
0.001,EP,0.18061960298019653,210.0,0.04365057155602241,0.04454740819226366
0.001,EP,0.18061960298019653,210.20000000000002,0.043474685793433804,0.044368588797416564
0.001,EP,0.18061960298019653,210.4,0.04329947971196675,0.044190456830461855
0.001,EP,0.18061960298019653,210.60000000000002,0.04312495085424529,0.04401300982781464
0.001,EP,0.18061960298019653,210.8,0.042951096770750014,0.043836245327000256
0.001,EP,0.18061960298019653,211.0,0.04277791501980107,0.04366016087997693
0.001,EP,0.18061960298019653,211.20000000000002,0.04260540316753794,0.04348475404203356
0.001,EP,0.18061960298019653,211.4,0.04243355878790203,0.04331002237734083
0.001,EP,0.18061960298019653,211.60000000000002,0.0422623794626195,0.04313596346006143
0.001,EP,0.18061960298019653,211.8,0.04209186278117929,0.04296257486657851
0.001,EP,0.18061960298019653,212.0,0.041922006340817664,0.04278985418770809
0.001,EP,0.18061960298019653,212.20000000000002,0.041752807746498984,0.04261779901648666
0.001,EP,0.18061960298019653,212.4,0.0415842646108977,0.04244640695705293
0.001,EP,0.18061960298019653,212.60000000000002,0.04141637455437741,0.042275675620206954
0.001,EP,0.18061960298019653,212.8,0.04124913520497607,0.04210560262341012
0.001,EP,0.18061960298019653,213.0,0.0410825441983844,0.04193618559189538
0.001,EP,0.18061960298019653,213.20000000000002,0.04091659917792894,0.04176742215977747
0.001,EP,0.18061960298019653,213.4,0.04075129779455353,0.04159930996672223
0.001,EP,0.18061960298019653,213.60000000000002,0.040586637706800016,0.04143184666238753
0.001,EP,0.18061960298019653,213.8,0.040422616580790716,0.041265029903092554
0.001,EP,0.18061960298019653,214.0,0.04025923209020988,0.04109885735070762
0.001,EP,0.18061960298019653,214.20000000000002,0.0400964819162832,0.040933326675984816
0.001,EP,0.18061960298019653,214.4,0.039934363747762595,0.040768435558558025
0.001,EP,0.18061960298019653,214.60000000000002,0.03977287528090589,0.04060418168472246
0.001,EP,0.18061960298019653,214.8,0.039612014219457294,0.04044056274521424
0.001,EP,0.18061960298019653,215.0,0.0394517782746317,0.04027757644298191
0.001,EP,0.18061960298019653,215.20000000000002,0.039292165165093595,0.04011522048541494
0.001,EP,0.18061960298019653,215.4,0.03913317261694036,0.03995349258656411
0.001,EP,0.18061960298019653,215.60000000000002,0.038974798363682325,0.03979239047158245
0.001,EP,0.18061960298019653,215.8,0.03881704014622558,0.03963191186895365
0.001,EP,0.18061960298019653,216.0,0.03865989571285331,0.03947205451715341
0.001,EP,0.18061960298019653,216.20000000000002,0.038503362819206306,0.03931281615909832
0.001,EP,0.18061960298019653,216.4,0.038347439228266215,0.0391541945488072
0.001,EP,0.18061960298019653,216.60000000000002,0.0381921227103347,0.03899618744473976
0.001,EP,0.18061960298019653,216.8,0.03803741104301813,0.038838792614237505
0.001,EP,0.18061960298019653,217.0,0.037883302011206474,0.038682007830193044
0.001,EP,0.18061960298019653,217.20000000000002,0.037729793407056185,0.03852583087438077
0.001,EP,0.18061960298019653,217.4,0.037576883029971156,0.038370259534126205
0.001,EP,0.18061960298019653,217.60000000000002,0.03742456868658534,0.038215291605636637
0.001,EP,0.18061960298019653,217.8,0.037272848190742947,0.038060924889560255
0.001,EP,0.18061960298019653,218.0,0.03712171936348164,0.0379071571987577
0.001,EP,0.18061960298019653,218.20000000000002,0.03697118003301179,0.037753986348310065
0.001,EP,0.18061960298019653,218.4,0.03682122803470133,0.037601410162180215
0.001,EP,0.18061960298019653,218.60000000000002,0.036671861211054806,0.037449426470992364
0.001,EP,0.18061960298019653,218.8,0.03652307741169574,0.037298033114252505
0.001,EP,0.18061960298019653,219.0,0.03637487449334939,0.03714722793590752
0.001,EP,0.18061960298019653,219.20000000000002,0.036227250319821776,0.03699700878767587
0.001,EP,0.18061960298019653,219.4,0.03608020276198436,0.03684737353126799
0.001,EP,0.18061960298019653,219.60000000000002,0.03593372969775481,0.036698320030614795
0.001,EP,0.18061960298019653,219.8,0.035787829012076874,0.03654984615963919
0.001,EP,0.18061960298019653,220.0,0.03564249859690513,0.036401949798925415
0.001,EP,0.18061960298019653,220.20000000000002,0.03549773635118401,0.03625462883460884
0.001,EP,0.18061960298019653,220.4,0.03535354018083075,0.036107881162816824
0.001,EP,0.18061960298019653,220.60000000000002,0.03520990799871812,0.03596170468189719
0.001,EP,0.18061960298019653,220.8,0.03506683772465367,0.0358160973024102
0.001,EP,0.18061960298019653,221.0,0.034924327285364175,0.03567105693713657
0.001,EP,0.18061960298019653,221.20000000000002,0.03478237461447614,0.0355265815077388
0.001,EP,0.18061960298019653,221.4,0.03464097765249609,0.03538266894365094
0.001,EP,0.18061960298019653,221.60000000000002,0.034500134346796545,0.0352393171809684
0.001,EP,0.18061960298019653,221.8,0.03435984265159336,0.03509652416022746
0.001,EP,0.18061960298019653,222.0,0.034220100527930605,0.034954287829735975
0.001,EP,0.18061960298019653,222.20000000000002,0.03408090594366047,0.03481260614668358
0.001,EP,0.18061960298019653,222.4,0.033942256873426974,0.03467147707381102
0.001,EP,0.18061960298019653,222.60000000000002,0.033804151298646466,0.03453089857941016
0.001,EP,0.18061960298019653,222.8,0.03366658720749003,0.034390868639544436
0.001,EP,0.18061960298019653,223.0,0.03352956259486543,0.0342513852369386
0.001,EP,0.18061960298019653,223.20000000000002,0.03339307546239864,0.034112446360978765
0.001,EP,0.18061960298019653,223.4,0.03325712381841725,0.03397405000660214
0.001,EP,0.18061960298019653,223.60000000000002,0.033121705677930185,0.033836194178737955
0.001,EP,0.18061960298019653,223.8,0.03298681906261134,0.033698876883425655
0.001,EP,0.18061960298019653,224.0,0.032852462000781735,0.03356209613891714
0.001,EP,0.18061960298019653,224.20000000000002,0.03271863252738992,0.033425849966794985
0.001,EP,0.18061960298019653,224.4,0.03258532868399611,0.03329013639752354
0.001,EP,0.18061960298019653,224.60000000000002,0.03245254851875272,0.03315495346489783
0.001,EP,0.18061960298019653,224.8,0.03232029008638633,0.03302029921048444
0.001,EP,0.18061960298019653,225.0,0.03218855144818191,0.03288617168584196
0.001,EP,0.18061960298019653,225.20000000000002,0.032057330671962085,0.032752568943639204
0.001,EP,0.18061960298019653,225.4,0.031926625832071405,0.032619489046537
0.001,EP,0.18061960298019653,225.60000000000002,0.03179643500935781,0.03248693006274728
0.001,EP,0.18061960298019653,225.8,0.031666756291154494,0.032354890067143316
0.001,EP,0.18061960298019653,226.0,0.0315375877712619,0.032223367140149506
0.001,EP,0.18061960298019653,226.20000000000002,0.031408927549931256,0.032092359368851575
0.001,EP,0.18061960298019653,226.4,0.031280773733845774,0.031961864848106813
0.001,EP,0.18061960298019653,226.60000000000002,0.031153124436102943,0.031831881678323626
0.001,EP,0.18061960298019653,226.8,0.03102597777619713,0.03170240796546153
0.001,EP,0.18061960298019653,227.0,0.030899331880001664,0.03157344182325161
0.001,EP,0.18061960298019653,227.20000000000002,0.0307731848797514,0.03144498136986584
0.001,EP,0.18061960298019653,227.4,0.030647534914025134,0.03131702473235798
0.001,EP,0.18061960298019653,227.60000000000002,0.030522380127727126,0.03118957004222267
0.001,EP,0.18061960298019653,227.8,0.030397718672070934,0.031062615437615904
0.001,EP,0.18061960298019653,228.0,0.030273548704560498,0.030936159063355007
0.001,EP,0.18061960298019653,228.20000000000002,0.030149868388973124,0.030810199068698196
0.001,EP,0.18061960298019653,228.4,0.030026675895342716,0.030684733612895698
0.001,EP,0.18061960298019653,228.60000000000002,0.029903969399940323,0.030559760858528406
0.001,EP,0.18061960298019653,228.8,0.029781747085258638,0.03043527897372833
0.001,EP,0.18061960298019653,229.0,0.029660007139993522,0.030311286136619486
0.001,EP,0.18061960298019653,229.20000000000002,0.029538747759026665,0.030187780526436114
0.001,EP,0.18061960298019653,229.4,0.029417967143408382,0.030064760331294238
0.001,EP,0.18061960298019653,229.60000000000002,0.02929766350033957,0.029942223748191665
0.001,EP,0.18061960298019653,229.8,0.029177835043155548,0.029820168974126204
0.001,EP,0.18061960298019653,230.0,0.02905847999130799,0.029698594217197893
0.001,EP,0.18061960298019653,230.20000000000002,0.028939596570346768,0.029577497687727217
0.001,EP,0.18061960298019653,230.4,0.02882118301190434,0.02945687760713689
0.001,EP,0.18061960298019653,230.60000000000002,0.028703237553676673,0.029336732197959847
0.001,EP,0.18061960298019653,230.8,0.028585758439408512,0.02921705969050059
0.001,EP,0.18061960298019653,231.0,0.028468743918872726,0.02909785832283518
0.001,EP,0.18061960298019653,231.20000000000002,0.02835219224785613,0.028979126336370342
0.001,EP,0.18061960298019653,231.4,0.028236101688141235,0.028860861979174146
0.001,EP,0.18061960298019653,231.60000000000002,0.02812047050748781,0.02874306350708622
0.001,EP,0.18061960298019653,231.8,0.02800529697961788,0.028625729180387083
0.001,EP,0.18061960298019653,232.0,0.027890579384197617,0.02850885726379815
0.001,EP,0.18061960298019653,232.20000000000002,0.027776316006820026,0.028392446030922613
0.001,EP,0.18061960298019653,232.4,0.027662505138988415,0.028276493758694343
0.001,EP,0.18061960298019653,232.60000000000002,0.027549145078098976,0.028160998732928988
0.001,EP,0.18061960298019653,232.8,0.02743623412742369,0.02804595924388309
0.001,EP,0.18061960298019653,233.0,0.027323770596094338,0.02793137358514386
0.001,EP,0.18061960298019653,233.20000000000002,0.02721175279908438,0.027817240060290516
0.001,EP,0.18061960298019653,233.4,0.027100179057192367,0.0277035569740125
0.001,EP,0.18061960298019653,233.60000000000002,0.026989047697025193,0.027590322642101484
0.001,EP,0.18061960298019653,233.8,0.026878357050981426,0.027477535382569584
0.001,EP,0.18061960298019653,234.0,0.026768105457234608,0.02736519352120048
0.001,EP,0.18061960298019653,234.20000000000002,0.026658291259714816,0.027253295387108523
0.001,EP,0.18061960298019653,234.4,0.026548912808094304,0.027141839317179617
0.001,EP,0.18061960298019653,234.60000000000002,0.02643996845776977,0.027030823652740565
0.001,EP,0.18061960298019653,234.8,0.02633145656984403,0.02692024674288973
0.001,EP,0.18061960298019653,235.0,0.026223375511112288,0.02681010693894592
0.001,EP,0.18061960298019653,235.20000000000002,0.026115723654042956,0.026700402599999506
0.001,EP,0.18061960298019653,235.4,0.026008499376762396,0.026591132092912417
0.001,EP,0.18061960298019653,235.60000000000002,0.025901701063037696,0.02648229378676703
0.001,EP,0.18061960298019653,235.8,0.025795327102260332,0.02637388605730706
0.001,EP,0.18061960298019653,236.0,0.025689375889429173,0.02626590728582734
0.001,EP,0.18061960298019653,236.20000000000002,0.025583845825135215,0.02615835585917381
0.001,EP,0.18061960298019653,236.4,0.025478735315543115,0.026051230170853756
0.001,EP,0.18061960298019653,236.60000000000002,0.02537404277237634,0.02594452861770513
0.001,EP,0.18061960298019653,236.8,0.025269766612900445,0.025838249605447672
0.001,EP,0.18061960298019653,237.0,0.02516590525990537,0.02573239154202156
0.001,EP,0.18061960298019653,237.20000000000002,0.02506245714169097,0.02562695284313854
0.001,EP,0.18061960298019653,237.4,0.024959420692049553,0.025521931927841024
0.001,EP,0.18061960298019653,237.60000000000002,0.024856794350249158,0.025417327222942987
0.001,EP,0.18061960298019653,237.8,0.024754576561018826,0.025313137158589072
0.001,EP,0.18061960298019653,238.0,0.024652765774530367,0.025209360172695483
0.001,EP,0.18061960298019653,238.20000000000002,0.024551360446383636,0.02510599470539887
0.001,EP,0.18061960298019653,238.4,0.024450359037589797,0.02500303920571767
0.001,EP,0.18061960298019653,238.60000000000002,0.024349760014554217,0.024900492126000984
0.001,EP,0.18061960298019653,238.8,0.024249561849062747,0.02479835192414903
0.001,EP,0.18061960298019653,239.0,0.024149763018262646,0.024696617063613147
0.001,EP,0.18061960298019653,239.20000000000002,0.02405036200464898,0.024595286014506
0.001,EP,0.18061960298019653,239.4,0.02395135729604681,0.024494357249160714
0.001,EP,0.18061960298019653,239.60000000000002,0.023852747385595632,0.024393829248792187
0.001,EP,0.18061960298019653,239.8,0.023754530771734384,0.02429370049794599
0.001,EP,0.18061960298019653,240.0,0.023656705958184317,0.02419396948560859
0.001,EP,0.18061960298019653,240.20000000000002,0.023559271453932717,0.024094634709648233
0.001,EP,0.18061960298019653,240.4,0.023462225773219037,0.023995694667933165
0.001,EP,0.18061960298019653,240.60000000000002,0.023365567435516356,0.023897147868323643
0.001,EP,0.18061960298019653,240.8,0.023269294965517405,0.023798992820900366
0.001,EP,0.18061960298019653,241.0,0.023173406893118347,0.023701228042405376
0.001,EP,0.18061960298019653,241.20000000000002,0.023077901753402713,0.023603852055131824
0.001,EP,0.18061960298019653,241.4,0.022982778086625116,0.023506863383593313
0.001,EP,0.18061960298019653,241.60000000000002,0.022888034438197338,0.023410260561185225
0.001,EP,0.18061960298019653,241.8,0.022793669358670412,0.023314042124633616
0.001,EP,0.18061960298019653,242.0,0.022699681403720275,0.023218206616215653
0.001,EP,0.18061960298019653,242.20000000000002,0.022606069134132246,0.02312275258375962
0.001,EP,0.18061960298019653,242.4,0.022512831115784605,0.023027678577314248
0.001,EP,0.18061960298019653,242.60000000000002,0.022419965919633685,0.022932983156920272
0.001,EP,0.18061960298019653,242.8,0.022327472121697757,0.02283866488261843
0.001,EP,0.18061960298019653,243.0,0.022235348303042603,0.022744722323331246
0.001,EP,0.18061960298019653,243.20000000000002,0.022143593049764338,0.022651154051311906
0.001,EP,0.18061960298019653,243.4,0.022052204952975593,0.022557958644364717
0.001,EP,0.18061960298019653,243.60000000000002,0.02196118260878938,0.022465134684734878
0.001,EP,0.18061960298019653,243.8,0.021870524618303248,0.0223726807602187
0.001,EP,0.18061960298019653,244.0,0.02178022958758519,0.022280595463053388
0.001,EP,0.18061960298019653,244.20000000000002,0.02169029612765715,0.02218887738991704
0.001,EP,0.18061960298019653,244.4,0.021600722854480146,0.02209752514525931
0.001,EP,0.18061960298019653,244.60000000000002,0.021511508388939237,0.02200653733575031
0.001,EP,0.18061960298019653,244.8,0.021422651356827947,0.021915912571390805
0.001,EP,0.18061960298019653,245.0,0.02133415038883343,0.021825649473283804
0.001,EP,0.18061960298019653,245.20000000000002,0.021246004120520613,0.02173574666031186
0.001,EP,0.18061960298019653,245.4,0.021158211192318106,0.02164620276023932
0.001,EP,0.18061960298019653,245.60000000000002,0.021070770249502657,0.021557016405271412
0.001,EP,0.18061960298019653,245.8,0.020983679942183246,0.021468186232054265
0.001,EP,0.18061960298019653,246.0,0.02089693892528762,0.02137971088278512
0.001,EP,0.18061960298019653,246.20000000000002,0.020810545858545856,0.02129158900188166
0.001,EP,0.18061960298019653,246.4,0.020724499406476537,0.021203819240422916
0.001,EP,0.18061960298019653,246.60000000000002,0.020638798238370903,0.021116400255039025
0.001,EP,0.18061960298019653,246.8,0.02055344102827865,0.02102933070680102
0.001,EP,0.18061960298019653,247.0,0.020468426454992465,0.020942609261220824
0.001,EP,0.18061960298019653,247.20000000000002,0.020383753202033596,0.02085623458714103
0.001,EP,0.18061960298019653,247.4,0.020299419957637264,0.020770205360065574
0.001,EP,0.18061960298019653,247.60000000000002,0.020215425414736952,0.020684520259939276
0.001,EP,0.18061960298019653,247.8,0.020131768270950506,0.020599177968927407
0.001,EP,0.18061960298019653,248.0,0.02004844722856545,0.02051417717807702
0.001,EP,0.18061960298019653,248.20000000000002,0.019965460994523784,0.020429516579545393
0.001,EP,0.18061960298019653,248.4,0.01988280828040772,0.02034519487215114
0.001,EP,0.18061960298019653,248.60000000000002,0.01980048780242491,0.02026121075915377
0.001,EP,0.18061960298019653,248.8,0.01971849828139404,0.02017756294825368
0.001,EP,0.18061960298019653,249.0,0.019636838442729714,0.020094250149371717
0.001,EP,0.18061960298019653,249.20000000000002,0.01955550701642943,0.02001127108131051
0.001,EP,0.18061960298019653,249.4,0.019474502737056476,0.019928624463982914
0.001,EP,0.18061960298019653,249.60000000000002,0.019393824343728872,0.019846309022852893
0.001,EP,0.18061960298019653,249.8,0.019313470580101914,0.019764323490045754
0.001,EP,0.18061960298019653,250.0,0.019233440194355276,0.019682666598797027
0.001,EP,0.18061960298019653,250.20000000000002,0.019153731939178943,0.019601337090113802
0.001,EP,0.18061960298019653,250.4,0.019074344571757558,0.01952033370611339
0.001,EP,0.18061960298019653,250.60000000000002,0.01899527685375797,0.019439655195574446
0.001,EP,0.18061960298019653,250.8,0.018916527551312807,0.019359300312826733
0.001,EP,0.18061960298019653,251.0,0.0188380954350086,0.01927926781220002
0.001,EP,0.18061960298019653,251.20000000000002,0.018759979279869377,0.0191995564591263
0.001,EP,0.18061960298019653,251.4,0.018682177865344356,0.019120165016817126
0.001,EP,0.18061960298019653,251.60000000000002,0.0186046899752926,0.019041092257365833
0.001,EP,0.18061960298019653,251.8,0.018527514397969836,0.0189623369550862
0.001,EP,0.18061960298019653,252.0,0.01845064992601336,0.01888389789095335
0.001,EP,0.18061960298019653,252.20000000000002,0.01837409535642906,0.018805773845942397
0.001,EP,0.18061960298019653,252.4,0.018297849490576168,0.018727963609910248
0.001,EP,0.18061960298019653,252.60000000000002,0.01822191113415553,0.018650465976044472
0.001,EP,0.18061960298019653,252.8,0.018146279097192932,0.018573279740863313
0.001,EP,0.18061960298019653,253.0,0.01807095219402695,0.01849640370421568
0.001,EP,0.18061960298019653,253.20000000000002,0.017995929243295322,0.018419836673722045
0.001,EP,0.18061960298019653,253.4,0.017921209067919577,0.01834357745700288
0.001,EP,0.18061960298019653,253.60000000000002,0.0178467904950925,0.018267624869450216
0.001,EP,0.18061960298019653,253.8,0.017772672356264178,0.018191977728676534
0.001,EP,0.18061960298019653,254.0,0.017698853487128137,0.018116634856735203
0.001,EP,0.18061960298019653,254.20000000000002,0.017625332727607607,0.018041595082340933
0.001,EP,0.18061960298019653,254.4,0.01755210892184172,0.01796685723642888
0.001,EP,0.18061960298019653,254.60000000000002,0.017479180918172247,0.017892420153264865
0.001,EP,0.18061960298019653,254.8,0.017406547569130015,0.017818282671555608
0.001,EP,0.18061960298019653,255.0,0.017334207731421143,0.017744443637779383
0.001,EP,0.18061960298019653,255.20000000000002,0.01726216026591325,0.017670901897304248
0.001,EP,0.18061960298019653,255.4,0.017190404037622377,0.017597656302159592
0.001,EP,0.18061960298019653,255.60000000000002,0.01711893791569979,0.017524705709925925
0.001,EP,0.18061960298019653,255.8,0.017047760773417724,0.0174520489804042
0.001,EP,0.18061960298019653,256.0,0.01697687148815693,0.017379684977836263
0.001,EP,0.18061960298019653,256.2,0.01690626894139227,0.01730761257090485
0.001,EP,0.18061960298019653,256.40000000000003,0.01683595201868056,0.017235830631623372
0.001,EP,0.18061960298019653,256.6,0.016765919609645952,0.017164338036446125
0.001,EP,0.18061960298019653,256.8,0.016696170607968464,0.017093133667378524
0.001,EP,0.18061960298019653,257.0,0.01662670391136877,0.017022216409756652
0.001,EP,0.18061960298019653,257.2,0.016557518421596355,0.016951585150026816
0.001,EP,0.18061960298019653,257.40000000000003,0.016488613044415772,0.016881238783517105
0.001,EP,0.18061960298019653,257.6,0.016419986689593723,0.016811176206665834
0.001,EP,0.18061960298019653,257.8,0.016351638270886124,0.016741396319241986
0.001,EP,0.18061960298019653,258.0,0.016283566706024613,0.016671898026565657
0.001,EP,0.18061960298019653,258.2,0.016215770916703856,0.016602680238397838
0.001,EP,0.18061960298019653,258.40000000000003,0.016148249828568245,0.016533741866719964
0.001,EP,0.18061960298019653,258.6,0.016081002371199343,0.01646508183017481
0.001,EP,0.18061960298019653,258.8,0.016014027478102634,0.016396699046294927
0.001,EP,0.18061960298019653,259.0,0.015947324086695053,0.016328592442604872
0.001,EP,0.18061960298019653,259.2,0.015880891138291338,0.016260760946629205
0.001,EP,0.18061960298019653,259.40000000000003,0.01581472757809177,0.016193203490333374
0.001,EP,0.18061960298019653,259.6,0.01574883235516969,0.01612591901234417
0.001,EP,0.18061960298019653,259.8,0.015683204422457707,0.01605890645128838
0.001,EP,0.18061960298019653,260.0,0.015617842736735896,0.015992164751343907
0.001,EP,0.18061960298019653,260.2,0.015552746258618957,0.015925692860019325
0.001,EP,0.18061960298019653,260.40000000000003,0.01548791395254299,0.01585948973037432
0.001,EP,0.18061960298019653,260.6,0.015423344786753359,0.01579355431768903
0.001,EP,0.18061960298019653,260.8,0.015359037733292192,0.01572788557946403
0.001,EP,0.18061960298019653,261.0,0.015294991767985395,0.015662482482081685
0.001,EP,0.18061960298019653,261.2,0.015231205870430177,0.015597343990814139
0.001,EP,0.18061960298019653,261.40000000000003,0.015167679023982654,0.015532469076484645
0.001,EP,0.18061960298019653,261.6,0.015104410215745797,0.015467856714357353
0.001,EP,0.18061960298019653,261.8,0.015041398436556648,0.01540350588302708
0.001,EP,0.18061960298019653,262.0,0.014978642680973032,0.015339415564419312
0.001,EP,0.18061960298019653,262.2,0.014916141947262923,0.015275584743790205
0.001,EP,0.18061960298019653,262.40000000000003,0.01485389523739067,0.015212012409726583
0.001,EP,0.18061960298019653,262.6,0.014791901557005466,0.015148697558586832
0.001,EP,0.18061960298019653,262.8,0.014730159915428618,0.015085639184508892
0.001,EP,0.18061960298019653,263.0,0.014668669325642085,0.01502283628829204
0.001,EP,0.18061960298019653,263.2,0.01460742880427442,0.014960287876286671
0.001,EP,0.18061960298019653,263.40000000000003,0.014546437371591333,0.014897992954843176
0.001,EP,0.18061960298019653,263.6,0.01448569405148111,0.01483595053475284
0.001,EP,0.18061960298019653,263.8,0.014425197871443854,0.014774159633468287
0.001,EP,0.18061960298019653,264.0,0.014364947862578884,0.01471261926844214
0.001,EP,0.18061960298019653,264.2,0.014304943059572774,0.014651328461567914
0.001,EP,0.18061960298019653,264.40000000000003,0.014245182500687648,0.01459028624029024
0.001,EP,0.18061960298019653,264.6,0.014185665227748282,0.014529491633163971
0.001,EP,0.18061960298019653,264.8,0.014126390286131753,0.014468943675405299
0.001,EP,0.18061960298019653,265.0,0.014067356724753602,0.014408641401120192
0.001,EP,0.18061960298019653,265.2,0.014008563596057526,0.014348583851075958
0.001,EP,0.18061960298019653,265.40000000000003,0.013950009956002488,0.014288770070480794
0.001,EP,0.18061960298019653,265.6,0.013891694864051757,0.014229199105653123
0.001,EP,0.18061960298019653,265.8,0.013833617383160482,0.014169870006242036
0.001,EP,0.18061960298019653,266.0,0.013775776579763468,0.014110781829668184
0.001,EP,0.18061960298019653,266.2,0.013718171523765315,0.014051933631131774
0.001,EP,0.18061960298019653,266.40000000000003,0.013660801288526342,0.013993324473604574
0.001,EP,0.18061960298019653,266.6,0.013603664950852924,0.01393495342005835
0.001,EP,0.18061960298019653,266.8,0.013546761590984596,0.013876819540126206
0.001,EP,0.18061960298019653,267.0,0.013490090292582512,0.013818921905661696
0.001,EP,0.18061960298019653,267.2,0.013433650142719227,0.01376125959184904
0.001,EP,0.18061960298019653,267.40000000000003,0.013377440231865184,0.013703831676092904
0.001,EP,0.18061960298019653,267.6,0.013321459653878789,0.013646637241349069
0.001,EP,0.18061960298019653,267.8,0.013265707505994397,0.013589675372793764
0.001,EP,0.18061960298019653,268.0,0.01321018288881003,0.013532945158933884
0.001,EP,0.18061960298019653,268.2,0.013154884906277775,0.013476445691606997
0.001,EP,0.18061960298019653,268.40000000000003,0.013099812665690621,0.013420176065981337
0.001,EP,0.18061960298019653,268.6,0.01304496527767218,0.013364135381666031
0.001,EP,0.18061960298019653,268.8,0.012990341856165297,0.013308322740490652
0.001,EP,0.18061960298019653,269.0,0.012935941518419942,0.013252737248725666
0.001,EP,0.18061960298019653,269.2,0.012881763384983088,0.01319737801375176
0.001,EP,0.18061960298019653,269.40000000000003,0.012827806579686766,0.013142244148500737
0.001,EP,0.18061960298019653,269.6,0.012774070229636735,0.013087334767014625
0.001,EP,0.18061960298019653,269.8,0.012720553465202521,0.013032648989996787
0.001,EP,0.18061960298019653,270.0,0.012667255420004296,0.012978185938150588
0.001,EP,0.18061960298019653,270.2,0.012614175230903697,0.012923944737730508
0.001,EP,0.18061960298019653,270.40000000000003,0.012561312037991828,0.012869924517211473
0.001,EP,0.18061960298019653,270.6,0.01250866498457814,0.012816124407288854
0.001,EP,0.18061960298019653,270.8,0.01245623321717984,0.012762543543098914
0.001,EP,0.18061960298019653,271.0,0.012404015885510641,0.012709181063108588
0.001,EP,0.18061960298019653,271.2,0.012352012142469835,0.012656036108005253
0.001,EP,0.18061960298019653,271.40000000000003,0.012300221144131889,0.012603107822917181
0.001,EP,0.18061960298019653,271.6,0.012248642049734759,0.012550395356303312
0.001,EP,0.18061960298019653,271.8,0.012197274021669159,0.012497897858843032
0.001,EP,0.18061960298019653,272.0,0.012146116225468764,0.01244561448232595
0.001,EP,0.18061960298019653,272.2,0.012095167829798041,0.012393544386313238
0.001,EP,0.18061960298019653,272.40000000000003,0.01204442800644232,0.012341686730366064
0.001,EP,0.18061960298019653,272.6,0.01199389593029712,0.012290040678486491
0.001,EP,0.18061960298019653,272.8,0.011943570779356634,0.012238605396897029
0.001,EP,0.18061960298019653,273.0,0.011893451734704252,0.012187380056261077
0.001,EP,0.18061960298019653,273.2,0.01184353798050092,0.012136363828352259
0.001,EP,0.18061960298019653,273.40000000000003,0.011793828703975096,0.012085555888274868
0.001,EP,0.18061960298019653,273.6,0.011744323095412066,0.012034955416684312
0.001,EP,0.18061960298019653,273.8,0.011695020348143055,0.011984561595346221
0.001,EP,0.18061960298019653,274.0,0.011645919658535363,0.011934373608246673
0.001,EP,0.18061960298019653,274.2,0.011597020225981282,0.01188439064492286
0.001,EP,0.18061960298019653,274.40000000000003,0.011548321252888264,0.011834611896022196
0.001,EP,0.18061960298019653,274.6,0.01149982194466762,0.011785036555522765
0.001,EP,0.18061960298019653,274.8,0.01145152150972494,0.011735663821843545
0.001,EP,0.18061960298019653,275.0,0.011403419159449488,0.01168649289340351
0.001,EP,0.18061960298019653,275.2,0.011355514108203646,0.011637522974172754
0.001,EP,0.18061960298019653,275.40000000000003,0.011307805573313129,0.011588753271452035
0.001,EP,0.18061960298019653,275.6,0.011260292775055738,0.011540182992542114
0.001,EP,0.18061960298019653,275.8,0.011212974936652529,0.011491811352515313
0.001,EP,0.18061960298019653,276.0,0.011165851284256212,0.011443637564223508
0.001,EP,0.18061960298019653,276.2,0.011118921046942004,0.011395660846069688
0.001,EP,0.18061960298019653,276.40000000000003,0.011072183456696834,0.011347880418677292
0.001,EP,0.18061960298019653,276.6,0.011025637748409685,0.011300295507110647
0.001,EP,0.18061960298019653,276.8,0.010979283159860874,0.011252905337544306
0.001,EP,0.18061960298019653,277.0,0.010933118931713011,0.011205709139483488
0.001,EP,0.18061960298019653,277.2,0.0108871443074997,0.011158706146874309
0.001,EP,0.18061960298019653,277.40000000000003,0.010841358533616596,0.01111189559366288
0.001,EP,0.18061960298019653,277.6,0.010795760859310841,0.011065276719346429
0.001,EP,0.18061960298019653,277.8,0.010750350536671423,0.011018848764532407
0.001,EP,0.18061960298019653,278.0,0.010705126820619242,0.010972610973158936
0.001,EP,0.18061960298019653,278.2,0.010660088968896806,0.010926562592494804
0.001,EP,0.18061960298019653,278.40000000000003,0.01061523624205894,0.01088070287313947
0.001,EP,0.18061960298019653,278.6,0.010570567903462594,0.010835031066802614
0.001,EP,0.18061960298019653,278.8,0.010526083219257605,0.010789546429634811
0.001,EP,0.18061960298019653,279.0,0.010481781458375673,0.010744248218896857
0.001,EP,0.18061960298019653,279.2,0.010437661892522177,0.010699135695180217
0.001,EP,0.18061960298019653,279.40000000000003,0.0103937237961655,0.010654208124627473
0.001,EP,0.18061960298019653,279.6,0.010349966446527425,0.010609464772270982
0.001,EP,0.18061960298019653,279.8,0.01030638912357392,0.010564904907583994
0.001,EP,0.18061960298019653,280.0,0.010262991110005046,0.010520527802260204
0.001,EP,0.18061960298019653,280.2,0.010219771691245742,0.010476332732434201
0.001,EP,0.18061960298019653,280.40000000000003,0.010176730155435748,0.010432318975350796
0.001,EP,0.18061960298019653,280.6,0.010133865793420732,0.010388485810475245
0.001,EP,0.18061960298019653,280.8,0.010091177898742507,0.010344832520603475
0.001,EP,0.18061960298019653,281.0,0.010048665767629025,0.010301358392972304
0.001,EP,0.18061960298019653,281.2,0.010006328698985939,0.01025806271481855
0.001,EP,0.18061960298019653,281.40000000000003,0.00996416599438615,0.010214944778930146
0.001,EP,0.18061960298019653,281.6,0.009922176958061513,0.010172003876984803
0.001,EP,0.18061960298019653,281.8,0.00988036089689229,0.01012923930732157
0.001,EP,0.18061960298019653,282.0,0.009838717120398547,0.010086650368279493
0.001,EP,0.18061960298019653,282.2,0.009797244940731007,0.010044236362638514
0.001,EP,0.18061960298019653,282.40000000000003,0.009755943672660963,0.010001996593178575
0.001,EP,0.18061960298019653,282.6,0.00971481263357185,0.00995993036823073
0.001,EP,0.18061960298019653,282.8,0.009673851143449545,0.009918036997236257
0.001,EP,0.18061960298019653,283.0,0.009633058524873289,0.009876315791856882
0.001,EP,0.18061960298019653,283.2,0.009592434103006751,0.009834766068195222
0.001,EP,0.18061960298019653,283.40000000000003,0.009551977205588591,0.009793387142353893
0.001,EP,0.18061960298019653,283.6,0.009511687162923025,0.009752178334876405
0.001,EP,0.18061960298019653,283.8,0.009471563307872013,0.009711138970747157
0.001,EP,0.18061960298019653,284.0,0.009431604975844526,0.009670268372730106
0.001,EP,0.18061960298019653,284.2,0.00939181150478865,0.009629565869140322
0.001,EP,0.18061960298019653,284.40000000000003,0.0093521822351823,0.009589030791623543
0.001,EP,0.18061960298019653,284.6,0.009312716510024492,0.009548662470715286
0.001,EP,0.18061960298019653,284.8,0.009273413674825393,0.009508460244722627
0.001,EP,0.18061960298019653,285.0,0.009234273077598895,0.0094684234497322
0.001,EP,0.18061960298019653,285.2,0.00919529406885251,0.009428551427381748
0.001,EP,0.18061960298019653,285.40000000000003,0.00915647600157918,0.009388843520419243
0.001,EP,0.18061960298019653,285.6,0.009117818231248045,0.0093492990738131
0.001,EP,0.18061960298019653,285.8,0.009079320115796112,0.009309917435862403
0.001,EP,0.18061960298019653,286.0,0.009040981015618735,0.009270697957086682
0.001,EP,0.18061960298019653,286.2,0.00900280029356175,0.009231639991336138
0.001,EP,0.18061960298019653,286.40000000000003,0.00896477731491193,0.00919274289246097
0.001,EP,0.18061960298019653,286.6,0.008926911447388951,0.00915400601875227
0.001,EP,0.18061960298019653,286.8,0.008889202061136255,0.009115428730721575
0.001,EP,0.18061960298019653,287.0,0.008851648528712617,0.009077010392211093
0.001,EP,0.18061960298019653,287.2,0.008814250225083475,0.009038750368173254
0.001,EP,0.18061960298019653,287.40000000000003,0.00877700652761233,0.00900064802467071
0.001,EP,0.18061960298019653,287.6,0.008739916816052335,0.00896270273331723
0.001,EP,0.18061960298019653,287.8,0.008702980472537375,0.008924913864616357
0.001,EP,0.18061960298019653,288.0,0.008666196881573912,0.0088872807968432
0.001,EP,0.18061960298019653,288.2,0.008629565430032427,0.008849802903831971
0.001,EP,0.18061960298019653,288.40000000000003,0.008593085507138904,0.008812479567188447
0.001,EP,0.18061960298019653,288.6,0.008556756504466393,0.008775310167408179
0.001,EP,0.18061960298019653,288.8,0.008520577815926564,0.008738294091648058
0.001,EP,0.18061960298019653,289.0,0.008484548837761514,0.008701430723734305
0.001,EP,0.18061960298019653,289.2,0.008448668968535198,0.008664719453044256
0.001,EP,0.18061960298019653,289.40000000000003,0.008412937609125107,0.008628159672285918
0.001,EP,0.18061960298019653,289.6,0.0083773541627144,0.008591750774167295
0.001,EP,0.18061960298019653,289.8,0.00834191803478276,0.008555492154727062
0.001,EP,0.18061960298019653,290.0,0.008306628633099139,0.008519383213334564
0.001,EP,0.18061960298019653,290.2,0.008271485367712765,0.008483423350469366
0.001,EP,0.18061960298019653,290.40000000000003,0.008236487650945352,0.008447611967721258
0.001,EP,0.18061960298019653,290.6,0.008201634897382763,0.008411948472231146
0.001,EP,0.18061960298019653,290.8,0.008166926523867109,0.008376432268919487
0.001,EP,0.18061960298019653,291.0,0.008132361949488142,0.00834106276936808
0.001,EP,0.18061960298019653,291.2,0.008097940595575722,0.00830583938515872
0.001,EP,0.18061960298019653,291.40000000000003,0.008063661885691228,0.008270761531203874
0.001,EP,0.18061960298019653,291.6,0.008029525245620008,0.008235828623526231
0.001,EP,0.18061960298019653,291.8,0.00799553010336321,0.008201040080368927
0.001,EP,0.18061960298019653,292.0,0.007961675889129315,0.008166395323305764
0.001,EP,0.18061960298019653,292.2,0.007927962035326907,0.008131893776130994
0.001,EP,0.18061960298019653,292.40000000000003,0.007894387976556238,0.00809753486374909
0.001,EP,0.18061960298019653,292.6,0.007860953149601549,0.008063318012174747
0.001,EP,0.18061960298019653,292.8,0.007827656993423165,0.008029242654084001
0.001,EP,0.18061960298019653,293.0,0.00779449894914936,0.00799530821993244
0.001,EP,0.18061960298019653,293.2,0.007761478460068763,0.007961514144616544
0.001,EP,0.18061960298019653,293.40000000000003,0.007728594971622658,0.00792785986525324
0.001,EP,0.18061960298019653,293.6,0.007695847931396935,0.00789434481784923
0.001,EP,0.18061960298019653,293.8,0.007663236789114481,0.007860968445072558
0.001,EP,0.18061960298019653,294.0,0.007630760996627212,0.007827730188481041
0.001,EP,0.18061960298019653,294.2,0.007598420007908871,0.007794629495183614
0.001,EP,0.18061960298019653,294.40000000000003,0.007566213279046598,0.007761665810068763
0.001,EP,0.18061960298019653,294.6,0.007534140268233954,0.007728838584686315
0.001,EP,0.18061960298019653,294.8,0.007502200435763075,0.0076961472683656496
0.001,EP,0.18061960298019653,295.0,0.007470393244016545,0.0076635913159872615
0.001,EP,0.18061960298019653,295.2,0.007438718157460574,0.007631170183541869
0.001,EP,0.18061960298019653,295.40000000000003,0.00740717464263706,0.007598883327020189
0.001,EP,0.18061960298019653,295.6,0.007375762168156049,0.007566730206853833
0.001,EP,0.18061960298019653,295.8,0.007344480204688167,0.00753471028680508
0.001,EP,0.18061960298019653,296.0,0.007313328224957329,0.0075028230273055385
0.001,EP,0.18061960298019653,296.2,0.007282305703733078,0.007471067897668604
0.001,EP,0.18061960298019653,296.40000000000003,0.007251412117823173,0.007439444363877001
0.001,EP,0.18061960298019653,296.6,0.007220646946066275,0.007407951897464571
0.001,EP,0.18061960298019653,296.8,0.007190009669324424,0.00737658996885493
0.001,EP,0.18061960298019653,297.0,0.007159499770475766,0.007345358055133033
0.001,EP,0.18061960298019653,297.2,0.00712911673440705,0.007314255630053168
0.001,EP,0.18061960298019653,297.40000000000003,0.007098860048006595,0.007283282172920735
0.001,EP,0.18061960298019653,297.6,0.007068729200156691,0.00725243716415136
0.001,EP,0.18061960298019653,297.8,0.007038723681726264,0.0072217200863811115
0.001,EP,0.18061960298019653,298.0,0.007008842985564097,0.0071911304233562845
0.001,EP,0.18061960298019653,298.2,0.006979086606491052,0.007160667659933395
0.001,EP,0.18061960298019653,298.40000000000003,0.006949454041293303,0.007130331287630298
0.001,EP,0.18061960298019653,298.6,0.006919944788714874,0.007100120794634179
0.001,EP,0.18061960298019653,298.8,0.006890558349450389,0.007070035673573116
0.001,EP,0.18061960298019653,299.0,0.006861294226138297,0.00704007541818541
0.001,EP,0.18061960298019653,299.2,0.006832151923353499,0.00701023952554003
0.001,EP,0.18061960298019653,299.40000000000003,0.006803130947600355,0.006980527492705946
0.001,EP,0.18061960298019653,299.6,0.006774230807305664,0.00695093882119302
0.001,EP,0.18061960298019653,299.8,0.006745451012811358,0.006921473012511115
0.001,EP,0.18061960298019653,300.0,0.006716791076367756,0.006892129569280314
0.001,focus,0.18273405939094978,0.0,1.0,0.9999999999998899
0.001,focus,0.18273405939094978,0.2,1.0012015416409203,1.001200679917602
0.001,focus,0.18273405939094978,0.4,1.0022979513702017,1.002296473925357
0.001,focus,0.18273405939094978,0.6000000000000001,1.0032900543578571,1.0032882060040382
0.001,focus,0.18273405939094978,0.8,1.0041786785091598,1.004176702796844
0.001,focus,0.18273405939094978,1.0,1.0049646543551665,1.0049627935004857
0.001,focus,0.18273405939094978,1.2000000000000002,1.0056488149441816,1.0056473097563856
0.001,focus,0.18273405939094978,1.4000000000000001,1.006231995734157,1.006231085549647
0.001,focus,0.18273405939094978,1.6,1.0067150344860254,1.0067149570935907
0.001,focus,0.18273405939094978,1.8,1.0070987711579584,1.007099762734276
0.001,focus,0.18273405939094978,2.0,1.0073840478005494,1.007386342843919
0.001,focus,0.18273405939094978,2.2,1.0075717084529139,1.007575539716532
0.001,focus,0.18273405939094978,2.4000000000000004,1.0076625990397061,1.0076681974680035
0.001,focus,0.18273405939094978,2.6,1.0076575672690429,1.007665161932847
0.001,focus,0.18273405939094978,2.8000000000000003,1.007557462531337,1.0075672805676117
0.001,focus,0.18273405939094978,3.0,1.007363135799033,1.0073754023498527
0.001,focus,0.18273405939094978,3.2,1.0070754395272399,1.0070903776793205
0.001,focus,0.18273405939094978,3.4000000000000004,1.006695227555264,1.0067130582847028
0.001,focus,0.18273405939094978,3.6,1.0062233550090296,1.0062442971214836
0.001,focus,0.18273405939094978,3.8000000000000003,1.0056606782043913,1.0056849482786845
0.001,focus,0.18273405939094978,4.0,1.005008054551332,1.0050358668900472
0.001,focus,0.18273405939094978,4.2,1.0042663424590423,1.0042979090296722
0.001,focus,0.18273405939094978,4.4,1.0034364012418804,1.0034719316287521
0.001,focus,0.18273405939094978,4.6000000000000005,1.002519091026209,1.002558792376762
0.001,focus,0.18273405939094978,4.800000000000001,1.0015152726581042,1.0015593496381925
0.001,focus,0.18273405939094978,5.0,1.000425807611938,1.0004744623526296
0.001,focus,0.18273405939094978,5.2,0.9992515578998246,0.9993049899570394
0.001,focus,0.18273405939094978,5.4,0.9979933859819378,0.9980517922847376
0.001,focus,0.18273405939094978,5.6000000000000005,0.9966521546776846,0.9967157294887841
0.001,focus,0.18273405939094978,5.800000000000001,0.9952287270777445,0.9952976619509446
0.001,focus,0.18273405939094978,6.0,0.9937239664569618,0.9937984501928732
0.001,focus,0.18273405939094978,6.2,0.9921387361880958,0.9922189547961757
0.001,focus,0.18273405939094978,6.4,0.9904738996564219,0.9905600363158129
0.001,focus,0.18273405939094978,6.6000000000000005,0.9887303201751826,0.9888225551990537
0.001,focus,0.18273405939094978,6.800000000000001,0.9869088609018873,0.9870073716999883
0.001,focus,0.18273405939094978,7.0,0.9850103847554551,0.985115345799592
0.001,focus,0.18273405939094978,7.2,0.9830357543342022,0.983147337124679
0.001,focus,0.18273405939094978,7.4,0.9809858318346688,0.9811042048701868
0.001,focus,0.18273405939094978,7.6000000000000005,0.9788614789712845,0.9789868077159092
0.001,focus,0.18273405939094978,7.800000000000001,0.9766635568968687,0.9767960037521117
0.001,focus,0.18273405939094978,8.0,0.9743929261239657,0.9745326504007057
0.001,focus,0.18273405939094978,8.200000000000001,0.9720504464470093,0.9721976043386427
0.001,focus,0.18273405939094978,8.4,0.9696369768653195,0.9697917214235297
0.001,focus,0.18273405939094978,8.6,0.9671533755069213,0.9673158566148032
0.001,focus,0.18273405939094978,8.8,0.9646004995531927,0.9647708639048957
0.001,focus,0.18273405939094978,9.0,0.9619792051643319,0.9621575962426299
0.001,focus,0.18273405939094978,9.200000000000001,0.9592903474056454,0.9594769054632746
0.001,focus,0.18273405939094978,9.4,0.9565347801746553,0.95672964221305
0.001,focus,0.18273405939094978,9.600000000000001,0.9537133561290196,0.9539166558825141
0.001,focus,0.18273405939094978,9.8,0.950826926615268,0.9510387945321774
0.001,focus,0.18273405939094978,10.0,0.9478763415983487,0.9480969048292209
0.001,focus,0.18273405939094978,10.200000000000001,0.9448624495919833,0.9450918319742208
0.001,focus,0.18273405939094978,10.4,0.9417860975898285,0.9420244196334249
0.001,focus,0.18273405939094978,10.600000000000001,0.9386481309974439,0.9388955098754703
0.001,focus,0.18273405939094978,10.8,0.9354493935650604,0.9357059431036596
0.001,focus,0.18273405939094978,11.0,0.9321907273211485,0.9324565579893473
0.001,focus,0.18273405939094978,11.200000000000001,0.9288729725067861,0.9291481914086575
0.001,focus,0.18273405939094978,11.4,0.9254969675108207,0.9257816783792006
0.001,focus,0.18273405939094978,11.600000000000001,0.9220635488058241,0.9223578519967912
0.001,focus,0.18273405939094978,11.8,0.9185735508848406,0.9188775433743857
0.001,focus,0.18273405939094978,12.0,0.9150278061989199,0.9153415815765786
0.001,focus,0.18273405939094978,12.200000000000001,0.911427145095441,0.9117507935663127
0.001,focus,0.18273405939094978,12.4,0.907772395757216,0.9081060041382649
0.001,focus,0.18273405939094978,12.600000000000001,0.9040643841423777,0.9044080358633355
0.001,focus,0.18273405939094978,12.8,0.9003039339250466,0.9006577090298062
0.001,focus,0.18273405939094978,13.0,0.8964918664367733,0.8968558415844985
0.001,focus,0.18273405939094978,13.200000000000001,0.8926290006087567,0.8930032490805928
0.001,focus,0.18273405939094978,13.4,0.8887161529148336,0.8891007446143462
0.001,focus,0.18273405939094978,13.600000000000001,0.8847541373152389,0.8851491387762422
0.001,focus,0.18273405939094978,13.8,0.8807437652011307,0.8811492395943699
0.001,focus,0.18273405939094978,14.0,0.8766858453398826,0.877101852478912
0.001,focus,0.18273405939094978,14.200000000000001,0.8725811838211366,0.8730077801710756
0.001,focus,0.18273405939094978,14.4,0.868430584003616,0.8688678226942415
0.001,focus,0.18273405939094978,14.600000000000001,0.8642348464626951,0.8646827772929022
0.001,focus,0.18273405939094978,14.8,0.8599947689387237,0.8604534383915841
0.001,focus,0.18273405939094978,15.0,0.855711146286104,0.8561805975426662
0.001,focus,0.18273405939094978,15.200000000000001,0.8513847704231149,0.8518650433719799
0.001,focus,0.18273405939094978,15.4,0.8470164302824851,0.8475075615355099
0.001,focus,0.18273405939094978,15.600000000000001,0.842606911762708,0.8431089346705445
0.001,focus,0.18273405939094978,15.8,0.8381569976800998,0.838669942347936
0.001,focus,0.18273405939094978,16.0,0.8336674677215951,0.8341913610254714
0.001,focus,0.18273405939094978,16.2,0.8291390983982773,0.8296739640034634
0.001,focus,0.18273405939094978,16.400000000000002,0.8245726629996439,0.8251185213792311
0.001,focus,0.18273405939094978,16.6,0.819968931548601,0.8205258000004712
0.001,focus,0.18273405939094978,16.8,0.8153286707571846,0.8158965634275095
0.001,focus,0.18273405939094978,17.0,0.8106526439830074,0.8112315718855623
0.001,focus,0.18273405939094978,17.2,0.8059416111864259,0.8065315822225472
0.001,focus,0.18273405939094978,17.400000000000002,0.8011963288884285,0.801797347872446
0.001,focus,0.18273405939094978,17.6,0.7964175501292372,0.7970296188086756
0.001,focus,0.18273405939094978,17.8,0.7916060244276225,0.7922291415085603
0.001,focus,0.18273405939094978,18.0,0.7867624977409294,0.7873966589111436
0.001,focus,0.18273405939094978,18.2,0.7818877124258085,0.7825329103838818
0.001,focus,0.18273405939094978,18.400000000000002,0.7769824071996523,0.777638631674904
0.001,focus,0.18273405939094978,18.6,0.7720473171027324,0.7727145548852565
0.001,focus,0.18273405939094978,18.8,0.7670831734610333,0.7677614084289353
0.001,focus,0.18273405939094978,19.0,0.7620907038497802,0.7627799169951377
0.001,focus,0.18273405939094978,19.200000000000003,0.7570706320576617,0.7577708015160667
0.001,focus,0.18273405939094978,19.400000000000002,0.7520236780517366,0.752734779130293
0.001,focus,0.18273405939094978,19.6,0.746950557943028,0.7476725631505587
0.001,focus,0.18273405939094978,19.8,0.7418519839528005,0.7425848630293608
0.001,focus,0.18273405939094978,20.0,0.7367286643795118,0.7374723843267539
0.001,focus,0.18273405939094978,20.200000000000003,0.7315813035664455,0.7323358286781545
0.001,focus,0.18273405939094978,20.400000000000002,0.7264106018700113,0.7271758937654749
0.001,focus,0.18273405939094978,20.6,0.7212172556287166,0.7219932732838164
0.001,focus,0.18273405939094978,20.8,0.7160019571328018,0.7167886569103832
0.001,focus,0.18273405939094978,21.0,0.7107653945945411,0.7115627302789473
0.001,focus,0.18273405939094978,21.200000000000003,0.7055082521191973,0.706316174952093
0.001,focus,0.18273405939094978,21.400000000000002,0.7002312096766368,0.7010496683856893
0.001,focus,0.18273405939094978,21.6,0.6949349430735923,0.6957638839100166
0.001,focus,0.18273405939094978,21.8,0.6896201239265778,0.6904594906997907
0.001,focus,0.18273405939094978,22.0,0.6842874196354469,0.6851371537452966
0.001,focus,0.18273405939094978,22.200000000000003,0.6789374933575908,0.6797975338301843
0.001,focus,0.18273405939094978,22.400000000000002,0.6735710039827801,0.6744412875103745
0.001,focus,0.18273405939094978,22.6,0.6681886061086331,0.6690690670796418
0.001,focus,0.18273405939094978,22.8,0.6627909500167231,0.6636815205529611
0.001,focus,0.18273405939094978,23.0,0.6573786816493072,0.6582792916465241
0.001,focus,0.18273405939094978,23.200000000000003,0.6519524425866817,0.6528630197477625
0.001,focus,0.18273405939094978,23.400000000000002,0.6465128700251588,0.6474333398975851
0.001,focus,0.18273405939094978,23.6,0.6410605967556556,0.6419908827692833
0.001,focus,0.18273405939094978,23.8,0.6355962511429013,0.6365362746452163
0.001,focus,0.18273405939094978,24.0,0.6301204571052493,0.6310701374034888
0.001,focus,0.18273405939094978,24.200000000000003,0.6246338340950978,0.6255930884890848
0.001,focus,0.18273405939094978,24.400000000000002,0.6191369970799107,0.6201057409027655
0.001,focus,0.18273405939094978,24.6,0.6136305565238366,0.6146087031821956
0.001,focus,0.18273405939094978,24.8,0.6081151183699238,0.6091025793764082
0.001,focus,0.18273405939094978,25.0,0.6025912840229236,0.6035879690402535
0.001,focus,0.18273405939094978,25.200000000000003,0.5970596503326818,0.5980654672099739
0.001,focus,0.18273405939094978,25.400000000000002,0.5915208095781148,0.5925356643898816
0.001,focus,0.18273405939094978,25.6,0.5859753494517593,0.586999146535705
0.001,focus,0.18273405939094978,25.8,0.580423853044905,0.5814564950423762
0.001,focus,0.18273405939094978,26.0,0.5748668988332929,0.5759082867284882
0.001,focus,0.18273405939094978,26.200000000000003,0.5693050606633836,0.5703550938196411
0.001,focus,0.18273405939094978,26.400000000000002,0.5637389077391906,0.5647974839406711
0.001,focus,0.18273405939094978,26.6,0.5581690046096693,0.5592360200989965
0.001,focus,0.18273405939094978,26.8,0.5525959111566681,0.5536712606768468
0.001,focus,0.18273405939094978,27.0,0.5470201825834247,0.5481037594123883
0.001,focus,0.18273405939094978,27.200000000000003,0.5414423694036171,0.5425340653975042
0.001,focus,0.18273405939094978,27.400000000000002,0.5358630174309534,0.5369627230611407
0.001,focus,0.18273405939094978,27.6,0.5302826677693053,0.531390272161536
0.001,focus,0.18273405939094978,27.8,0.5247018568033761,0.5258172477773382
0.001,focus,0.18273405939094978,28.0,0.5191211161899012,0.520244180296503
0.001,focus,0.18273405939094978,28.200000000000003,0.5135409728493786,0.5146715954140735
0.001,focus,0.18273405939094978,28.400000000000002,0.5079619489583189,0.5091000141144164
0.001,focus,0.18273405939094978,28.6,0.502384561942023,0.5035299526723325
0.001,focus,0.18273405939094978,28.8,0.49680932446786735,0.4979619226441745
0.001,focus,0.18273405939094978,29.0,0.49123674443910903,0.4923964308589657
0.001,focus,0.18273405939094978,29.200000000000003,0.4856673249891934,0.4868339794161791
0.001,focus,0.18273405939094978,29.400000000000002,0.4801015644765692,0.4812750656746356
0.001,focus,0.18273405939094978,29.6,0.47453995648000163,0.47572018225694457
0.001,focus,0.18273405939094978,29.8,0.46898298979438147,0.4701698170361812
0.001,focus,0.18273405939094978,30.0,0.46343114842702837,0.46462445313588674
0.001,focus,0.18273405939094978,30.200000000000003,0.4578849115944771,0.459084568928958
0.001,focus,0.18273405939094978,30.400000000000002,0.4523447537197531,0.4535506380287657
0.001,focus,0.18273405939094978,30.6,0.44681114443012204,0.44802312929470567
0.001,focus,0.18273405939094978,30.8,0.4412845485553197,0.4425025068210964
0.001,focus,0.18273405939094978,31.0,0.4357654261262476,0.4369892299438405
0.001,focus,0.18273405939094978,31.200000000000003,0.4302542323741418,0.4314837532326532
0.001,focus,0.18273405939094978,31.400000000000002,0.42475141773020014,0.4259865264966134
0.001,focus,0.18273405939094978,31.6,0.4192574278256701,0.4204979947797227
0.001,focus,0.18273405939094978,31.8,0.4137727034923898,0.41501859836423627
0.001,focus,0.18273405939094978,32.0,0.4082976807637833,0.4095487727651115
0.001,focus,0.18273405939094978,32.2,0.40283279087629725,0.40408894874111034
0.001,focus,0.18273405939094978,32.4,0.3973784602712831,0.3986395522881381
0.001,focus,0.18273405939094978,32.6,0.39193511059731706,0.3932010046470147
0.001,focus,0.18273405939094978,32.800000000000004,0.38650315871295254,0.3877737223001443
0.001,focus,0.18273405939094978,33.0,0.38108301668990346,0.38235811697706623
0.001,focus,0.18273405939094978,33.2,0.37567509181665226,0.37695459566222667
0.001,focus,0.18273405939094978,33.4,0.37027978660248156,0.37156356059164786
0.001,focus,0.18273405939094978,33.6,0.36489749878191763,0.36618540926181
0.001,focus,0.18273405939094978,33.800000000000004,0.35952862131959473,0.3608205344296511
0.001,focus,0.18273405939094978,34.0,0.3541735424155229,0.35546932412255927
0.001,focus,0.18273405939094978,34.2,0.3488326455107575,0.35013216164281324
0.001,focus,0.18273405939094978,34.4,0.3435063092934814,0.3448094255698031
0.001,focus,0.18273405939094978,34.6,0.33819490770546806,0.3395014897678017
0.001,focus,0.18273405939094978,34.800000000000004,0.3328988099489474,0.33420872339595675
0.001,focus,0.18273405939094978,35.0,0.32761838049385855,0.328931490909401
0.001,focus,0.18273405939094978,35.2,0.32235397908548014,0.3236701520725749
0.001,focus,0.18273405939094978,35.4,0.31710596075244774,0.31842506196144704
0.001,focus,0.18273405939094978,35.6,0.31187467581514194,0.3131965709735063
0.001,focus,0.18273405939094978,35.800000000000004,0.3066604698944506,0.30798502483997403
0.001,focus,0.18273405939094978,36.0,0.30146368392089556,0.30279076462691457
0.001,focus,0.18273405939094978,36.2,0.2962846541441252,0.29761412675188836
0.001,focus,0.18273405939094978,36.4,0.29112371214276417,0.292455442988393
0.001,focus,0.18273405939094978,36.6,0.2859811848346181,0.28731504047918577
0.001,focus,0.18273405939094978,36.800000000000004,0.2808573944872286,0.2821932417418349
0.001,focus,0.18273405939094978,37.0,0.2757526587287756,0.2770903646842626
0.001,focus,0.18273405939094978,37.2,0.27066729055932087,0.2720067226125167
0.001,focus,0.18273405939094978,37.4,0.2656015983623917,0.2669426242452033
0.001,focus,0.18273405939094978,37.6,0.2605558859168946,0.26189837372014857
0.001,focus,0.18273405939094978,37.800000000000004,0.25553045240936323,0.25687427060883117
0.001,focus,0.18273405939094978,38.0,0.2505255924465303,0.25187060993081545
0.001,focus,0.18273405939094978,38.2,0.24554159606822087,0.2468876821615229
0.001,focus,0.18273405939094978,38.400000000000006,0.24057874876056337,0.24192577324888553
0.001,focus,0.18273405939094978,38.6,0.23563733146951454,0.2369851646255583
0.001,focus,0.18273405939094978,38.800000000000004,0.23071762061469317,0.23206613321891112
0.001,focus,0.18273405939094978,39.0,0.2258198881035204,0.22716895147323335
0.001,focus,0.18273405939094978,39.2,0.22094440134565937,0.2222938873519542
0.001,focus,0.18273405939094978,39.400000000000006,0.21609142326775416,0.21744120436317793
0.001,focus,0.18273405939094978,39.6,0.21126121232845976,0.21261116156856552
0.001,focus,0.18273405939094978,39.800000000000004,0.20645402253376166,0.20780401359554723
0.001,focus,0.18273405939094978,40.0,0.20167010345258404,0.20302001066063724
0.001,focus,0.18273405939094978,40.2,0.19690970023267207,0.19825939857831543
0.001,focus,0.18273405939094978,40.400000000000006,0.19217305361675796,0.19352241877768073
0.001,focus,0.18273405939094978,40.6,0.1874603999589959,0.18880930832243514
0.001,focus,0.18273405939094978,40.800000000000004,0.18277197124166658,0.18412029992198597
0.001,focus,0.18273405939094978,41.0,0.17810799509214956,0.17945562195254006
0.001,focus,0.18273405939094978,41.2,0.173468694800153,0.174815498468206
0.001,focus,0.18273405939094978,41.400000000000006,0.16885428933520125,0.17020014922430882
0.001,focus,0.18273405939094978,41.6,0.1642649933643785,0.16560978969182294
0.001,focus,0.18273405939094978,41.800000000000004,0.15970101727031863,0.16104463107513567
0.001,focus,0.18273405939094978,42.0,0.1551625671694404,0.1565048803298108
0.001,focus,0.18273405939094978,42.2,0.1506498449304249,0.15199074017924197
0.001,focus,0.18273405939094978,42.400000000000006,0.1461630481929303,0.1475024091379673
0.001,focus,0.18273405939094978,42.6,0.14170237038654182,0.1430400815227717
0.001,focus,0.18273405939094978,42.800000000000004,0.1372680007499477,0.1386039474771117
0.001,focus,0.18273405939094978,43.0,0.13286012435034203,0.13419419298887902
0.001,focus,0.18273405939094978,43.2,0.12847892210305392,0.12981099990705403
0.001,focus,0.18273405939094978,43.400000000000006,0.12412457079138775,0.1254545459672407
0.001,focus,0.18273405939094978,43.6,0.11979724308668342,0.121125004802769
0.001,focus,0.18273405939094978,43.800000000000004,0.11549710756858383,0.11682254597134012
0.001,focus,0.18273405939094978,44.0,0.11122432874551069,0.1125473349716799
0.001,focus,0.18273405939094978,44.2,0.10697906707534131,0.10829953326796371
0.001,focus,0.18273405939094978,44.400000000000006,0.10276147898628799,0.10407929830313911
0.001,focus,0.18273405939094978,44.6,0.09857171689796944,0.09988678352668146
0.001,focus,0.18273405939094978,44.800000000000004,0.09440992924267383,0.09572213841124722
0.001,focus,0.18273405939094978,45.0,0.09027626048681273,0.09158550847487845
0.001,focus,0.18273405939094978,45.2,0.08617085115255582,0.0874770353043175
0.001,focus,0.18273405939094978,45.400000000000006,0.0820938378396508,0.08339685657277052
0.001,focus,0.18273405939094978,45.6,0.07804535324741249,0.0793451060632222
0.001,focus,0.18273405939094978,45.800000000000004,0.07402552619689307,0.07532191369064023
0.001,focus,0.18273405939094978,46.0,0.07003448165321717,0.07132740552306949
0.001,focus,0.18273405939094978,46.2,0.06607234074808353,0.067361703806057
0.001,focus,0.18273405939094978,46.400000000000006,0.06213922080243149,0.06342492698041546
0.001,focus,0.18273405939094978,46.6,0.05823523534926342,0.0595171897110891
0.001,focus,0.18273405939094978,46.800000000000004,0.05436049415662114,0.05563860290158651
0.001,focus,0.18273405939094978,47.0,0.050515103250719104,0.0517892737239567
0.001,focus,0.18273405939094978,47.2,0.04669916493921936,0.04796930563877311
0.001,focus,0.18273405939094978,47.400000000000006,0.04291277783465708,0.044178798418448295
0.001,focus,0.18273405939094978,47.6,0.03915603687800122,0.04041784817054861
0.001,focus,0.18273405939094978,47.800000000000004,0.0354290333623576,0.03668654735888843
0.001,focus,0.18273405939094978,48.0,0.03173185495680232,0.03298498483239598
0.001,focus,0.18273405939094978,48.2,0.028064585730349364,0.029313245842876867
0.001,focus,0.18273405939094978,48.400000000000006,0.024427306176040935,0.02567141207165946
0.001,focus,0.18273405939094978,48.6,0.020820093235167147,0.022059561654019788
0.001,focus,0.18273405939094978,48.800000000000004,0.01724302032159898,0.01847776920249622
0.001,focus,0.18273405939094978,49.0,0.013696157346245378,0.014926105829093927
0.001,focus,0.18273405939094978,49.2,0.01017957074162112,0.011404639174150688
0.001,focus,0.18273405939094978,49.400000000000006,0.006693323486521403,0.00791343342521067
0.001,focus,0.18273405939094978,49.6,0.003237475130808521,0.004452549345890233
0.001,focus,0.18273405939094978,49.800000000000004,-0.00018791817969857216,0.0010220442958619458
0.001,focus,0.18273405939094978,50.0,-0.0035828036782373234,-0.002378027739169397
0.001,focus,0.18273405939094978,50.2,-0.0069471319520150706,-0.0057476161274827575
0.001,focus,0.18273405939094978,50.400000000000006,-0.010280856917028427,-0.00908667356025461
0.001,focus,0.18273405939094978,50.6,-0.013583935792792825,-0.012395156034905597
0.001,focus,0.18273405939094978,50.800000000000004,-0.01685632907698696,-0.01567302282290406
0.001,focus,0.18273405939094978,51.0,-0.020098000520006792,-0.018920236447561578
0.001,focus,0.18273405939094978,51.2,-0.023308917099444177,-0.022136762661828513
0.001,focus,0.18273405939094978,51.400000000000006,-0.02648904899448593,-0.025322570417207757
0.001,focus,0.18273405939094978,51.6,-0.02963836956023564,-0.02847763183932983
0.001,focus,0.18273405939094978,51.800000000000004,-0.032756855301967064,-0.03160192220796887
0.001,focus,0.18273405939094978,52.0,-0.035844485849306766,-0.03469541992595637
0.001,focus,0.18273405939094978,52.2,-0.03890124393035223,-0.03775810649364608
0.001,focus,0.18273405939094978,52.400000000000006,-0.04192711534572569,-0.04078996648670952
0.001,focus,0.18273405939094978,52.6,-0.044922088942569736,-0.0437909875283804
0.001,focus,0.18273405939094978,52.800000000000004,-0.047886156588486994,-0.046761160265029744
0.001,focus,0.18273405939094978,53.0,-0.050819313145424046,-0.04970047833507962
0.001,focus,0.18273405939094978,53.2,-0.05372155644350578,-0.05260893835234981
0.001,focus,0.18273405939094978,53.400000000000006,-0.05659288725482309,-0.05548653987053065
0.001,focus,0.18273405939094978,53.6,-0.05943330926717242,-0.05833328536430926
0.001,focus,0.18273405939094978,53.800000000000004,-0.062242829057758214,-0.061149180198283304
0.001,focus,0.18273405939094978,54.0,-0.06502145606685111,-0.0639342326047565
0.001,focus,0.18273405939094978,54.2,-0.0677692025714128,-0.06668845365598308
0.001,focus,0.18273405939094978,54.400000000000006,-0.07048608365868923,-0.06941185723530197
0.001,focus,0.18273405939094978,54.6,-0.07317211719976563,-0.07210446001826298
0.001,focus,0.18273405939094978,54.800000000000004,-0.07582732382310411,-0.07476628143709974
0.001,focus,0.18273405939094978,55.0,-0.07845172688804761,-0.07739734366074558
0.001,focus,0.18273405939094978,55.2,-0.08104535245830577,-0.07999767156818827
0.001,focus,0.18273405939094978,55.400000000000006,-0.08360822927541943,-0.08256729271960417
0.001,focus,0.18273405939094978,55.6,-0.08614038873220899,-0.08510623732860267
0.001,focus,0.18273405939094978,55.800000000000004,-0.0886418648462073,-0.08761453824335241
0.001,focus,0.18273405939094978,56.0,-0.09111269423308296,-0.09009223091105412
0.001,focus,0.18273405939094978,56.2,-0.09355291608005151,-0.09253935335684638
0.001,focus,0.18273405939094978,56.400000000000006,-0.09596257211928212,-0.09495594615938074
0.001,focus,0.18273405939094978,56.6,-0.09834170660130165,-0.09734205241418437
0.001,focus,0.18273405939094978,56.800000000000004,-0.10069036626839328,-0.09969771772366798
0.001,focus,0.18273405939094978,57.0,-0.10300860032799888,-0.10202299015382721
0.001,focus,0.18273405939094978,57.2,-0.10529646042612752,-0.10431792021980968
0.001,focus,0.18273405939094978,57.400000000000006,-0.10755400062076298,-0.10658256085038786
0.001,focus,0.18273405939094978,57.6,-0.10978127735528917,-0.10881696737241597
0.001,focus,0.18273405939094978,57.800000000000004,-0.11197834943191726,-0.11102119747308237
0.001,focus,0.18273405939094978,58.0,-0.11414527798513306,-0.11319531118103576
0.001,focus,0.18273405939094978,58.2,-0.1162821264551586,-0.11533937083751944
0.001,focus,0.18273405939094978,58.400000000000006,-0.11838896056142777,-0.11745344106972588
0.001,focus,0.18273405939094978,58.6,-0.12046584827609035,-0.11953758876415144
0.001,focus,0.18273405939094978,58.800000000000004,-0.1225128597975306,-0.12159188304217139
0.001,focus,0.18273405939094978,59.0,-0.12453006752391811,-0.12361639523117418
0.001,focus,0.18273405939094978,59.2,-0.12651754602678042,-0.1256111988401365
0.001,focus,0.18273405939094978,59.400000000000006,-0.12847537202460965,-0.12757636953408813
0.001,focus,0.18273405939094978,59.6,-0.1304036243564968,-0.12951198510413597
0.001,focus,0.18273405939094978,59.800000000000004,-0.1323023839558066,-0.13141812544525955
0.001,focus,0.18273405939094978,60.0,-0.13417173382388084,-0.1332948725274452
0.001,focus,0.18273405939094978,60.2,-0.13601175900378698,-0.13514231037237145
0.001,focus,0.18273405939094978,60.400000000000006,-0.13782254655410267,-0.1369605250223227
0.001,focus,0.18273405939094978,60.6,-0.13960418552274567,-0.13874960452242568
0.001,focus,0.18273405939094978,60.800000000000004,-0.14135676692084811,-0.14050963888512236
0.001,focus,0.18273405939094978,61.0,-0.14308038369667736,-0.14224072006907562
0.001,focus,0.18273405939094978,61.2,-0.14477513070960513,-0.14394294195474444
0.001,focus,0.18273405939094978,61.400000000000006,-0.14644110470412972,-0.14561640031551804
0.001,focus,0.18273405939094978,61.6,-0.1480784042839482,-0.14726119279218075
0.001,focus,0.18273405939094978,61.800000000000004,-0.1496871298860869,-0.14887741886959738
0.001,focus,0.18273405939094978,62.0,-0.15126738375508778,-0.15046517984784735
0.001,focus,0.18273405939094978,62.2,-0.15281926991724973,-0.15202457881779985
0.001,focus,0.18273405939094978,62.400000000000006,-0.15434289415493732,-0.15355572063668887
0.001,focus,0.18273405939094978,62.6,-0.15583836398094833,-0.1550587119003577
0.001,focus,0.18273405939094978,62.800000000000004,-0.15730578861294556,-0.15653366091994414
0.001,focus,0.18273405939094978,63.0,-0.15874527894795643,-0.15798067769301483
0.001,focus,0.18273405939094978,63.2,-0.1601569475369406,-0.1593998738824709
0.001,focus,0.18273405939094978,63.400000000000006,-0.16154090855942582,-0.1607913627899027
0.001,focus,0.18273405939094978,63.6,-0.16289727779821872,-0.16215525932894437
0.001,focus,0.18273405939094978,63.800000000000004,-0.164226172614187,-0.16349167999862857
0.001,focus,0.18273405939094978,64.0,-0.16552771192111593,-0.16480074286562285
0.001,focus,0.18273405939094978,64.2,-0.16680201616064466,-0.16608256752870254
0.001,focus,0.18273405939094978,64.4,-0.16804920727727893,-0.16733727510320762
0.001,focus,0.18273405939094978,64.60000000000001,-0.16926940869348556,-0.16856498818995647
0.001,focus,0.18273405939094978,64.8,-0.1704627452848662,-0.16976583085304142
0.001,focus,0.18273405939094978,65.0,-0.17162934335541974,-0.17093992859540386
0.001,focus,0.18273405939094978,65.2,-0.17276933061288285,-0.17208740833329905
0.001,focus,0.18273405939094978,65.4,-0.17388283614416583,-0.17320839837298152
0.001,focus,0.18273405939094978,65.60000000000001,-0.17496999039086705,-0.17430302838405964
0.001,focus,0.18273405939094978,65.8,-0.17603092512488666,-0.17537142937507078
0.001,focus,0.18273405939094978,66.0,-0.17706577342412405,-0.17641373367349722
0.001,focus,0.18273405939094978,66.2,-0.17807466964827262,-0.17743007489690044
0.001,focus,0.18273405939094978,66.4,-0.1790577494147082,-0.17842058793071658
0.001,focus,0.18273405939094978,66.60000000000001,-0.18001514957447,-0.1793854089038316
0.001,focus,0.18273405939094978,66.8,-0.18094700818834444,-0.1803246751652665
0.001,focus,0.18273405939094978,67.0,-0.1818534645030411,-0.1812385252597526
0.001,focus,0.18273405939094978,67.2,-0.18273465892747368,-0.18212709890441658
0.001,focus,0.18273405939094978,67.4,-0.18359073300913975,-0.18299053696324563
0.001,focus,0.18273405939094978,67.60000000000001,-0.1844218294106032,-0.1838289814293237
0.001,focus,0.18273405939094978,67.8,-0.18522809188608094,-0.18464257539152484
0.001,focus,0.18273405939094978,68.0,-0.18600966525813548,-0.18543146302119062
0.001,focus,0.18273405939094978,68.2,-0.18676669539447305,-0.18619578954437443
0.001,focus,0.18273405939094978,68.4,-0.18749932918484874,-0.18693570121852687
0.001,focus,0.18273405939094978,68.60000000000001,-0.18820771451808263,-0.18765134530807082
0.001,focus,0.18273405939094978,68.8,-0.18889200025918487,-0.1883428700688583
0.001,focus,0.18273405939094978,69.0,-0.1895523362265915,-0.18901042471486384
0.001,focus,0.18273405939094978,69.2,-0.19018887316951333,-0.18965415940153107
0.001,focus,0.18273405939094978,69.4,-0.19080176274539987,-0.1902742252035683
0.001,focus,0.18273405939094978,69.60000000000001,-0.19139115749751437,-0.19087077409163378
0.001,focus,0.18273405939094978,69.8,-0.19195721083262765,-0.1914439589090211
0.001,focus,0.18273405939094978,70.0,-0.19250007699883095,-0.19199393334834447
0.001,focus,0.18273405939094978,70.2,-0.1930199110634591,-0.19252085193599555
0.001,focus,0.18273405939094978,70.4,-0.1935168688911407,-0.19302486999994706
0.001,focus,0.18273405939094978,70.60000000000001,-0.19399110712196496,-0.19350614365754026
0.001,focus,0.18273405939094978,70.8,-0.19444278314976812,-0.19396482978439877
0.001,focus,0.18273405939094978,71.0,-0.1948720551005462,-0.19440108600332628
0.001,focus,0.18273405939094978,71.2,-0.19527908181098366,-0.19481507065433057
0.001,focus,0.18273405939094978,71.4,-0.19566402280711567,-0.1952069427768599
0.001,focus,0.18273405939094978,71.60000000000001,-0.1960270382831052,-0.1955768620875986
0.001,focus,0.18273405939094978,71.8,-0.19636828908015297,-0.19592498895937283
0.001,focus,0.18273405939094978,72.0,-0.19668793666553064,-0.1962514844033869
0.001,focus,0.18273405939094978,72.2,-0.19698614311174192,-0.19655651004035768
0.001,focus,0.18273405939094978,72.4,-0.19726307107581226,-0.19684022808941215
0.001,focus,0.18273405939094978,72.60000000000001,-0.1975188837787085,-0.19710280134033198
0.001,focus,0.18273405939094978,72.8,-0.19775374498488604,-0.19734439313467966
0.001,focus,0.18273405939094978,73.0,-0.19796781898196888,-0.1975651673491452
0.001,focus,0.18273405939094978,73.2,-0.19816127056056013,-0.19776528837112117
0.001,focus,0.18273405939094978,73.4,-0.19833426499418527,-0.19794492107982897
0.001,focus,0.18273405939094978,73.60000000000001,-0.1984869680193667,-0.19810423082411432
0.001,focus,0.18273405939094978,73.8,-0.19861954581583455,-0.19824338340912462
0.001,focus,0.18273405939094978,74.0,-0.1987321649868682,-0.19836254506855333
0.001,focus,0.18273405939094978,74.2,-0.19882499253977673,-0.19846188245242757
0.001,focus,0.18273405939094978,74.4,-0.19889819586651214,-0.19854156260157296
0.001,focus,0.18273405939094978,74.60000000000001,-0.19895194272441802,-0.19860175293096027
0.001,focus,0.18273405939094978,74.8,-0.19898640121711983,-0.19864262121194187
0.001,focus,0.18273405939094978,75.0,-0.19900173977554567,-0.19866433555115748
0.001,focus,0.18273405939094978,75.2,-0.19899812713909146,-0.19866706436943993
0.001,focus,0.18273405939094978,75.4,-0.19897573233692037,-0.19865097638960272
0.001,focus,0.18273405939094978,75.60000000000001,-0.19893472466940235,-0.19861624061312533
0.001,focus,0.18273405939094978,75.8,-0.19887527368969468,-0.1985630263001692
0.001,focus,0.18273405939094978,76.0,-0.1987975491854606,-0.19849150295514484
0.001,focus,0.18273405939094978,76.2,-0.1987017211607305,-0.1984018403067278
0.001,focus,0.18273405939094978,76.4,-0.19858795981790112,-0.1982942082923156
0.001,focus,0.18273405939094978,76.60000000000001,-0.19845643553987963,-0.19816877703249247
0.001,focus,0.18273405939094978,76.80000000000001,-0.19830731887236788,-0.19802571682325798
0.001,focus,0.18273405939094978,77.0,-0.19814078050628853,-0.1978651981127122
0.001,focus,0.18273405939094978,77.2,-0.19795699126035438,-0.19768739148218195
0.001,focus,0.18273405939094978,77.4,-0.19775612206378174,-0.19749246763289818
0.001,focus,0.18273405939094978,77.60000000000001,-0.19753834393914546,-0.19728059736823234
0.001,focus,0.18273405939094978,77.80000000000001,-0.19730382798537835,-0.1970519515714919
0.001,focus,0.18273405939094978,78.0,-0.19705274536091577,-0.19680670119814891
0.001,focus,0.18273405939094978,78.2,-0.19678526726698412,-0.1965450172503047
0.001,focus,0.18273405939094978,78.4,-0.19650156493103263,-0.19626707076447758
0.001,focus,0.18273405939094978,78.60000000000001,-0.19620180959031103,-0.19597303279383915
0.001,focus,0.18273405939094978,78.80000000000001,-0.1958861724755944,-0.19566307439156105
0.001,focus,0.18273405939094978,79.0,-0.19555482479505049,-0.19533736659749223
0.001,focus,0.18273405939094978,79.2,-0.19520793771825343,-0.19499608041817496
0.001,focus,0.18273405939094978,79.4,-0.19484568236034636,-0.19463938681241189
0.001,focus,0.18273405939094978,79.60000000000001,-0.19446822976634529,-0.19426745667905365
0.001,focus,0.18273405939094978,79.80000000000001,-0.19407575089559323,-0.19388046083257393
0.001,focus,0.18273405939094978,80.0,-0.19366841660635928,-0.1934785699964081
0.001,focus,0.18273405939094978,80.2,-0.19324639764058385,-0.1930619547840795
0.001,focus,0.18273405939094978,80.4,-0.1928098646087726,-0.1926307856836562
0.001,focus,0.18273405939094978,80.60000000000001,-0.1923589879750342,-0.19218523304442847
0.001,focus,0.18273405939094978,80.80000000000001,-0.191893938042269,-0.19172546705803484
0.001,focus,0.18273405939094978,81.0,-0.19141488493749992,-0.19125165774958042
0.001,focus,0.18273405939094978,81.2,-0.19092199859735678,-0.19076397495765285
0.001,focus,0.18273405939094978,81.4,-0.19041544875370098,-0.1902625883243303
0.001,focus,0.18273405939094978,81.60000000000001,-0.18989540491940282,-0.18974766727630765
0.001,focus,0.18273405939094978,81.80000000000001,-0.18936203637426396,-0.18921938101601476
0.001,focus,0.18273405939094978,82.0,-0.1888155121510866,-0.18867789850385286
0.001,focus,0.18273405939094978,82.2,-0.18825600102189127,-0.18812338844265142
0.001,focus,0.18273405939094978,82.4,-0.18768367148428275,-0.18755601927100685
0.001,focus,0.18273405939094978,82.60000000000001,-0.18709869174795968,-0.18697595913996778
0.001,focus,0.18273405939094978,82.80000000000001,-0.18650122972137553,-0.18638337591081466
0.001,focus,0.18273405939094978,83.0,-0.1858914529985447,-0.18577843713174502
0.001,focus,0.18273405939094978,83.2,-0.1852695288459963,-0.18516131003010194
0.001,focus,0.18273405939094978,83.4,-0.18463562418987403,-0.18453216149905138
0.001,focus,0.18273405939094978,83.60000000000001,-0.1839899056031859,-0.18389115808203904
0.001,focus,0.18273405939094978,83.80000000000001,-0.18333253929319634,-0.18323846596390858
0.001,focus,0.18273405939094978,84.0,-0.1826636910889703,-0.1825742509553585
0.001,focus,0.18273405939094978,84.2,-0.1819835264290585,-0.18189867848295016
0.001,focus,0.18273405939094978,84.4,-0.18129221034933518,-0.18121191357245436
0.001,focus,0.18273405939094978,84.60000000000001,-0.18058990747097659,-0.1805141208421901
0.001,focus,0.18273405939094978,84.80000000000001,-0.1798767819885887,-0.17980546449081203
0.001,focus,0.18273405939094978,85.0,-0.17915299765848108,-0.17908610827843674
0.001,focus,0.18273405939094978,85.2,-0.17841871778708515,-0.17835621552442227
0.001,focus,0.18273405939094978,85.4,-0.17767410521951943,-0.17761594908849432
0.001,focus,0.18273405939094978,85.60000000000001,-0.17691932232829904,-0.17686547136408493
0.001,focus,0.18273405939094978,85.80000000000001,-0.17615453100219078,-0.17610494426389955
0.001,focus,0.18273405939094978,86.0,-0.17537989263521425,-0.17533452921214554
0.001,focus,0.18273405939094978,86.2,-0.17459556811578453,-0.17455438712898896
0.001,focus,0.18273405939094978,86.4,-0.1738017178160043,-0.17376467842611376
0.001,focus,0.18273405939094978,86.60000000000001,-0.1729985015810948,-0.17296556299006838
0.001,focus,0.18273405939094978,86.80000000000001,-0.17218607871897407,-0.1721572001744942
0.001,focus,0.18273405939094978,87.0,-0.171364607989978,-0.17133974878902336
0.001,focus,0.18273405939094978,87.2,-0.1705342475967237,-0.17051336709261733
0.001,focus,0.18273405939094978,87.4,-0.16969515517411748,-0.16967821277580342
0.001,focus,0.18273405939094978,87.60000000000001,-0.16884748777950367,-0.1688344429595645
0.001,focus,0.18273405939094978,87.80000000000001,-0.16799140188295733,-0.16798221417757553
0.001,focus,0.18273405939094978,88.0,-0.16712705335771677,-0.16712168237398295
0.001,focus,0.18273405939094978,88.2,-0.1662545974707607,-0.1662530028878617
0.001,focus,0.18273405939094978,88.4,-0.1653741888735245,-0.1653763304476641
0.001,focus,0.18273405939094978,88.60000000000001,-0.16448598159275615,-0.164491819157897
0.001,focus,0.18273405939094978,88.80000000000001,-0.16359012902151707,-0.16359962249690163
0.001,focus,0.18273405939094978,89.0,-0.16268678391031702,-0.1626998933024204
0.001,focus,0.18273405939094978,89.2,-0.16177609835839374,-0.1617927837616051
0.001,focus,0.18273405939094978,89.4,-0.1608582238051293,-0.16087844540879637
0.001,focus,0.18273405939094978,89.60000000000001,-0.15993331102160507,-0.15995702911109078
0.001,focus,0.18273405939094978,89.80000000000001,-0.15900151010229716,-0.15902868506056933
0.001,focus,0.18273405939094978,90.0,-0.1580629704569062,-0.15809356277207698
0.001,focus,0.18273405939094978,90.2,-0.15711784080232874,-0.1571518110676795
0.001,focus,0.18273405939094978,90.4,-0.15616626915476214,-0.15620357807222263
0.001,focus,0.18273405939094978,90.60000000000001,-0.1552084028219479,-0.15524901120222978
0.001,focus,0.18273405939094978,90.80000000000001,-0.15424438839555035,-0.1542882571659021
0.001,focus,0.18273405939094978,91.0,-0.1532743717436713,-0.15332146194757534
0.001,focus,0.18273405939094978,91.2,-0.15229849800349954,-0.1523487708032789
0.001,focus,0.18273405939094978,91.4,-0.15131691157409377,-0.15137032825518482
0.001,focus,0.18273405939094978,91.60000000000001,-0.15032975610930221,-0.15038627808272587
0.001,focus,0.18273405939094978,91.80000000000001,-0.14933717451081274,-0.14939676331260365
0.001,focus,0.18273405939094978,92.0,-0.14833930892133734,-0.14840192621878856
0.001,focus,0.18273405939094978,92.2,-0.1473363007179302,-0.1474019083103073
0.001,focus,0.18273405939094978,92.4,-0.14632829050543522,-0.14639685032569183
0.001,focus,0.18273405939094978,92.60000000000001,-0.14531541811006662,-0.1453868922285384
0.001,focus,0.18273405939094978,92.80000000000001,-0.1442978225731193,-0.14437217319862583
0.001,focus,0.18273405939094978,93.0,-0.1432756421448103,-0.1433528316285848
0.001,focus,0.18273405939094978,93.2,-0.14224901427824901,-0.14232900511279567
0.001,focus,0.18273405939094978,93.4,-0.14121807562353722,-0.14130083044849862
0.001,focus,0.18273405939094978,93.60000000000001,-0.1401829620219975,-0.14026844362247104
0.001,focus,0.18273405939094978,93.80000000000001,-0.139143808500528,-0.13923197981324797
0.001,focus,0.18273405939094978,94.0,-0.13810074926608668,-0.13819157337779941
0.001,focus,0.18273405939094978,94.2,-0.13705391770030015,-0.13714735785153032
0.001,focus,0.18273405939094978,94.4,-0.13600344635420103,-0.13609946594050903
0.001,focus,0.18273405939094978,94.60000000000001,-0.1349494669430874,-0.13504802951702644
0.001,focus,0.18273405939094978,94.80000000000001,-0.13389211034150933,-0.13399317961182433
0.001,focus,0.18273405939094978,95.0,-0.1328315065783797,-0.13293504641631593
0.001,focus,0.18273405939094978,95.2,-0.13176778483220694,-0.13187375926926315
0.001,focus,0.18273405939094978,95.4,-0.13070107342645168,-0.1308094466601073
0.001,focus,0.18273405939094978,95.60000000000001,-0.12963149982500488,-0.1297422362156464
0.001,focus,0.18273405939094978,95.80000000000001,-0.1285591906277887,-0.12867225470225563
0.001,focus,0.18273405939094978,96.0,-0.1274842715664772,-0.1275996280203362
0.001,focus,0.18273405939094978,96.2,-0.1264068675003364,-0.12652448119876425
0.001,focus,0.18273405939094978,96.4,-0.125327102412186,-0.12544693839044996
0.001,focus,0.18273405939094978,96.60000000000001,-0.12424509940447863,-0.12436712286900686
0.001,focus,0.18273405939094978,96.80000000000001,-0.12316098069549725,-0.12328515702764165
0.001,focus,0.18273405939094978,97.0,-0.12207486761567012,-0.12220116237027234
0.001,focus,0.18273405939094978,97.2,-0.1209868806040018,-0.12111525951152835
0.001,focus,0.18273405939094978,97.4,-0.1198971392046225,-0.12002756817452997
0.001,focus,0.18273405939094978,97.60000000000001,-0.11880576206344975,-0.11893820718200665
0.001,focus,0.18273405939094978,97.80000000000001,-0.11771286692496702,-0.11784729445629694
0.001,focus,0.18273405939094978,98.0,-0.116618570629115,-0.11675494701934852
0.001,focus,0.18273405939094978,98.2,-0.11552298910829603,-0.11566128098383643
0.001,focus,0.18273405939094978,98.4,-0.11442623738449202,-0.11456641155427327
0.001,focus,0.18273405939094978,98.60000000000001,-0.11332842956649325,-0.11347045302367853
0.001,focus,0.18273405939094978,98.80000000000001,-0.11222967884723832,-0.11237351876802748
0.001,focus,0.18273405939094978,99.0,-0.11113009750126467,-0.11127572124625118
0.001,focus,0.18273405939094978,99.2,-0.11002979688226781,-0.11017717199912624
0.001,focus,0.18273405939094978,99.4,-0.10892888742077081,-0.10907798164261351
0.001,focus,0.18273405939094978,99.60000000000001,-0.10782747862190009,-0.10797825987007847
0.001,focus,0.18273405939094978,99.80000000000001,-0.10672567906326975,-0.1068781154467402
0.001,focus,0.18273405939094978,100.0,-0.10562359639297217,-0.10577765620967128
0.001,focus,0.18273405939094978,100.2,-0.1045213373276738,-0.10467698906557743
0.001,focus,0.18273405939094978,100.4,-0.10341900765081637,-0.1035762199874668
0.001,focus,0.18273405939094978,100.60000000000001,-0.10231671221092302,-0.10247545401464997
0.001,focus,0.18273405939094978,100.80000000000001,-0.1012145549200062,-0.10137479525051951
0.001,focus,0.18273405939094978,101.0,-0.10011263875208086,-0.10027434686143977
0.001,focus,0.18273405939094978,101.2,-0.09901106574177582,-0.09917421107341617
0.001,focus,0.18273405939094978,101.4,-0.09790993698305028,-0.09807448917431572
0.001,focus,0.18273405939094978,101.60000000000001,-0.0968093526280088,-0.09697528150942603
0.001,focus,0.18273405939094978,101.80000000000001,-0.09570941188581478,-0.09587668748256561
0.001,focus,0.18273405939094978,102.0,-0.0946102130217052,-0.09477880555164298
0.001,focus,0.18273405939094978,102.2,-0.09351185335610158,-0.09368173323198725
0.001,focus,0.18273405939094978,102.4,-0.09241442926381888,-0.09258556709523802
0.001,focus,0.18273405939094978,102.60000000000001,-0.09131803617337088,-0.09149040276268394
0.001,focus,0.18273405939094978,102.80000000000001,-0.0902227685663706,-0.09039633491303434
0.001,focus,0.18273405939094978,103.0,-0.08912871997702651,-0.08930345727575784
0.001,focus,0.18273405939094978,103.2,-0.08803598299173178,-0.08821186263552327
0.001,focus,0.18273405939094978,103.4,-0.08694464924874816,-0.08712164282442814
0.001,focus,0.18273405939094978,103.60000000000001,-0.08585480943798067,-0.08603288873088033
0.001,focus,0.18273405939094978,103.80000000000001,-0.08476655330084527,-0.08494569029293686
0.001,focus,0.18273405939094978,104.0,-0.08367996963022632,-0.08386013650052426
0.001,focus,0.18273405939094978,104.2,-0.08259514627052535,-0.08277631539321817
0.001,focus,0.18273405939094978,104.4,-0.08151217011779861,-0.08169431406690464
0.001,focus,0.18273405939094978,104.60000000000001,-0.08043112711998121,-0.08061421866711882
0.001,focus,0.18273405939094978,104.80000000000001,-0.07935210227720269,-0.07953611439015518
0.001,focus,0.18273405939094978,105.0,-0.07827517964218557,-0.07846008548639816
0.001,focus,0.18273405939094978,105.2,-0.07720044232073206,-0.07738621526032219
0.001,focus,0.18273405939094978,105.4,-0.07612797247229619,-0.07631458606827124
0.001,focus,0.18273405939094978,105.60000000000001,-0.07505785131063888,-0.0752452793228997
0.001,focus,0.18273405939094978,105.80000000000001,-0.07399015910456723,-0.07417837548984174
0.001,focus,0.18273405939094978,106.0,-0.07292497517875726,-0.07311395409215216
0.001,focus,0.18273405939094978,106.2,-0.07186237791465769,-0.07205209370697574
0.001,focus,0.18273405939094978,106.4,-0.07080244475147478,-0.07099287197331883
0.001,focus,0.18273405939094978,106.60000000000001,-0.06974525218723882,-0.06993636558649818
0.001,focus,0.18273405939094978,106.80000000000001,-0.068690875779948,-0.06888265030147167
0.001,focus,0.18273405939094978,107.0,-0.06763939014879347,-0.0678318009350587
0.001,focus,0.18273405939094978,107.2,-0.06659086897545928,-0.0667838913659402
0.001,focus,0.18273405939094978,107.4,-0.0655453850055028,-0.06573899453687915
0.001,focus,0.18273405939094978,107.60000000000001,-0.06450301004980809,-0.06469718245472045
0.001,focus,0.18273405939094978,107.80000000000001,-0.06346381498611738,-0.06365852619594214
0.001,focus,0.18273405939094978,108.0,-0.062427869760634594,-0.06262309590332471
0.001,focus,0.18273405939094978,108.2,-0.06139524338970601,-0.0615909607881715
0.001,focus,0.18273405939094978,108.4,-0.06036600396156974,-0.06056218913585987
0.001,focus,0.18273405939094978,108.60000000000001,-0.05934021863818088,-0.059536848303620715
0.001,focus,0.18273405939094978,108.80000000000001,-0.0583179536571065,-0.05851500472497939
0.001,focus,0.18273405939094978,109.0,-0.057299274333491246,-0.05749672391197613
0.001,focus,0.18273405939094978,109.2,-0.056284245062092,-0.056482070454055844
0.001,focus,0.18273405939094978,109.4,-0.055272929319383796,-0.05547110802139876
0.001,focus,0.18273405939094978,109.60000000000001,-0.05426538966573031,-0.05446389937047158
0.001,focus,0.18273405939094978,109.80000000000001,-0.05326168774762494,-0.05346050634069677
0.001,focus,0.18273405939094978,110.0,-0.052261884299996605,-0.05246098986333436
0.001,focus,0.18273405939094978,110.2,-0.051266039148580626,-0.05146540995593085
0.001,focus,0.18273405939094978,110.4,-0.05027421121235692,-0.050473825732311184
0.001,focus,0.18273405939094978,110.60000000000001,-0.049286458506049305,-0.049486295400358316
0.001,focus,0.18273405939094978,110.80000000000001,-0.04830283814269006,-0.04850287626423366
0.001,focus,0.18273405939094978,111.0,-0.0473234063362463,-0.04752362473214866
0.001,focus,0.18273405939094978,111.2,-0.0463482184043074,-0.04654859631414432
0.001,focus,0.18273405939094978,111.4,-0.04537732877083471,-0.045577845624311664
0.001,focus,0.18273405939094978,111.60000000000001,-0.044410790968969306,-0.044611426386342856
0.001,focus,0.18273405939094978,111.80000000000001,-0.04344865764390073,-0.04364939143908231
0.001,focus,0.18273405939094978,112.0,-0.042490980555793166,-0.04269179273208579
0.001,focus,0.18273405939094978,112.2,-0.041537810582769806,-0.04173868133339198
0.001,focus,0.18273405939094978,112.4,-0.04058919772395295,-0.04079010743285316
0.001,focus,0.18273405939094978,112.60000000000001,-0.03964519110256225,-0.039846120342135194
0.001,focus,0.18273405939094978,112.80000000000001,-0.03870583896906541,-0.03890676850026864
0.001,focus,0.18273405939094978,113.0,-0.03777118870438593,-0.037972099475869214
0.001,focus,0.18273405939094978,113.2,-0.036841286823163295,-0.037042159973799116
0.001,focus,0.18273405939094978,113.4,-0.035916178977065456,-0.03611699583183636
0.001,focus,0.18273405939094978,113.60000000000001,-0.034995909958155096,-0.035196652029556574
0.001,focus,0.18273405939094978,113.80000000000001,-0.034080523702305576,-0.03428117268833297
0.001,focus,0.18273405939094978,114.0,-0.03317006329266822,-0.03337060107910794
0.001,focus,0.18273405939094978,114.2,-0.032264570963188736,-0.032464979620172585
0.001,focus,0.18273405939094978,114.4,-0.031364088102174906,-0.031564349886048504
0.001,focus,0.18273405939094978,114.60000000000001,-0.03046865525590825,-0.03066875260637758
0.001,focus,0.18273405939094978,114.80000000000001,-0.02957831213230738,-0.02977822767480376
0.001,focus,0.18273405939094978,115.0,-0.02869309760463512,-0.0288928141467526
0.001,focus,0.18273405939094978,115.2,-0.027813049715253318,-0.02801255024720284
0.001,focus,0.18273405939094978,115.4,-0.02693820567942189,-0.02713747337623751
0.001,focus,0.18273405939094978,115.60000000000001,-0.02606860188914239,-0.026267620105713263
0.001,focus,0.18273405939094978,115.80000000000001,-0.02520427391704526,-0.025403026191472833
0.001,focus,0.18273405939094978,116.0,-0.02434525652032011,-0.024543726570014357
0.001,focus,0.18273405939094978,116.2,-0.02349158364468758,-0.02368975536848339
0.001,focus,0.18273405939094978,116.4,-0.022643288428413164,-0.022841145905783122
0.001,focus,0.18273405939094978,116.60000000000001,-0.02180040320636244,-0.02199793069479483
0.001,focus,0.18273405939094978,116.80000000000001,-0.020962959514092994,-0.021160141451259662
0.001,focus,0.18273405939094978,117.0,-0.020130988091989353,-0.020327809092668403
0.001,focus,0.18273405939094978,117.2,-0.019304518889434085,-0.01950096374603305
0.001,focus,0.18273405939094978,117.4,-0.018483581069017298,-0.0186796347523277
0.001,focus,0.18273405939094978,117.60000000000001,-0.01766820301078214,-0.017863850665378322
0.001,focus,0.18273405939094978,117.80000000000001,-0.016858412316507844,-0.01705363926629566
0.001,focus,0.18273405939094978,118.0,-0.01605423581402744,-0.0162490275568139
0.001,focus,0.18273405939094978,118.2,-0.015255699561580021,-0.015450041769282663
0.001,focus,0.18273405939094978,118.4,-0.014462828852197638,-0.014656707371107913
0.001,focus,0.18273405939094978,118.60000000000001,-0.013675648218124968,-0.01386904906919284
0.001,focus,0.18273405939094978,118.80000000000001,-0.012894181435272408,-0.013087090812158308
0.001,focus,0.18273405939094978,119.0,-0.012118451527699662,-0.012310855795893971
0.001,focus,0.18273405939094978,119.2,-0.011348480772131062,-0.011540366467999164
0.001,focus,0.18273405939094978,119.4,-0.010584290702502771,-0.010775644535554463
0.001,focus,0.18273405939094978,119.60000000000001,-0.009825902114537328,-0.010016710964011466
0.001,focus,0.18273405939094978,119.80000000000001,-0.009073335070349417,-0.009263585984964351
0.001,focus,0.18273405939094978,120.0,-0.008326608903078141,-0.008516289101700991
0.001,focus,0.18273405939094978,120.2,-0.007585742221548346,-0.007774839091423402
0.001,focus,0.18273405939094978,120.4,-0.006850752914958711,-0.007039254010798857
0.001,focus,0.18273405939094978,120.60000000000001,-0.0061216581575954075,-0.006309551202621222
0.001,focus,0.18273405939094978,120.80000000000001,-0.005398474413572812,-0.005585747296921184
0.001,focus,0.18273405939094978,121.0,-0.004681217441596515,-0.004867858219848031
0.001,focus,0.18273405939094978,121.2,-0.00396990229975429,-0.004155899193669654
0.001,focus,0.18273405939094978,121.4,-0.0032645433503275304,-0.0034498847467645533
0.001,focus,0.18273405939094978,121.60000000000001,-0.002565154264627385,-0.002749828713621838
0.001,focus,0.18273405939094978,121.80000000000001,-0.0018717480278523674,-0.0020557442437230122
0.001,focus,0.18273405939094978,122.0,-0.0011843369439678447,-0.0013676438037624195
0.001,focus,0.18273405939094978,122.2,-0.0005029326406068484,-0.0006855391831983582
0.001,focus,0.18273405939094978,122.4,0.00017245392600937891,-9.441500914419976e-06
0.001,focus,0.18273405939094978,122.60000000000001,0.0008418124661309525,0.0006606387925600643
0.001,focus,0.18273405939094978,122.80000000000001,0.0015051333515197123,0.0013246919083886866
0.001,focus,0.18273405939094978,123.0,0.0021624076104710815,0.0019827087172075153
0.001,focus,0.18273405939094978,123.2,0.0028136269228193145,0.0026346807369126424
0.001,focus,0.18273405939094978,123.4,0.0034587836149234147,0.003280600137101075
0.001,focus,0.18273405939094978,123.60000000000001,0.0040978706546379706,0.003920459726858283
0.001,focus,0.18273405939094978,123.80000000000001,0.00473088164626988,0.004554252954758198
0.001,focus,0.18273405939094978,124.0,0.005357810825514938,0.005181973899981429
0.001,focus,0.18273405939094978,124.2,0.005978653054384876,0.0058036172678743725
0.001,focus,0.18273405939094978,124.4,0.0065934038161174135,0.006419178388838986
0.001,focus,0.18273405939094978,124.60000000000001,0.0072020592100734086,0.007028653205010116
0.001,focus,0.18273405939094978,124.80000000000001,0.007804615946622361,0.007632038274696384
0.001,focus,0.18273405939094978,125.0,0.008401071342013894,0.008229330761277964
0.001,focus,0.18273405939094978,125.2,0.008991423313238437,0.008820528429875907
0.001,focus,0.18273405939094978,125.4,0.009575670372877723,0.009405629640690805
0.001,focus,0.18273405939094978,125.60000000000001,0.010153811623943304,0.009984633345672123
0.001,focus,0.18273405939094978,125.80000000000001,0.010725846754705507,0.010557539084077305
0.001,focus,0.18273405939094978,126.0,0.01129177603351405,0.011124346973589994
0.001,focus,0.18273405939094978,126.2,0.011851600303609556,0.0116850577092098
0.001,focus,0.18273405939094978,126.4,0.01240532097792601,0.012239672555480752
0.001,focus,0.18273405939094978,126.60000000000001,0.012952940033885753,0.012788193343160614
0.001,focus,0.18273405939094978,126.80000000000001,0.013494460008189867,0.013330622461449337
0.001,focus,0.18273405939094978,127.0,0.014029883991597575,0.013866962855768605
0.001,focus,0.18273405939094978,127.2,0.014559215623704352,0.0143972180211005
0.001,focus,0.18273405939094978,127.4,0.015082459087711591,0.014921391994215938
0.001,focus,0.18273405939094978,127.60000000000001,0.0155996191051922,0.015439489353674674
0.001,focus,0.18273405939094978,127.80000000000001,0.016110700930852706,0.015951515212053735
0.001,focus,0.18273405939094978,128.0,0.016615710347290768,0.016457475208175865
0.001,focus,0.18273405939094978,128.20000000000002,0.01711465365974896,0.016957375505999295
0.001,focus,0.18273405939094978,128.4,0.01760753769086752,0.017451222786846188
0.001,focus,0.18273405939094978,128.6,0.018094369775432884,0.01793902424718219
0.001,focus,0.18273405939094978,128.8,0.01857515775512665,0.018420787587514198
0.001,focus,0.18273405939094978,129.0,0.019049909973271092,0.018896521011280143
0.001,focus,0.18273405939094978,129.20000000000002,0.019518635269575493,0.019366233222628537
0.001,focus,0.18273405939094978,129.4,0.019981342974882566,0.019829933414206025
0.001,focus,0.18273405939094978,129.6,0.02043804290591385,0.020287631266047157
0.001,focus,0.18273405939094978,129.8,0.02088874536001744,0.020739336938913056
0.001,focus,0.18273405939094978,130.0,0.021333461109915332,0.021185061072070965
0.001,focus,0.18273405939094978,130.20000000000002,0.0217722013984542,0.021624814772192025
0.001,focus,0.18273405939094978,130.4,0.02220497793335815,0.022058609613351265
0.001,focus,0.18273405939094978,130.6,0.022631802881982886,0.022486457631476497
0.001,focus,0.18273405939094978,130.8,0.023052688866074745,0.022908371316576748
0.001,focus,0.18273405939094978,131.0,0.02346764895653229,0.0233243636049707
0.001,focus,0.18273405939094978,131.20000000000002,0.023876696668173544,0.023734447884837806
0.001,focus,0.18273405939094978,131.4,0.02427984595450565,0.02413863797623428
0.001,focus,0.18273405939094978,131.6,0.024677111202501014,0.024536948139974868
0.001,focus,0.18273405939094978,131.8,0.025068507227379848,0.02492939306097952
0.001,focus,0.18273405939094978,132.0,0.02545404926739609,0.025315987850493826
0.001,focus,0.18273405939094978,132.20000000000002,0.02583375297863199,0.02569674803720723
0.001,focus,0.18273405939094978,132.4,0.026207634429798718,0.026071689565032585
0.001,focus,0.18273405939094978,132.6,0.026575710097044045,0.026440828783114156
0.001,focus,0.18273405939094978,132.8,0.026937996858768465,0.026804182445827607
0.001,focus,0.18273405939094978,133.0,0.027294511990447686,0.027161767706118667
0.001,focus,0.18273405939094978,133.20000000000002,0.02764527315946617,0.027513602105511126
0.001,focus,0.18273405939094978,133.4,0.027990298419958246,0.027859703578547723
0.001,focus,0.18273405939094978,133.6,0.028329606207657596,0.02820009043835725
0.001,focus,0.18273405939094978,133.8,0.02866321533475863,0.02853478137665455
0.001,focus,0.18273405939094978,134.0,0.028991144984786582,0.028863795455968955
0.001,focus,0.18273405939094978,134.20000000000002,0.029313414707478277,0.02918715210742384
0.001,focus,0.18273405939094978,134.4,0.02963004441367431,0.029504871124075294
0.001,focus,0.18273405939094978,134.6,0.029941054370222746,0.029816972655360985
0.001,focus,0.18273405939094978,134.8,0.030246465194893213,0.030123477200438842
0.001,focus,0.18273405939094978,135.0,0.03054629785130464,0.030424405608187044
0.001,focus,0.18273405939094978,135.20000000000002,0.03084057364386508,0.030719779067212016
0.001,focus,0.18273405939094978,135.4,0.031129314212722563,0.031009619103627983
0.001,focus,0.18273405939094978,135.6,0.031412541528732726,0.03129394757328541
0.001,focus,0.18273405939094978,135.8,0.03169027788843631,0.03157278666066077
0.001,focus,0.18273405939094978,136.0,0.03196254590905263,0.031846158871084995
0.001,focus,0.18273405939094978,136.20000000000002,0.032229368523487456,0.032114087026302585
0.001,focus,0.18273405939094978,136.4,0.03249076897535358,0.03237659425892048
0.001,focus,0.18273405939094978,136.6,0.03274677081400855,0.03263370400796717
0.001,focus,0.18273405939094978,136.8,0.032997397889606844,0.03288544001445182
0.001,focus,0.18273405939094978,137.0,0.03324267434816619,0.03313182631692335
0.001,focus,0.18273405939094978,137.20000000000002,0.033482624626653204,0.03337288724591936
0.001,focus,0.18273405939094978,137.4,0.033717273448081043,0.033608647416194515
0.001,focus,0.18273405939094978,137.6,0.03394664581662755,0.033839131726720595
0.001,focus,0.18273405939094978,137.8,0.034170767012767486,0.034064365352914905
0.001,focus,0.18273405939094978,138.0,0.0343896625884234,0.03428437374219939
0.001,focus,0.18273405939094978,138.20000000000002,0.03460335836213378,0.03449918260955975
0.001,focus,0.18273405939094978,138.4,0.03481188041423822,0.034708817934214764
0.001,focus,0.18273405939094978,138.6,0.035015255082082565,0.0349133059507345
0.001,focus,0.18273405939094978,138.8,0.03521350895523942,0.03511267314681987
0.001,focus,0.18273405939094978,139.0,0.03540666887075071,0.03530694626108222
0.001,focus,0.18273405939094978,139.20000000000002,0.03559476190838671,0.035496152274161474
0.001,focus,0.18273405939094978,139.4,0.03577781538592529,0.03568031840317509
0.001,focus,0.18273405939094978,139.6,0.03595585685445127,0.03585947210393847
0.001,focus,0.18273405939094978,139.8,0.036128914093674386,0.036033641057642285
0.001,focus,0.18273405939094978,140.0,0.03629701510726717,0.0362028531719627
0.001,focus,0.18273405939094978,140.20000000000002,0.036460188118225295,0.03636713657551027
0.001,focus,0.18273405939094978,140.4,0.03661846156424564,0.036526519611168595
0.001,focus,0.18273405939094978,140.6,0.036771864093127334,0.03668103083276364
0.001,focus,0.18273405939094978,140.8,0.036920424558193186,0.03683069900062286
0.001,focus,0.18273405939094978,141.0,0.037064172013731446,0.03697555307713429
0.001,focus,0.18273405939094978,141.20000000000002,0.037203135710460786,0.03711562222230569
0.001,focus,0.18273405939094978,141.4,0.03733734509101639,0.03725093578821337
0.001,focus,0.18273405939094978,141.6,0.03746682978545742,0.03738152331567157
0.001,focus,0.18273405939094978,141.8,0.037591619606798146,0.03750741452868134
0.001,focus,0.18273405939094978,142.0,0.037711744546560136,0.03762863932998961
0.001,focus,0.18273405939094978,142.20000000000002,0.037827234770347454,0.03774522779997902
0.001,focus,0.18273405939094978,142.4,0.037938120613446265,0.03785721018667587
0.001,focus,0.18273405939094978,142.6,0.03804443257644562,0.03796461690575015
0.001,focus,0.18273405939094978,142.8,0.038146201320882415,0.03806747853385417
0.001,focus,0.18273405939094978,143.0,0.0382434576649099,0.038165825806402154
0.001,focus,0.18273405939094978,143.20000000000002,0.03833623257899012,0.03825968960979864
0.001,focus,0.18273405939094978,143.4,0.03842455718161,0.03834910098032829
0.001,focus,0.18273405939094978,143.6,0.03850846273502121,0.03843409109971496
0.001,focus,0.18273405939094978,143.8,0.03858798064100577,0.03851469128846041
0.001,focus,0.18273405939094978,144.0,0.03866314243666413,0.03859093300584426
0.001,focus,0.18273405939094978,144.20000000000002,0.038733979790229495,0.03866284783993201
0.001,focus,0.18273405939094978,144.4,0.038800524496906894,0.03873046750757503
0.001,focus,0.18273405939094978,144.6,0.03886280847473583,0.038793823849969655
0.001,focus,0.18273405939094978,144.8,0.03892086376048015,0.03885294882932655
0.001,focus,0.18273405939094978,145.0,0.03897472250554226,0.03890787452109912
0.001,focus,0.18273405939094978,145.20000000000002,0.03902441697190249,0.03895863311065284
0.001,focus,0.18273405939094978,145.4,0.03906997952808481,0.03900525689548573
0.001,focus,0.18273405939094978,145.6,0.03911144264514855,0.03904777827190564
0.001,focus,0.18273405939094978,145.8,0.03914883889270496,0.03908622973725073
0.001,focus,0.18273405939094978,146.0,0.039182200934961275,0.03912064388655878
0.001,focus,0.18273405939094978,146.20000000000002,0.039211561526790506,0.039151053401464964
0.001,focus,0.18273405939094978,146.4,0.03923695350982721,0.03917749105575297
0.001,focus,0.18273405939094978,146.6,0.03925840980859055,0.03919998970536298
0.001,focus,0.18273405939094978,146.8,0.039275963426633156,0.039218582286171255
0.001,focus,0.18273405939094978,147.0,0.039289647442717915,0.03923330180732876
0.001,focus,0.18273405939094978,147.20000000000002,0.03929949500702097,0.03924418135570207
0.001,focus,0.18273405939094978,147.4,0.039305539337361334,0.0392512540825507
0.001,focus,0.18273405939094978,147.6,0.03930781371545877,0.03925455320463733
0.001,focus,0.18273405939094978,147.8,0.03930635148321809,0.03925411200089712
0.001,focus,0.18273405939094978,148.0,0.03930118603904125,0.03924996380688661
0.001,focus,0.18273405939094978,148.20000000000002,0.039292350834166885,0.03924214201034282
0.001,focus,0.18273405939094978,148.4,0.03927987936903712,0.03923068005118324
0.001,focus,0.18273405939094978,148.6,0.03926380518969244,0.039215611415954754
0.001,focus,0.18273405939094978,148.8,0.03924416188419406,0.03919696963117225
0.001,focus,0.18273405939094978,149.0,0.03922098307907423,0.03917478826553911
0.001,focus,0.18273405939094978,149.20000000000002,0.03919430243581541,0.03914910092328583
0.001,focus,0.18273405939094978,149.4,0.039164153647355135,0.03911994123972917
0.001,focus,0.18273405939094978,149.6,0.03913057043462211,0.03908734287905169
0.001,focus,0.18273405939094978,149.8,0.03909358654309727,0.039051339532081286
0.001,focus,0.18273405939094978,150.0,0.03905323573940664,0.03901196490962988
0.001,focus,0.18273405939094978,150.20000000000002,0.03900955180793897,0.03896925274249341
0.001,focus,0.18273405939094978,150.4,0.03896256854749406,0.038923236775900705
0.001,focus,0.18273405939094978,150.6,0.03891231976795972,0.0388739507695135
0.001,focus,0.18273405939094978,150.8,0.03885883928701534,0.03882142848743442
0.001,focus,0.18273405939094978,151.0,0.03880216092686584,0.03876570370375809
0.001,focus,0.18273405939094978,151.20000000000002,0.03874231851100356,0.038706810189248486
0.001,focus,0.18273405939094978,151.4,0.03867934586099914,0.038644781719110455
0.001,focus,0.18273405939094978,151.6,0.038613276793320425,0.03857965205966707
0.001,focus,0.18273405939094978,151.8,0.03854414511618138,0.03851145497391073
0.001,focus,0.18273405939094978,152.0,0.03847198462641871,0.03844022420929072
0.001,focus,0.18273405939094978,152.20000000000002,0.03839682910639805,0.03836599350437453
0.001,focus,0.18273405939094978,152.4,0.038318712320948266,0.038288796578855866
0.001,focus,0.18273405939094978,152.6,0.03823766801432609,0.03820866713355464
0.001,focus,0.18273405939094978,152.8,0.03815372990720834,0.03812563884486586
0.001,focus,0.18273405939094978,153.0,0.03806693169371363,0.0380397453636494
0.001,focus,0.18273405939094978,153.20000000000002,0.03797730703845358,0.03795102031411979
0.001,focus,0.18273405939094978,153.4,0.03788488957361226,0.03785949728718485
0.001,focus,0.18273405939094978,153.60000000000002,0.037789712896054865,0.03776520983933551
0.001,focus,0.18273405939094978,153.8,0.03769181056446657,0.037668191489315106
0.001,focus,0.18273405939094978,154.0,0.03759121609651855,0.03756847571811939
0.001,focus,0.18273405939094978,154.20000000000002,0.037487962966064645,0.03746609596011474
0.001,focus,0.18273405939094978,154.4,0.03738208460036655,0.03736108560636886
0.001,focus,0.18273405939094978,154.60000000000002,0.03727361437734822,0.03725347799798939
0.001,focus,0.18273405939094978,154.8,0.03716258562287852,0.037143306425013733
0.001,focus,0.18273405939094978,155.0,0.03704903160808534,0.037030604125298794
0.001,focus,0.18273405939094978,155.20000000000002,0.03693298554669606,0.03691540427896989
0.001,focus,0.18273405939094978,155.4,0.036814480592407994,0.03679774000509006
0.001,focus,0.18273405939094978,155.60000000000002,0.03669354983628934,0.03667764436277032
0.001,focus,0.18273405939094978,155.8,0.03657022630420719,0.03655515034672874
0.001,focus,0.18273405939094978,156.0,0.03644454295428598,0.03643029088395977
0.001,focus,0.18273405939094978,156.20000000000002,0.03631653267439408,0.03630309883373428
0.001,focus,0.18273405939094978,156.4,0.03618622827965951,0.036173606979827966
0.001,focus,0.18273405939094978,156.60000000000002,0.036053662510015974,0.03604184803496224
0.001,focus,0.18273405939094978,156.8,0.03591886802777557,0.03590785463414292
0.001,focus,0.18273405939094978,157.0,0.035781877415232165,0.03577165933132953
0.001,focus,0.18273405939094978,157.20000000000002,0.035642723172293375,0.03563329459943532
0.001,focus,0.18273405939094978,157.4,0.03550143771414068,0.03549279283032725
0.001,focus,0.18273405939094978,157.60000000000002,0.03535805336891946,0.035350186327054445
0.001,focus,0.18273405939094978,157.8,0.035212602375456606,0.03520550730273797
0.001,focus,0.18273405939094978,158.0,0.03506511688100805,0.035058787882791265
0.001,focus,0.18273405939094978,158.20000000000002,0.03491562893903415,0.03491006009825881
0.001,focus,0.18273405939094978,158.4,0.03476417050700427,0.03475935588359569
0.001,focus,0.18273405939094978,158.60000000000002,0.034610773444229935,0.0346067070777778
0.001,focus,0.18273405939094978,158.8,0.03445546950972593,0.03445214541986097
0.001,focus,0.18273405939094978,159.0,0.03429829036010082,0.034295702545650286
0.001,focus,0.18273405939094978,159.20000000000002,0.034139267547475205,0.03413740998881032
0.001,focus,0.18273405939094978,159.4,0.03397843251742909,0.03397729917753445
0.001,focus,0.18273405939094978,159.60000000000002,0.03381581660697645,0.033815401430103975
0.001,focus,0.18273405939094978,159.8,0.03365145104256988,0.033651747955998346
0.001,focus,0.18273405939094978,160.0,0.03348536693813154,0.03348636985589515
0.001,focus,0.18273405939094978,160.20000000000002,0.033317595293113275,0.033319298110567885
0.001,focus,0.18273405939094978,160.4,0.03314816699058514,0.033150563589767756
0.001,focus,0.18273405939094978,160.60000000000002,0.03297711279535102,0.032980197043341875
0.001,focus,0.18273405939094978,160.8,0.032804463352092916,0.032808229104563935
0.001,focus,0.18273405939094978,161.0,0.03263024918354266,0.03263469028125243
0.001,focus,0.18273405939094978,161.20000000000002,0.0324545006886816,0.03245961096132177
0.001,focus,0.18273405939094978,161.4,0.032277248140968835,0.032283021408341384
0.001,focus,0.18273405939094978,161.60000000000002,0.03209852168659479,0.0321049517559846
0.001,focus,0.18273405939094978,161.8,0.03191835134276539,0.031925432011359334
0.001,focus,0.18273405939094978,162.0,0.031736766996011266,0.031744492053897844
0.001,focus,0.18273405939094978,162.20000000000002,0.03155379840052576,0.03156216162647496
0.001,focus,0.18273405939094978,162.4,0.03136947517652918,0.031378470344289866
0.001,focus,0.18273405939094978,162.60000000000002,0.0311838268086616,0.031193447681543418
0.001,focus,0.18273405939094978,162.8,0.030996882644401775,0.031007122980319934
0.001,focus,0.18273405939094978,163.0,0.030808671892512792,0.030819525443925855
0.001,focus,0.18273405939094978,163.20000000000002,0.030619223621516378,0.030630684135779518
0.001,focus,0.18273405939094978,163.4,0.030428566758191763,0.030440627977190715
0.001,focus,0.18273405939094978,163.60000000000002,0.03023673008610349,0.030249385748470914
0.001,focus,0.18273405939094978,163.8,0.03004374224415381,0.030056986083382142
0.001,focus,0.18273405939094978,164.0,0.029849631725163795,0.02986345747357788
0.001,focus,0.18273405939094978,164.20000000000002,0.029654426874478574,0.029668828260831503
0.001,focus,0.18273405939094978,164.4,0.029458155888601387,0.029473126641477165
0.001,focus,0.18273405939094978,164.60000000000002,0.029260846813851493,0.02927638065974847
0.001,focus,0.18273405939094978,164.8,0.02906252754504985,0.029078618209998908
0.001,focus,0.18273405939094978,165.0,0.02886322582423053,0.028879867035591644
0.001,focus,0.18273405939094978,165.20000000000002,0.028662969239377185,0.028680154723348394
0.001,focus,0.18273405939094978,165.4,0.02846178522318666,0.02847950870799032
0.001,focus,0.18273405939094978,165.60000000000002,0.028259701051856847,0.028277956268807358
0.001,focus,0.18273405939094978,165.8,0.028056743843901763,0.028075524526327555
0.001,focus,0.18273405939094978,166.0,0.0278529405589904,0.027872240443427287
0.001,focus,0.18273405939094978,166.20000000000002,0.027648317996812093,0.027668130823110815
0.001,focus,0.18273405939094978,166.4,0.02744290279596675,0.02746322230740006
0.001,focus,0.18273405939094978,166.60000000000002,0.02723672143287993,0.02725754137955505
0.001,focus,0.18273405939094978,166.8,0.02702980022074369,0.027051114356302364
0.001,focus,0.18273405939094978,167.0,0.026822165308481125,0.02684396739449646
0.001,focus,0.18273405939094978,167.20000000000002,0.0266138426797367,0.0266361264822379
0.001,focus,0.18273405939094978,167.4,0.02640485815189063,0.02642761744553468
0.001,focus,0.18273405939094978,167.60000000000002,0.026195237375098015,0.026218465940530677
0.001,focus,0.18273405939094978,167.8,0.02598500583135227,0.026008697459056762
0.001,focus,0.18273405939094978,168.0,0.025774188833572645,0.025798337320859233
0.001,focus,0.18273405939094978,168.20000000000002,0.025562811524715755,0.025587410679150935
0.001,focus,0.18273405939094978,168.4,0.025350898876911977,0.025375942515060146
0.001,focus,0.18273405939094978,168.60000000000002,0.025138475690624325,0.025163957640961243
0.001,focus,0.18273405939094978,168.8,0.02492556659383191,0.024951480693813366
0.001,focus,0.18273405939094978,169.0,0.024712196041237044,0.024738536139601308
0.001,focus,0.18273405939094978,169.20000000000002,0.024498388313495097,0.024525148272225294
0.001,focus,0.18273405939094978,169.4,0.02428416751646858,0.024311341206839643
0.001,focus,0.18273405939094978,169.60000000000002,0.024069557580503546,0.02409713888984477
0.001,focus,0.18273405939094978,169.8,0.023854582259729452,0.023882565086674745
0.001,focus,0.18273405939094978,170.0,0.023639265131382117,0.023667643388458615
0.001,focus,0.18273405939094978,170.20000000000002,0.023423629595148578,0.023452397208689746
0.001,focus,0.18273405939094978,170.4,0.02320769887253591,0.023236849784336044
0.001,focus,0.18273405939094978,170.60000000000002,0.02299149600626122,0.02302102417361951
0.001,focus,0.18273405939094978,170.8,0.02277504385966467,0.02280494325268556
0.001,focus,0.18273405939094978,171.0,0.022558365116144424,0.022588629724484832
0.001,focus,0.18273405939094978,171.20000000000002,0.022341482278613902,0.022372106105450484
0.001,focus,0.18273405939094978,171.4,0.02212441766898064,0.02215539473549022
0.001,focus,0.18273405939094978,171.60000000000002,0.021907193427647107,0.021938517772435162
0.001,focus,0.18273405939094978,171.8,0.021689831513033008,0.021721497193150086
0.001,focus,0.18273405939094978,172.0,0.02147235370111892,0.021504354791312963
0.001,focus,0.18273405939094978,172.20000000000002,0.021254781585011595,0.02128711217741497
0.001,focus,0.18273405939094978,172.4,0.021037136574530182,0.021069790782091147
0.001,focus,0.18273405939094978,172.60000000000002,0.02081943989581356,0.020852411849459074
0.001,focus,0.18273405939094978,172.8,0.020601712590948337,0.02063499644155975
0.001,focus,0.18273405939094978,173.0,0.02038397551761767,0.020417565437247376
0.001,focus,0.18273405939094978,173.20000000000002,0.020166249348770975,0.020200139529968908
0.001,focus,0.18273405939094978,173.4,0.019948554572313305,0.019982739227764057
0.001,focus,0.18273405939094978,173.60000000000002,0.01973091149081573,0.019765384854375512
0.001,focus,0.18273405939094978,173.8,0.019513340221245592,0.019548096550359162
0.001,focus,0.18273405939094978,174.0,0.019295860694716255,0.019330894267532983
0.001,focus,0.18273405939094978,174.20000000000002,0.019078492656257367,0.01911379777341793
0.001,focus,0.18273405939094978,174.4,0.018861255664604337,0.018896826650127707
0.001,focus,0.18273405939094978,174.60000000000002,0.018644169092007244,0.01868000029325856
0.001,focus,0.18273405939094978,174.8,0.01842725212405946,0.018463337911889255
0.001,focus,0.18273405939094978,175.0,0.018210523759544916,0.0182468585285811
0.001,focus,0.18273405939094978,175.20000000000002,0.017994002810304957,0.018030580980488153
0.001,focus,0.18273405939094978,175.4,0.017777707901123582,0.017814523914916336
0.001,focus,0.18273405939094978,175.60000000000002,0.017561657469631797,0.01759870579598477
0.001,focus,0.18273405939094978,175.8,0.01734586976622998,0.017383144900184888
0.001,focus,0.18273405939094978,176.0,0.017130362854029187,0.017167859314159983
0.001,focus,0.18273405939094978,176.20000000000002,0.016915154608810438,0.01695286694136655
0.001,focus,0.18273405939094978,176.4,0.016700262719002233,0.01673818549541295
0.001,focus,0.18273405939094978,176.60000000000002,0.01648570468567547,0.01652383250450029
0.001,focus,0.18273405939094978,176.8,0.016271497822557,0.016309825308091774
0.001,focus,0.18273405939094978,177.0,0.01605765925605968,0.0160961810624638
0.001,focus,0.18273405939094978,177.20000000000002,0.015844205925331034,0.01588291673182418
0.001,focus,0.18273405939094978,177.4,0.01563115458231842,0.01567004909719394
0.001,focus,0.18273405939094978,177.60000000000002,0.015418521791851244,0.015457594749745951
0.001,focus,0.18273405939094978,177.8,0.015206323931740812,0.015245570096356076
0.001,focus,0.18273405939094978,178.0,0.01499457719289631,0.015033991357382703
0.001,focus,0.18273405939094978,178.20000000000002,0.014783297579457701,0.014822874565556532
0.001,focus,0.18273405939094978,178.4,0.014572500908945187,0.014612235567090792
0.001,focus,0.18273405939094978,178.60000000000002,0.014362202812424726,0.014402090021681246
0.001,focus,0.18273405939094978,178.8,0.014152418734690125,0.014192453404726635
0.001,focus,0.18273405939094978,179.0,0.013943163934460278,0.013983341003998007
0.001,focus,0.18273405939094978,179.20000000000002,0.013734453484593508,0.013774767924079612
0.001,focus,0.18273405939094978,179.4,0.01352630227231635,0.013566749080817786
0.001,focus,0.18273405939094978,179.60000000000002,0.013318724999468583,0.01335929920798229
0.001,focus,0.18273405939094978,179.8,0.013111736182763489,0.01315243285171519
0.001,focus,0.18273405939094978,180.0,0.012905350154062994,0.012946164376081981
0.001,focus,0.18273405939094978,180.20000000000002,0.012699581060668107,0.012740507958630687
0.001,focus,0.18273405939094978,180.4,0.012494442865624374,0.012535477593722533
0.001,focus,0.18273405939094978,180.60000000000002,0.012289949348041432,0.012331087093642168
0.001,focus,0.18273405939094978,180.8,0.012086114103427918,0.012127350084156774
0.001,focus,0.18273405939094978,181.0,0.011882950544040172,0.011924280010067179
0.001,focus,0.18273405939094978,181.20000000000002,0.011680471899245103,0.011721890134097634
0.001,focus,0.18273405939094978,181.4,0.011478691215897728,0.011520193533565148
0.001,focus,0.18273405939094978,181.60000000000002,0.01127762135873206,0.01131920310704082
0.001,focus,0.18273405939094978,181.8,0.01107727501076574,0.011118931569908952
0.001,focus,0.18273405939094978,182.0,0.010877664673718668,0.01091939145658749
0.001,focus,0.18273405939094978,182.20000000000002,0.010678802668444565,0.010720595121638254
0.001,focus,0.18273405939094978,182.4,0.010480701135376174,0.010522554737546486
0.001,focus,0.18273405939094978,182.60000000000002,0.010283372034983343,0.010325282300271965
0.001,focus,0.18273405939094978,182.8,0.010086827148244116,0.010128789622587675
0.001,focus,0.18273405939094978,183.0,0.009891078077128454,0.009933088340741136
0.001,focus,0.18273405939094978,183.20000000000002,0.00969613624509476,0.009738189913344186
0.001,focus,0.18273405939094978,183.4,0.009502012897599072,0.009544105616932086
0.001,focus,0.18273405939094978,183.60000000000002,0.009308719102615916,0.009350846555955528
0.001,focus,0.18273405939094978,183.8,0.009116265751171714,0.009158423655009074
0.001,focus,0.18273405939094978,184.0,0.008924663557890563,0.008966847664382271
0.001,focus,0.18273405939094978,184.20000000000002,0.008733923061550635,0.008776129154508538
0.001,focus,0.18273405939094978,184.4,0.008544054625653835,0.00858627852595717
0.001,focus,0.18273405939094978,184.60000000000002,0.008355068439005577,0.008397306001661775
0.001,focus,0.18273405939094978,184.8,0.008166974516306802,0.008209221630250951
0.001,focus,0.18273405939094978,185.0,0.007979782698756545,0.008022035289378948
0.001,focus,0.18273405939094978,185.20000000000002,0.007793502654666314,0.007835756681284778
0.001,focus,0.18273405939094978,185.4,0.0076081438800843625,0.00765039533834333
0.001,focus,0.18273405939094978,185.60000000000002,0.007423715699431687,0.007465960618624479
0.001,focus,0.18273405939094978,185.8,0.007240227266147971,0.007282461711444199
0.001,focus,0.18273405939094978,186.0,0.007057687563347864,0.007099907636254343
0.001,focus,0.18273405939094978,186.20000000000002,0.0068761054044882385,0.006918307240422195
0.001,focus,0.18273405939094978,186.4,0.006695489434044679,0.006737669204781582
0.001,focus,0.18273405939094978,186.60000000000002,0.0065158481281983064,0.006558002042522659
0.001,focus,0.18273405939094978,186.8,0.0063371897955329225,0.00637931409475101
0.001,focus,0.18273405939094978,187.0,0.006159522577740476,0.006201613541589879
0.001,focus,0.18273405939094978,187.20000000000002,0.005982854450337539,0.006024908393298389
0.001,focus,0.18273405939094978,187.4,0.0058071932233900525,0.005849206495822656
0.001,focus,0.18273405939094978,187.60000000000002,0.005632546542247836,0.005674515530795787
0.001,focus,0.18273405939094978,187.8,0.005458921888287597,0.005500843013317436
0.001,focus,0.18273405939094978,188.0,0.005286326579665519,0.005328196300835586
0.001,focus,0.18273405939094978,188.20000000000002,0.005114767772077847,0.005156582583154545
0.001,focus,0.18273405939094978,188.4,0.004944252459530932,0.004986008890206506
0.001,focus,0.18273405939094978,188.60000000000002,0.004774787475118697,0.004816482092051544
0.001,focus,0.18273405939094978,188.8,0.004606379491809166,0.004648008896657174
0.001,focus,0.18273405939094978,189.0,0.004439035023238878,0.004480595855449465
0.001,focus,0.18273405939094978,189.20000000000002,0.004272760424515217,0.004314249357761923
0.001,focus,0.18273405939094978,189.4,0.004107561893026601,0.004148975637496832
0.001,focus,0.18273405939094978,189.60000000000002,0.003943445469260705,0.003984780773125252
0.001,focus,0.18273405939094978,189.8,0.0037804170376295188,0.0038216706832461256
0.001,focus,0.18273405939094978,190.0,0.0036184823273027592,0.003659651132137398
0.001,focus,0.18273405939094978,190.20000000000002,0.003457646913047597,0.0034987277330866817
0.001,focus,0.18273405939094978,190.4,0.003297916216076221,0.0033389059428401424
0.001,focus,0.18273405939094978,190.60000000000002,0.0031392955048999624,0.003180191063822946
0.001,focus,0.18273405939094978,190.8,0.0029817898961906437,0.0030225882519108183
0.001,focus,0.18273405939094978,191.0,0.0028254043556479183,0.0028661025064380397
0.001,focus,0.18273405939094978,191.20000000000002,0.0026701436988740695,0.0027107386812996737
0.001,focus,0.18273405939094978,191.4,0.002516012592254508,0.0025565014782902296
0.001,focus,0.18273405939094978,191.60000000000002,0.002363015553844794,0.0024033954493241083
0.001,focus,0.18273405939094978,191.8,0.002211156954264085,0.0022514250030969407
0.001,focus,0.18273405939094978,192.0,0.00206044101759366,0.0021005943995344722
0.001,focus,0.18273405939094978,192.20000000000002,0.0019108718222825484,0.0019509077520130091
0.001,focus,0.18273405939094978,192.4,0.0017624533020578958,0.0018023690318003105
0.001,focus,0.18273405939094978,192.60000000000002,0.0016151892468412,0.00165498206139425
0.001,focus,0.18273405939094978,192.8,0.0014690833036702885,0.0015087505267352697
0.001,focus,0.18273405939094978,193.0,0.0013241389776260917,0.0013636779672143717
0.001,focus,0.18273405939094978,193.20000000000002,0.001180359632764759,0.0012197677823344577
0.001,focus,0.18273405939094978,193.4,0.0010377484930554292,0.0010770232317103279
0.001,focus,0.18273405939094978,193.60000000000002,0.000896308643321661,0.0009354474361789045
0.001,focus,0.18273405939094978,193.8,0.0007560430301888415,0.0007950433777992316
0.001,focus,0.18273405939094978,194.0,0.0006169544630353722,0.0006558138998524754
0.001,focus,0.18273405939094978,194.20000000000002,0.0004790456149489074,0.0005177617123930389
0.001,focus,0.18273405939094978,194.4,0.0003423190236868609,0.00038088938891789326
0.001,focus,0.18273405939094978,194.60000000000002,0.00020677709264076716,0.0002451993674768005
0.001,focus,0.18273405939094978,194.8,7.242209180542461e-05,0.00011069395178253671
0.001,focus,0.18273405939094978,195.0,-6.074384124873908e-05,-2.2624685458438876e-05
0.001,focus,0.18273405939094978,195.20000000000002,-0.00019271870039859907,-0.00015475450143576097
0.001,focus,0.18273405939094978,195.4,-0.00032350060998841146,-0.0002856935865658272
0.001,focus,0.18273405939094978,195.60000000000002,-0.00045308782384532895,-0.00041544016116112914
0.001,focus,0.18273405939094978,195.8,-0.0005814787242924656,-0.00054399257098936
0.001,focus,0.18273405939094978,196.0,-0.0007086718211578334,-0.0006713492928245302
0.001,focus,0.18273405939094978,196.20000000000002,-0.0008346657507800698,-0.0007975089277856284
0.001,focus,0.18273405939094978,196.4,-0.0009594592750118095,-0.0009224702024468456
0.001,focus,0.18273405939094978,196.60000000000002,-0.0010830512802189956,-0.0010462319721682434
0.001,focus,0.18273405939094978,196.8,-0.0012054407762781764,-0.0011687932088833008
0.001,focus,0.18273405939094978,197.0,-0.0013266268955705598,-0.0012901530144215911
0.001,focus,0.18273405939094978,197.20000000000002,-0.0014466088919737902,-0.0014103106060758819
0.001,focus,0.18273405939094978,197.4,-0.001565386139850857,-0.0015292653254839195
0.001,focus,0.18273405939094978,197.60000000000002,-0.001682958133036795,-0.001647016631967091
0.001,focus,0.18273405939094978,197.8,-0.0017993244838233312,-0.001763564105861093
0.001,focus,0.18273405939094978,198.0,-0.0019144849219407136,-0.0018789074418545937
0.001,focus,0.18273405939094978,198.20000000000002,-0.002028439293538457,-0.001993046454540348
0.001,focus,0.18273405939094978,198.4,-0.0021411875601630662,-0.0021059810706436366
0.001,focus,0.18273405939094978,198.60000000000002,-0.00225272979773502,-0.002217711333463157
0.001,focus,0.18273405939094978,198.8,-0.0023630661955232135,-0.002328237400650579
0.001,focus,0.18273405939094978,199.0,-0.0024721970551180817,-0.0024375595397696515
0.001,focus,0.18273405939094978,199.20000000000002,-0.002580122789403609,-0.0025456781316268717
0.001,focus,0.18273405939094978,199.4,-0.0026868439215274177,-0.0026525936658305937
0.001,focus,0.18273405939094978,199.60000000000002,-0.002792361083869838,-0.002758306743011474
0.001,focus,0.18273405939094978,199.8,-0.0028966750170118746,-0.0028628180726020247
0.001,focus,0.18273405939094978,200.0,-0.0029997865687020563,-0.0029661284683957234
0.001,focus,0.18273405939094978,200.20000000000002,-0.0031016966928225135,-0.0030682388540981265
0.001,focus,0.18273405939094978,200.4,-0.0032024064483537253,-0.0031691502544450856
0.001,focus,0.18273405939094978,200.60000000000002,-0.003301916998339318,-0.003268863804084532
0.001,focus,0.18273405939094978,200.8,-0.0034002296088495964,-0.003367380736474246
0.001,focus,0.18273405939094978,201.0,-0.003497345647944709,-0.003464702386102303
0.001,focus,0.18273405939094978,201.20000000000002,-0.003593266584637733,-0.0035608301940381892
0.001,focus,0.18273405939094978,201.4,-0.0036879939878569283,-0.0036557656957203477
0.001,focus,0.18273405939094978,201.60000000000002,-0.0037815295254082964,-0.0037495105287277397
0.001,focus,0.18273405939094978,201.8,-0.00387387496293739,-0.0038420664283389527
0.001,focus,0.18273405939094978,202.0,-0.0039650321628920985,-0.003933435226421977
0.001,focus,0.18273405939094978,202.20000000000002,-0.004055003083484203,-0.0040236188514342075
0.001,focus,0.18273405939094978,202.4,-0.0041437897776523056,-0.004112619325091771
0.001,focus,0.18273405939094978,202.60000000000002,-0.0042313943920245095,-0.004200438763479752
0.001,focus,0.18273405939094978,202.8,-0.0043178191658813795,-0.004287079377052194
0.001,focus,0.18273405939094978,203.0,-0.004403066430119425,-0.004372543467301426
0.001,focus,0.18273405939094978,203.20000000000002,-0.00448713860621563,-0.004456833425647844
0.001,focus,0.18273405939094978,203.4,-0.004570038205191775,-0.0045399517334399064
0.001,focus,0.18273405939094978,203.60000000000002,-0.004651767826580342,-0.0046219009608439166
0.001,focus,0.18273405939094978,203.8,-0.00473233015739071,-0.004702683766844018
0.001,focus,0.18273405939094978,204.0,-0.004811727971076446,-0.004782302895911528
0.001,focus,0.18273405939094978,204.20000000000002,-0.004889964126503747,-0.004860761176894712
0.001,focus,0.18273405939094978,204.4,-0.0049670415669208524,-0.004938061526349458
0.001,focus,0.18273405939094978,204.60000000000002,-0.005042963318928653,-0.005014206940767707
0.001,focus,0.18273405939094978,204.8,-0.005117732491452468,-0.005089200502128577
0.001,focus,0.18273405939094978,205.0,-0.005191352274715614,-0.005163045372347241
0.001,focus,0.18273405939094978,205.20000000000002,-0.005263825939213978,-0.005235744794385155
0.001,focus,0.18273405939094978,205.4,-0.005335156834692144,-0.005307302091139832
0.001,focus,0.18273405939094978,205.60000000000002,-0.005405348389121633,-0.0053777206610039485
0.001,focus,0.18273405939094978,205.8,-0.005474404107680119,-0.005447003984526688
0.001,focus,0.18273405939094978,206.0,-0.005542327571733167,-0.0055151556133115065
0.001,focus,0.18273405939094978,206.20000000000002,-0.005609122437817159,-0.005582179178897917
0.001,focus,0.18273405939094978,206.4,-0.0056747924366246216,-0.005648078386100153
0.001,focus,0.18273405939094978,206.60000000000002,-0.005739341371991513,-0.0057128570107867205
0.001,focus,0.18273405939094978,206.8,-0.005802773119886288,-0.00577651890321107
0.001,focus,0.18273405939094978,207.0,-0.005865091627401728,-0.0058390679835707004
0.001,focus,0.18273405939094978,207.20000000000002,-0.00592630091174833,-0.005900508244227609
0.001,focus,0.18273405939094978,207.4,-0.00598640505925049,-0.005960843745267397
0.001,focus,0.18273405939094978,207.60000000000002,-0.006045408224345129,-0.006020078615609492
0.001,focus,0.18273405939094978,207.8,-0.006103314628582372,-0.006078217051896928
0.001,focus,0.18273405939094978,208.0,-0.006160128559629178,-0.006135263317386119
0.001,focus,0.18273405939094978,208.20000000000002,-0.006215854370275508,-0.006191221738616193
0.001,focus,0.18273405939094978,208.4,-0.006270496477442912,-0.006246096707629434
0.001,focus,0.18273405939094978,208.60000000000002,-0.006324059361196264,-0.006299892680861063
0.001,focus,0.18273405939094978,208.8,-0.006376547563758101,-0.006352614176918792
0.001,focus,0.18273405939094978,209.0,-0.0064279656885259,-0.006404265774362372
0.001,focus,0.18273405939094978,209.20000000000002,-0.006478318399092326,-0.006454852111703602
0.001,focus,0.18273405939094978,209.4,-0.006527610418268339,-0.006504377889626767
0.001,focus,0.18273405939094978,209.60000000000002,-0.006575846527109959,-0.006552847865437528
0.001,focus,0.18273405939094978,209.8,-0.006623031563947334,-0.006600266853062919
0.001,focus,0.18273405939094978,210.0,-0.006669170423417772,-0.006646639725271797
0.001,focus,0.18273405939094978,210.20000000000002,-0.006714268055501829,-0.006691971409233943
0.001,focus,0.18273405939094978,210.4,-0.006758329464562369,-0.006736266885409847
0.001,focus,0.18273405939094978,210.60000000000002,-0.0068013597083877485,-0.006779531190881372
0.001,focus,0.18273405939094978,210.8,-0.006843363897237773,-0.006821769412690415
0.001,focus,0.18273405939094978,211.0,-0.00688434719289366,-0.006862986691169581
0.001,focus,0.18273405939094978,211.20000000000002,-0.00692431480771142,-0.006903188214391065
0.001,focus,0.18273405939094978,211.4,-0.006963272003678751,-0.006942379224827988
0.001,focus,0.18273405939094978,211.60000000000002,-0.007001224091475849,-0.006980565012693063
0.001,focus,0.18273405939094978,211.8,-0.007038176429539903,-0.007017750913718146
0.001,focus,0.18273405939094978,212.0,-0.0070741344231334425,-0.0070539423113746835
0.001,focus,0.18273405939094978,212.20000000000002,-0.007109103523416267,-0.007089144636873712
0.001,focus,0.18273405939094978,212.4,-0.007143089226521771,-0.007123363365835189
0.001,focus,0.18273405939094978,212.60000000000002,-0.007176097072636889,-0.007156604018287993
0.001,focus,0.18273405939094978,212.8,-0.00720813264508618,-0.007188872156449477
0.001,focus,0.18273405939094978,213.0,-0.007239201569419977,-0.007220173386945916
0.001,focus,0.18273405939094978,213.20000000000002,-0.007269309512506712,-0.00725051335526139
0.001,focus,0.18273405939094978,213.4,-0.007298462181629182,-0.007279897750178677
0.001,focus,0.18273405939094978,213.60000000000002,-0.007326665323585516,-0.00730833229933836
0.001,focus,0.18273405939094978,213.8,-0.0073539247237937875,-0.007335822768128608
0.001,focus,0.18273405939094978,214.0,-0.007380246205401483,-0.007362374961905616
0.001,focus,0.18273405939094978,214.20000000000002,-0.007405635628399114,-0.007387994720442492
0.001,focus,0.18273405939094978,214.4,-0.0074300988887381165,-0.007412687922370154
0.001,focus,0.18273405939094978,214.60000000000002,-0.0074536419174534045,-0.007436460479626206
0.001,focus,0.18273405939094978,214.8,-0.007476270679790292,-0.0074593183385651685
0.001,focus,0.18273405939094978,215.0,-0.007497991174336074,-0.0074812674810686985
0.001,focus,0.18273405939094978,215.20000000000002,-0.00751880943215598,-0.00750231392121492
0.001,focus,0.18273405939094978,215.4,-0.007538731515934036,-0.007522463701947757
0.001,focus,0.18273405939094978,215.60000000000002,-0.007557763519118234,-0.007541722900628045
0.001,focus,0.18273405939094978,215.8,-0.007575911565070801,-0.00756009762348242
0.001,focus,0.18273405939094978,216.0,-0.0075931818062227804,-0.007577594005603316
0.001,focus,0.18273405939094978,216.20000000000002,-0.007609580423233765,-0.007594218210948966
0.001,focus,0.18273405939094978,216.4,-0.007625113624156254,-0.007609976432343402
0.001,focus,0.18273405939094978,216.60000000000002,-0.007639787643604783,-0.00762487488703556
0.001,focus,0.18273405939094978,216.8,-0.007653608741930023,-0.007638919818919732
0.001,focus,0.18273405939094978,217.0,-0.007666583204398138,-0.007652117497425337
0.001,focus,0.18273405939094978,217.20000000000002,-0.0076787173403743345,-0.007664474216406703
0.001,focus,0.18273405939094978,217.4,-0.007690017482512014,-0.0076759962941430615
0.001,focus,0.18273405939094978,217.60000000000002,-0.007700489985946849,-0.007686690070007884
0.001,focus,0.18273405939094978,217.8,-0.007710141227495668,-0.007696561904468879
0.001,focus,0.18273405939094978,218.0,-0.007718977604860719,-0.007705618181308438
0.001,focus,0.18273405939094978,218.20000000000002,-0.007727005535838664,-0.007713865303182743
0.001,focus,0.18273405939094978,218.4,-0.007734231457535228,-0.007721309692731992
0.001,focus,0.18273405939094978,218.60000000000002,-0.007740661825584574,-0.007727957791470175
0.001,focus,0.18273405939094978,218.8,-0.007746303113373932,-0.00773381605978507
0.001,focus,0.18273405939094978,219.0,-0.0077511618112737785,-0.007738890972497359
0.001,focus,0.18273405939094978,219.20000000000002,-0.007755244425872848,-0.007743189024411734
0.001,focus,0.18273405939094978,219.4,-0.007758557479218708,-0.007746716721435121
0.001,focus,0.18273405939094978,219.60000000000002,-0.007761107508063468,-0.007749480589458457
0.001,focus,0.18273405939094978,219.8,-0.007762901063114939,-0.007751487165474913
0.001,focus,0.18273405939094978,220.0,-0.007763944708292952,-0.00775274299869011
0.001,focus,0.18273405939094978,220.20000000000002,-0.0077642450199913405,-0.0077532546560732385
0.001,focus,0.18273405939094978,220.4,-0.007763808586344976,-0.007753028710144605
0.001,focus,0.18273405939094978,220.60000000000002,-0.007762642006502473,-0.007752071748967637
0.001,focus,0.18273405939094978,220.8,-0.007760751889904265,-0.007750390370597771
0.001,focus,0.18273405939094978,221.0,-0.007758144855566012,-0.007747991181972225
0.001,focus,0.18273405939094978,221.20000000000002,-0.007754827531367642,-0.00774488079779978
0.001,focus,0.18273405939094978,221.4,-0.007750806553347778,-0.007741065845001671
0.001,focus,0.18273405939094978,221.60000000000002,-0.00774608856500371,-0.007736552954940024
0.001,focus,0.18273405939094978,221.8,-0.007740680216596936,-0.007731348764528079
0.001,focus,0.18273405939094978,222.0,-0.007734588164464168,-0.007725459922891531
0.001,focus,0.18273405939094978,222.20000000000002,-0.007727819070333927,-0.007718893078045852
0.001,focus,0.18273405939094978,222.4,-0.007720379600648773,-0.007711654886888297
0.001,focus,0.18273405939094978,222.60000000000002,-0.007712276425892912,-0.0077037520085365685
0.001,focus,0.18273405939094978,222.8,-0.007703516219925751,-0.007695191108769706
0.001,focus,0.18273405939094978,223.0,-0.007694105659320789,-0.007685978853366748
0.001,focus,0.18273405939094978,223.20000000000002,-0.007684051422710117,-0.007676121910327183
0.001,focus,0.18273405939094978,223.4,-0.007673360190134911,-0.007665626949870941
0.001,focus,0.18273405939094978,223.60000000000002,-0.007662038642401028,-0.0076545006444384
0.001,focus,0.18273405939094978,223.8,-0.007650093460440837,-0.007642749664249493
0.001,focus,0.18273405939094978,224.0,-0.007637531324680197,-0.00763038068285482
0.001,focus,0.18273405939094978,224.20000000000002,-0.0076243589144115755,-0.007617400368253868
0.001,focus,0.18273405939094978,224.4,-0.007610582907172444,-0.0076038153917767914
0.001,focus,0.18273405939094978,224.60000000000002,-0.007596209978129764,-0.007589632418092407
0.001,focus,0.18273405939094978,224.8,-0.007581246799469834,-0.007574858112979754
0.001,focus,0.18273405939094978,225.0,-0.007565700039794093,-0.0075594991344463125
0.001,focus,0.18273405939094978,225.20000000000002,-0.0075495763635204305,-0.007543562139389337
0.001,focus,0.18273405939094978,225.4,-0.0075328824302905596,-0.007527053781375415
0.001,focus,0.18273405939094978,225.60000000000002,-0.0075156248943825405,-0.0075099807050893475
0.001,focus,0.18273405939094978,225.8,-0.007497810404129777,-0.007492349552995492
0.001,focus,0.18273405939094978,226.0,-0.007479445601345098,-0.00747416695867642
0.001,focus,0.18273405939094978,226.20000000000002,-0.007460537120750917,-0.0074554395501635895
0.001,focus,0.18273405939094978,226.4,-0.007441091589415136,-0.007436173946606672
0.001,focus,0.18273405939094978,226.60000000000002,-0.007421115626192654,-0.007416376761604226
0.001,focus,0.18273405939094978,226.8,-0.007400615841172631,-0.007396054597652579
0.001,focus,0.18273405939094978,227.0,-0.0073795988351316975,-0.007375214049476497
0.001,focus,0.18273405939094978,227.20000000000002,-0.0073580711989926955,-0.007353861701808739
0.001,focus,0.18273405939094978,227.4,-0.007336039513289278,-0.007332004129390057
0.001,focus,0.18273405939094978,227.60000000000002,-0.007313510347636189,-0.007309647895858973
0.001,focus,0.18273405939094978,227.8,-0.007290490260205343,-0.007286799551531331
0.001,focus,0.18273405939094978,228.0,-0.007266985797207649,-0.007263465640061639
0.001,focus,0.18273405939094978,228.20000000000002,-0.007243003492380561,-0.007239652688451059
0.001,focus,0.18273405939094978,228.4,-0.007218549866481378,-0.007215367211488299
0.001,focus,0.18273405939094978,228.60000000000002,-0.0071936314267862355,-0.007190615712859838
0.001,focus,0.18273405939094978,228.8,-0.007168254666595011,-0.007165404679598808
0.001,focus,0.18273405939094978,229.0,-0.0071424260647415475,-0.007139740586525889
0.001,focus,0.18273405939094978,229.20000000000002,-0.007116152085110123,-0.007113629892918638
0.001,focus,0.18273405939094978,229.4,-0.007089439176157341,-0.0070870790425114905
0.001,focus,0.18273405939094978,229.60000000000002,-0.007062293770439676,-0.0070600944634957585
0.001,focus,0.18273405939094978,229.8,-0.007034722284147004,-0.0070326825674094096
0.001,focus,0.18273405939094978,230.0,-0.007006731116641445,-0.007004849751357511
0.001,focus,0.18273405939094978,230.20000000000002,-0.006978326650002328,-0.006976602392461118
0.001,focus,0.18273405939094978,230.4,-0.006949515248576512,-0.006947946851187936
0.001,focus,0.18273405939094978,230.60000000000002,-0.0069203032585345775,-0.006918889470242107
0.001,focus,0.18273405939094978,230.8,-0.006890697007432571,-0.0068894365745642006
0.001,focus,0.18273405939094978,231.0,-0.006860702803779427,-0.006859594466890329
0.001,focus,0.18273405939094978,231.20000000000002,-0.006830326936610149,-0.006829369436633925
0.001,focus,0.18273405939094978,231.4,-0.006799575675064545,-0.0067987677476732955
0.001,focus,0.18273405939094978,231.60000000000002,-0.006768455267971453,-0.006767795646123176
0.001,focus,0.18273405939094978,231.8,-0.006736971943439003,-0.0067364593592245114
0.001,focus,0.18273405939094978,232.0,-0.0067051319084499295,-0.006704765089793341
0.001,focus,0.18273405939094978,232.20000000000002,-0.006672941348463015,-0.006672719022882134
0.001,focus,0.18273405939094978,232.4,-0.006640406427019675,-0.006640327316898009
0.001,focus,0.18273405939094978,232.60000000000002,-0.006607533285356453,-0.006607596113594738
0.001,focus,0.18273405939094978,232.8,-0.006574328042022878,-0.00657453152808074
0.001,focus,0.18273405939094978,233.0,-0.006540796792504961,-0.006541139653259975
0.001,focus,0.18273405939094978,233.20000000000002,-0.006506945608854085,-0.0065074265620523875
0.001,focus,0.18273405939094978,233.4,-0.0064727805393216846,-0.006473398299622346
0.001,focus,0.18273405939094978,233.60000000000002,-0.006438307607999095,-0.00643906088892976
0.001,focus,0.18273405939094978,233.8,-0.006403532814463151,-0.00640442032850963
0.001,focus,0.18273405939094978,234.0,-0.006368462133427158,-0.006369482592472053
0.001,focus,0.18273405939094978,234.20000000000002,-0.006333101514397332,-0.006334253628281772
0.001,focus,0.18273405939094978,234.4,-0.006297456881334572,-0.006298739358978622
0.001,focus,0.18273405939094978,234.60000000000002,-0.006261534132321885,-0.006262945682067311
0.001,focus,0.18273405939094978,234.8,-0.006225339139237062,-0.006226878469517416
0.001,focus,0.18273405939094978,235.0,-0.0061888777474307585,-0.006190543565542939
0.001,focus,0.18273405939094978,235.20000000000002,-0.00615215577540994,-0.006153946788822751
0.001,focus,0.18273405939094978,235.4,-0.006115179014526781,-0.006117093931390372
0.001,focus,0.18273405939094978,235.60000000000002,-0.006077953228672734,-0.0060799907553032995
0.001,focus,0.18273405939094978,235.8,-0.006040484153978163,-0.006042642995973679
0.001,focus,0.18273405939094978,236.0,-0.00600277749851695,-0.00600505636438875
0.001,focus,0.18273405939094978,236.20000000000002,-0.0059648389420166315,-0.005967236538229059
0.001,focus,0.18273405939094978,236.4,-0.005926674135573837,-0.005929189170750249
0.001,focus,0.18273405939094978,236.60000000000002,-0.005888288701374594,-0.005890919884121715
0.001,focus,0.18273405939094978,236.8,-0.005849688232420405,-0.005852434270536833
0.001,focus,0.18273405939094978,237.0,-0.00581087829225903,-0.005813737896653848
0.001,focus,0.18273405939094978,237.20000000000002,-0.005771864414720732,-0.005774836295824315
0.001,focus,0.18273405939094978,237.4,-0.005732652103659582,-0.005735734973644213
0.001,focus,0.18273405939094978,237.60000000000002,-0.0056932468326999245,-0.005696439403513054
0.001,focus,0.18273405939094978,237.8,-0.00565365404498796,-0.005656955031074773
0.001,focus,0.18273405939094978,238.0,-0.005613879152948383,-0.005617287268666615
0.001,focus,0.18273405939094978,238.20000000000002,-0.0055739275380461435,-0.0055774415008702505
0.001,focus,0.18273405939094978,238.4,-0.005533804550553243,-0.005537423077850434
0.001,focus,0.18273405939094978,238.60000000000002,-0.005493515509320525,-0.005497237322016346
0.001,focus,0.18273405939094978,238.8,-0.005453065701554483,-0.00545688952025003
0.001,focus,0.18273405939094978,239.0,-0.0054124603825991035,-0.00541638493056773
0.001,focus,0.18273405939094978,239.20000000000002,-0.005371704775722491,-0.005375728778789224
0.001,focus,0.18273405939094978,239.4,-0.005330804071908718,-0.005334926256317374
0.001,focus,0.18273405939094978,239.60000000000002,-0.005289763429654226,-0.005293982525689245
0.001,focus,0.18273405939094978,239.8,-0.005248587974769451,-0.005252902715024987
0.001,focus,0.18273405939094978,240.0,-0.005207282800185047,-0.005211691918027839
0.001,focus,0.18273405939094978,240.20000000000002,-0.005165852965763037,-0.005170355197314791
0.001,focus,0.18273405939094978,240.4,-0.005124303498112903,-0.005128897583306369
0.001,focus,0.18273405939094978,240.60000000000002,-0.005082639390412148,-0.00508732407089596
0.001,focus,0.18273405939094978,240.8,-0.005040865602231879,-0.0050456396227804845
0.001,focus,0.18273405939094978,241.0,-0.004998987059367158,-0.005003849167239949
0.001,focus,0.18273405939094978,241.20000000000002,-0.0049570086536716695,-0.004961957599247668
0.001,focus,0.18273405939094978,241.4,-0.004914935242897669,-0.004919969779360045
0.001,focus,0.18273405939094978,241.60000000000002,-0.004872771650539899,-0.004877890533716567
0.001,focus,0.18273405939094978,241.8,-0.004830522665684773,-0.004835724656260254
0.001,focus,0.18273405939094978,242.0,-0.004788193042863715,-0.004793476903186544
0.001,focus,0.18273405939094978,242.20000000000002,-0.004745787501911234,-0.004751151998494407
0.001,focus,0.18273405939094978,242.4,-0.00470331072782759,-0.004708754630655676
0.001,focus,0.18273405939094978,242.60000000000002,-0.004660767370645812,-0.00466628945372527
0.001,focus,0.18273405939094978,242.8,-0.004618162045303416,-0.004623761084010525
0.001,focus,0.18273405939094978,243.0,-0.004575499331518419,-0.004581174107842756
0.001,focus,0.18273405939094978,243.20000000000002,-0.00453278377366984,-0.004538533071585249
0.001,focus,0.18273405939094978,243.4,-0.004490019880682633,-0.004495842489404822
0.001,focus,0.18273405939094978,243.60000000000002,-0.004447212125916957,-0.0044531068366104876
0.001,focus,0.18273405939094978,243.8,-0.004404364947061781,-0.004410330557425013
0.001,focus,0.18273405939094978,244.0,-0.00436148274603294,-0.004367518054992914
0.001,focus,0.18273405939094978,244.20000000000002,-0.0043185698888752256,-0.004324673702482684
0.001,focus,0.18273405939094978,244.4,-0.004275630705669014,-0.004281801831984566
0.001,focus,0.18273405939094978,244.60000000000002,-0.004232669490440932,-0.004238906743392334
0.001,focus,0.18273405939094978,244.8,-0.0041896905010788766,-0.004195992696631734
0.001,focus,0.18273405939094978,245.0,-0.004146697959251048,-0.004153063921652489
0.001,focus,0.18273405939094978,245.20000000000002,-0.004103696050329158,-0.004110124605105625
0.001,focus,0.18273405939094978,245.4,-0.0040606889233160085,-0.0040671789014457005
0.001,focus,0.18273405939094978,245.60000000000002,-0.004017680690776767,-0.004024230928489914
0.001,focus,0.18273405939094978,245.8,-0.003974675428774506,-0.003981284767418103
0.001,focus,0.18273405939094978,246.0,-0.003931677176809828,-0.003938344461662524
0.001,focus,0.18273405939094978,246.20000000000002,-0.0038886899377642893,-0.003895414019128296
0.001,focus,0.18273405939094978,246.4,-0.003845717677847974,-0.0038524974110831778
0.001,focus,0.18273405939094978,246.60000000000002,-0.003802764326550899,-0.0038095985721575687
0.001,focus,0.18273405939094978,246.8,-0.003759833776598381,-0.003766721400344508
0.001,focus,0.18273405939094978,247.0,-0.0037169298839101767,-0.003723869756999676
0.001,focus,0.18273405939094978,247.20000000000002,-0.0036740564675636065,-0.0036810474657311687
0.001,focus,0.18273405939094978,247.4,-0.003631217309760401,-0.0036382583135097235
0.001,focus,0.18273405939094978,247.60000000000002,-0.0035884161557972714,-0.0035955060517789406
0.001,focus,0.18273405939094978,247.8,-0.0035456567140404673,-0.0035527943942348372
0.001,focus,0.18273405939094978,248.0,-0.003502942655903762,-0.003510127016825848
0.001,focus,0.18273405939094978,248.20000000000002,-0.0034602776158302656,-0.0034675075599732708
0.001,focus,0.18273405939094978,248.4,-0.003417665191277941,-0.0034249396274610433
0.001,focus,0.18273405939094978,248.60000000000002,-0.0033751089427086663,-0.0033824267842152977
0.001,focus,0.18273405939094978,248.8,-0.0033326123935809157,-0.0033399725596350294
0.001,focus,0.18273405939094978,249.0,-0.003290179030346062,-0.0032975804464818737
0.001,focus,0.18273405939094978,249.20000000000002,-0.0032478123024479878,-0.00325525389865966
0.001,focus,0.18273405939094978,249.4,-0.003205515622326587,-0.003212996335655305
0.001,focus,0.18273405939094978,249.60000000000002,-0.0031632923654243404,-0.0031708111392081406
0.001,focus,0.18273405939094978,249.8,-0.003121145870196629,-0.0031287016521996946
0.001,focus,0.18273405939094978,250.0,-0.0030790794381252333,-0.0030866711819843573
0.001,focus,0.18273405939094978,250.20000000000002,-0.003037096333735364,-0.003044723000389382
0.001,focus,0.18273405939094978,250.4,-0.0029951997846159096,-0.003002860340384217
0.001,focus,0.18273405939094978,250.60000000000002,-0.002953392981443107,-0.0029610863994111725
0.001,focus,0.18273405939094978,250.8,-0.0029116790780074646,-0.002919404334944531
0.001,focus,0.18273405939094978,251.0,-0.002870061191243846,-0.0028778172733723295
0.001,focus,0.18273405939094978,251.20000000000002,-0.0028285424012648806,-0.0028363282977839077
0.001,focus,0.18273405939094978,251.4,-0.002787125751397551,-0.00279494046018236
0.001,focus,0.18273405939094978,251.60000000000002,-0.002745814248222749,-0.0027536567726027528
0.001,focus,0.18273405939094978,251.8,-0.00270461086161831,-0.0027124802104427914
0.001,focus,0.18273405939094978,252.0,-0.0026635185248047558,-0.0026714137146832684
0.001,focus,0.18273405939094978,252.20000000000002,-0.002622540134394302,-0.00263046018744717
0.001,focus,0.18273405939094978,252.4,-0.002581678550442965,-0.002589622495330346
0.001,focus,0.18273405939094978,252.60000000000002,-0.002540936596505355,-0.002548903467181063
0.001,focus,0.18273405939094978,252.8,-0.002500317059692841,-0.00250830589965112
0.001,focus,0.18273405939094978,253.0,-0.002459822690734234,-0.002467832547203841
0.001,focus,0.18273405939094978,253.20000000000002,-0.0024194562040397044,-0.0024274861321060826
0.001,focus,0.18273405939094978,253.4,-0.002379220277767344,-0.002387269337766895
0.001,focus,0.18273405939094978,253.60000000000002,-0.0023391175538927263,-0.0023471848142886387
0.001,focus,0.18273405939094978,253.8,-0.0022991506382810676,-0.00230723517402609
0.001,focus,0.18273405939094978,254.0,-0.0022593221007624247,-0.002267422991586443
0.001,focus,0.18273405939094978,254.20000000000002,-0.0022196344752093205,-0.0022277508104906474
0.001,focus,0.18273405939094978,254.4,-0.0021800902596173996,-0.0021882211331814005
0.001,focus,0.18273405939094978,254.60000000000002,-0.0021406919161885063,-0.0021488364299049323
0.001,focus,0.18273405939094978,254.8,-0.0021014418714164983,-0.0021095991320496665
0.001,focus,0.18273405939094978,255.0,-0.002062342516175748,-0.0020705116388075595
0.001,focus,0.18273405939094978,255.20000000000002,-0.002023396205812098,-0.0020315763127332076
0.001,focus,0.18273405939094978,255.4,-0.001984605260236388,-0.0019927954786336244
0.001,focus,0.18273405939094978,255.60000000000002,-0.0019459719640205866,-0.0019541714302295787
0.001,focus,0.18273405939094978,255.8,-0.0019074985664963798,-0.0019157064212738106
0.001,focus,0.18273405939094978,256.0,-0.0018691872818560522,-0.0018774026755430384
0.001,focus,0.18273405939094978,256.2,-0.001831040289256132,-0.0018392623768459515
0.001,focus,0.18273405939094978,256.40000000000003,-0.0017930597329229962,-0.0018012876767947716
0.001,focus,0.18273405939094978,256.6,-0.0017552477222612746,-0.0017634806925848068
0.001,focus,0.18273405939094978,256.8,-0.0017176063319641773,-0.001725843505884228
0.001,focus,0.18273405939094978,257.0,-0.0016801376021264756,-0.00168837816283407
0.001,focus,0.18273405939094978,257.2,-0.0016428435383594874,-0.001651086675158453
0.001,focus,0.18273405939094978,257.40000000000003,-0.0016057261119083873,-0.0016139710234952531
0.001,focus,0.18273405939094978,257.6,-0.0015687872597718786,-0.0015770331507347635
0.001,focus,0.18273405939094978,257.8,-0.0015320288848236624,-0.0015402749675708094
0.001,focus,0.18273405939094978,258.0,-0.0014954528559365209,-0.0015036983480598565
0.001,focus,0.18273405939094978,258.2,-0.0014590610081080986,-0.0014673051340619025
0.001,focus,0.18273405939094978,258.40000000000003,-0.001422855142588974,-0.0014310971363507008
0.001,focus,0.18273405939094978,258.6,-0.0013868370270128532,-0.0013950761290626446
0.001,focus,0.18273405939094978,258.8,-0.0013510083955285224,-0.0013592438508069904
0.001,focus,0.18273405939094978,259.0,-0.0013153709489340825,-0.0013236020124374193
0.001,focus,0.18273405939094978,259.2,-0.0012799263548128976,-0.0012881522870600293
0.001,focus,0.18273405939094978,259.40000000000003,-0.0012446762476716643,-0.0012528963166946738
0.001,focus,0.18273405939094978,259.6,-0.0012096222290802537,-0.0012178357100545156
0.001,focus,0.18273405939094978,259.8,-0.0011747658678134855,-0.0011829720425460266
0.001,focus,0.18273405939094978,260.0,-0.0011401086999946839,-0.001148306858489434
0.001,focus,0.18273405939094978,260.2,-0.0011056522292411692,-0.0011138416666778284
0.001,focus,0.18273405939094978,260.40000000000003,-0.0010713979268113137,-0.0010795779481487244
0.001,focus,0.18273405939094978,260.6,-0.0010373472317536,-0.0010455171461920543
0.001,focus,0.18273405939094978,260.8,-0.0010035015510571614,-0.0010116606774523973
0.001,focus,0.18273405939094978,261.0,-0.0009698622598042102,-0.0009780099219369731
0.001,focus,0.18273405939094978,261.2,-0.0009364307013239688,-0.0009445662318974257
0.001,focus,0.18273405939094978,261.40000000000003,-0.0009032081873483689,-0.0009113309251684854
0.001,focus,0.18273405939094978,261.6,-0.0008701959981692304,-0.0008783052884986375
0.001,focus,0.18273405939094978,261.8,-0.0008373953827971158,-0.0008454905808807922
0.001,focus,0.18273405939094978,262.0,-0.0008048075591216223,-0.0008128880235602765
0.001,focus,0.18273405939094978,262.2,-0.0007724337140733027,-0.0007804988133575108
0.001,focus,0.18273405939094978,262.40000000000003,-0.0007402750037869844,-0.000748324111565779
0.001,focus,0.18273405939094978,262.6,-0.0007083325537666329,-0.0007163650528330123
0.001,focus,0.18273405939094978,262.8,-0.000676607459051509,-0.000684622737390228
0.001,focus,0.18273405939094978,263.0,-0.0006451007843839124,-0.000653098237712868
0.001,focus,0.18273405939094978,263.2,-0.0006138135643780428,-0.0006217925963003523
0.001,focus,0.18273405939094978,263.40000000000003,-0.0005827468036904999,-0.0005907068234556334
0.001,focus,0.18273405939094978,263.6,-0.0005519014771919443,-0.000559841901726088
0.001,focus,0.18273405939094978,263.8,-0.0005212785301399504,-0.0005291987836830714
0.001,focus,0.18273405939094978,264.0,-0.0004908788783533071,-0.0004987783919219169
0.001,focus,0.18273405939094978,264.2,-0.0004607034083874776,-0.0004685816201721593
0.001,focus,0.18273405939094978,264.40000000000003,-0.00043075297771123837,-0.0004386093321873119
0.001,focus,0.18273405939094978,264.6,-0.0004010284148844833,-0.0004088623650755352
0.001,focus,0.18273405939094978,264.8,-0.00037153051973729494,-0.00037934152485874506
0.001,focus,0.18273405939094978,265.0,-0.0003422600635499079,-0.00035004758869305874
0.001,focus,0.18273405939094978,265.2,-0.00031321778923412984,-0.0003209813081994639
0.001,focus,0.18273405939094978,265.40000000000003,-0.00028440441151533557,-0.00029214340391270355
0.001,focus,0.18273405939094978,265.6,-0.0002558206171160875,-0.00026353456972216804
0.001,focus,0.18273405939094978,265.8,-0.0002274670649402289,-0.00023515547176167217
0.001,focus,0.18273405939094978,266.0,-0.00019934438625833224,-0.0002070067484094551
0.001,focus,0.18273405939094978,266.2,-0.00017145318489393977,-0.00017908901028818036
0.001,focus,0.18273405939094978,266.40000000000003,-0.0001437940374107597,-0.00015140284137515891
0.001,focus,0.18273405939094978,266.6,-0.00011636749330086507,-0.00012394879678190307
0.001,focus,0.18273405939094978,266.8,-8.917407517371183e-05,-9.67274071950186e-05
0.001,focus,0.18273405939094978,267.0,-6.221427894589848e-05,-6.973917332508961e-05
0.001,focus,0.18273405939094978,267.2,-3.548857403203273e-05,-4.298457367823971e-05
0.001,focus,0.18273405939094978,267.40000000000003,-8.997403536104938e-06,-1.6464056784570857e-05
0.001,focus,0.18273405939094978,267.6,1.7258815556045684e-05,9.821954360944574e-06
0.001,focus,0.18273405939094978,267.8,4.327969218386233e-05,3.587305896779469e-05
0.001,focus,0.18273405939094978,268.0,6.906486101813601e-05,6.16888873317123e-05
0.001,focus,0.18273405939094978,268.2,9.461398226653502e-05,8.726909084266765e-05
0.001,focus,0.18273405939094978,268.40000000000003,0.0001199267414785282,0.0001126133508666527
0.001,focus,0.18273405939094978,268.6,0.00014500284934932222,0.00013772136986389683
0.001,focus,0.18273405939094978,268.8,0.00016984204152365823,0.00016259287805020506
0.001,focus,0.18273405939094978,269.0,0.00019444407839850313,0.0001872276278458429
0.001,focus,0.18273405939094978,269.2,0.00021880874492551474,0.00021162539720620543
0.001,focus,0.18273405939094978,269.40000000000003,0.00024293585041272307,0.00023578599073204032
0.001,focus,0.18273405939094978,269.6,0.0002668252283258417,0.0002597092352285557
0.001,focus,0.18273405939094978,269.8,0.00029047673608887547,0.00028339497970542027
0.001,focus,0.18273405939094978,270.0,0.00031389025488446964,0.0003068430987074322
0.001,focus,0.18273405939094978,270.2,0.00033706568945357073,0.00033005349342474233
0.001,focus,0.18273405939094978,270.40000000000003,0.000360002967894772,0.0003530260817008468
0.001,focus,0.18273405939094978,270.6,0.0003827020414631496,0.0003757608113552635
0.001,focus,0.18273405939094978,270.8,0.000405162884368868,0.0003982576490813017
0.001,focus,0.18273405939094978,271.0,0.00042738549357519343,0.0004205165848869541
0.001,focus,0.18273405939094978,271.2,0.00044936988859626024,0.00044253763209489705
0.001,focus,0.18273405939094978,271.40000000000003,0.00047111611129454063,0.00046432082623226734
0.001,focus,0.18273405939094978,271.6,0.0004926242256779257,0.00048586622503066224
0.001,focus,0.18273405939094978,271.8,0.000513894317696548,0.0005071739095363625
0.001,focus,0.18273405939094978,272.0,0.0005349264950393893,0.0005282439785592175
0.001,focus,0.18273405939094978,272.2,0.0005557208869305838,0.0005490765575544287
0.001,focus,0.18273405939094978,272.40000000000003,0.0005762776439254292,0.0005696717886305436
0.001,focus,0.18273405939094978,272.6,0.0005965969377064134,0.0005900298383210156
0.001,focus,0.18273405939094978,272.8,0.0006166789608788355,0.0006101508942535361
0.001,focus,0.18273405939094978,273.0,0.000636523926766395,0.0006300351618193645
0.001,focus,0.18273405939094978,273.2,0.0006561320692065738,0.0006496828697244439
0.001,focus,0.18273405939094978,273.40000000000003,0.0006755036423460171,0.0006690942655485088
0.001,focus,0.18273405939094978,273.6,0.0006946389204355777,0.0006882696179655312
0.001,focus,0.18273405939094978,273.8,0.0007135381976255809,0.0007072092145232745
0.001,focus,0.18273405939094978,274.0,0.0007322017877608108,0.0007259133638637394
0.001,focus,0.18273405939094978,274.2,0.0007506300241755879,0.0007443823923924953
0.001,focus,0.18273405939094978,274.40000000000003,0.0007688232594886936,0.0007626166476093488
0.001,focus,0.18273405939094978,274.6,0.0007867818653984355,0.000780616494777675
0.001,focus,0.18273405939094978,274.8,0.0008045062324776821,0.0007983823202550866
0.001,focus,0.18273405939094978,275.0,0.0008219967699689051,0.0008159145248320954
0.001,focus,0.18273405939094978,275.2,0.0008392539055792965,0.0008332135326138967
0.001,focus,0.18273405939094978,275.40000000000003,0.0008562780852760262,0.0008502797821385855
0.001,focus,0.18273405939094978,275.6,0.0008730697730814532,0.0008671137319282707
0.001,focus,0.18273405939094978,275.8,0.0008896294508686419,0.000883715859378853
0.001,focus,0.18273405939094978,276.0,0.0009059576181568856,0.0009000866574293553
0.001,focus,0.18273405939094978,276.2,0.0009220547919073045,0.000916226636782369
0.001,focus,0.18273405939094978,276.40000000000003,0.0009379215063189051,0.0009321363281244999
0.001,focus,0.18273405939094978,276.6,0.0009535583126244367,0.0009478162754650299
0.001,focus,0.18273405939094978,276.8,0.0009689657788867923,0.0009632670405768096
0.001,focus,0.18273405939094978,277.0,0.0009841444897955012,0.0009784892052167038
0.001,focus,0.18273405939094978,277.2,0.0009990950464633167,0.0009934833633540308
0.001,focus,0.18273405939094978,277.40000000000003,0.0010138180662233416,0.001008250126721677
0.001,focus,0.18273405939094978,277.6,0.0010283141824261905,0.0010227901237058745
0.001,focus,0.18273405939094978,277.8,0.0010425840442376136,0.0010371039971257545
0.001,focus,0.18273405939094978,278.0,0.0010566283164362615,0.0010511924086742397
0.001,focus,0.18273405939094978,278.2,0.0010704476792119215,0.001065056032256706
0.001,focus,0.18273405939094978,278.40000000000003,0.001084042827964062,0.0010786955573216517
0.001,focus,0.18273405939094978,278.6,0.0010974144731005562,0.0010921116899709205
0.001,focus,0.18273405939094978,278.8,0.0011105633398370888,0.0011053051485188092
0.001,focus,0.18273405939094978,279.0,0.0011234901679967246,0.0011182766701534064
0.001,focus,0.18273405939094978,279.2,0.0011361957118098934,0.0011310270009445844
0.001,focus,0.18273405939094978,279.40000000000003,0.0011486807397149232,0.0011435569069462304
0.001,focus,0.18273405939094978,279.6,0.0011609460341588445,0.0011558671653144614
0.001,focus,0.18273405939094978,279.8,0.0011729923913987351,0.0011679585654178481
0.001,focus,0.18273405939094978,280.0,0.001184820621303578,0.0011798319132783064
0.001,focus,0.18273405939094978,280.2,0.0011964315471564412,0.0011914880282404283
0.001,focus,0.18273405939094978,280.40000000000003,0.0012078260054573116,0.0012029277396408133
0.001,focus,0.18273405939094978,280.6,0.001219004845726278,0.0012141518945796292
0.001,focus,0.18273405939094978,280.8,0.0012299689303074497,0.001225161350149051
0.001,focus,0.18273405939094978,281.0,0.0012407191341731179,0.001235956975653707
0.001,focus,0.18273405939094978,281.2,0.0012512563447287536,0.0012465396537209017
0.001,focus,0.18273405939094978,281.40000000000003,0.0012615814616184012,0.001256910280300616
0.001,focus,0.18273405939094978,281.6,0.001271695396530625,0.001267069761334838
0.001,focus,0.18273405939094978,281.8,0.0012815990730051918,0.0012770190160882322
0.001,focus,0.18273405939094978,282.0,0.0012912934262402163,0.001286758974927693
0.001,focus,0.18273405939094978,282.2,0.0013007794028999649,0.0012962905804325686
0.001,focus,0.18273405939094978,282.40000000000003,0.0013100579609233278,0.001305614786284437
0.001,focus,0.18273405939094978,282.6,0.001319130069332858,0.0013147325561568834
0.001,focus,0.18273405939094978,282.8,0.0013279967080445038,0.0013236448659359468
0.001,focus,0.18273405939094978,283.0,0.0013366588676780114,0.0013323527026098958
0.001,focus,0.18273405939094978,283.2,0.0013451175493680002,0.0013408570620487836
0.001,focus,0.18273405939094978,283.40000000000003,0.0013533737645756833,0.0013491589512248936
0.001,focus,0.18273405939094978,283.6,0.001361428534901312,0.0013572593882127393
0.001,focus,0.18273405939094978,283.8,0.0013692828918974225,0.0013651593999686185
0.001,focus,0.18273405939094978,284.0,0.0013769378768826094,0.0013728600234408361
0.001,focus,0.18273405939094978,284.2,0.0013843945407562017,0.0013803623044594815
0.001,focus,0.18273405939094978,284.40000000000003,0.0013916539438136603,0.001387667301067097
0.001,focus,0.18273405939094978,284.6,0.0013987171555626013,0.0013947760779675633
0.001,focus,0.18273405939094978,284.8,0.0014055852545398022,0.0014016897087465452
0.001,focus,0.18273405939094978,285.0,0.0014122593281287207,0.0014084092780919377
0.001,focus,0.18273405939094978,285.2,0.0014187404723780828,0.001414935877352974
0.001,focus,0.18273405939094978,285.40000000000003,0.0014250297918210059,0.0014212706078708948
0.001,focus,0.18273405939094978,285.6,0.001431128399295134,0.0014274145787585013
0.001,focus,0.18273405939094978,285.8,0.001437037415763457,0.0014333689046797105
0.001,focus,0.18273405939094978,286.0,0.0014427579701360342,0.0014391347136211152
0.001,focus,0.18273405939094978,286.2,0.0014482911990924942,0.0014447131368999777
0.001,focus,0.18273405939094978,286.40000000000003,0.0014536382469054377,0.0014501053158255672
0.001,focus,0.18273405939094978,286.6,0.0014588002652646385,0.0014553123983684912
0.001,focus,0.18273405939094978,286.8,0.0014637784131021738,0.0014603355391606954
0.001,focus,0.18273405939094978,287.0,0.0014685738564183186,0.0014651759006056864
0.001,focus,0.18273405939094978,287.2,0.0014731877681084637,0.0014698346528785322
0.001,focus,0.18273405939094978,287.40000000000003,0.001477621327790838,0.001474312970595193
0.001,focus,0.18273405939094978,287.6,0.0014818757216350873,0.0014786120383636359
0.001,focus,0.18273405939094978,287.8,0.0014859521421918679,0.0014827330441224973
0.001,focus,0.18273405939094978,288.0,0.0014898517882232733,0.0014866771835819748
0.001,focus,0.18273405939094978,288.2,0.001493575864534218,0.001490445658003381
0.001,focus,0.18273405939094978,288.40000000000003,0.0014971255818047144,0.0014940396741991435
0.001,focus,0.18273405939094978,288.6,0.001500502156423196,0.0014974604456430285
0.001,focus,0.18273405939094978,288.8,0.0015037068103205436,0.0015007091913599169
0.001,focus,0.18273405939094978,289.0,0.0015067407708054094,0.0015037871337053588
0.001,focus,0.18273405939094978,289.2,0.00150960527040019,0.0015066955050269115
0.001,focus,0.18273405939094978,289.40000000000003,0.0015123015466781057,0.0015094355376721325
0.001,focus,0.18273405939094978,289.6,0.001514830842101295,0.00151200847176014
0.001,focus,0.18273405939094978,289.8,0.0015171944038597568,0.001514415550740722
0.001,focus,0.18273405939094978,290.0,0.0015193934837113732,0.0015166580236147809
0.001,focus,0.18273405939094978,290.2,0.0015214293378229453,0.0015187371438241115
0.001,focus,0.18273405939094978,290.40000000000003,0.001523303226612119,0.0015206541692514008
0.001,focus,0.18273405939094978,290.6,0.0015250164145904324,0.0015224103611100048
0.001,focus,0.18273405939094978,290.8,0.0015265701702072622,0.0015240069839439485
0.001,focus,0.18273405939094978,291.0,0.0015279657656949558,0.001525445307848372
0.001,focus,0.18273405939094978,291.2,0.0015292044769147253,0.0015267266062490847
0.001,focus,0.18273405939094978,291.40000000000003,0.0015302875832038534,0.0015278521559025648
0.001,focus,0.18273405939094978,291.6,0.0015312163672237251,0.0015288232357857368
0.001,focus,0.18273405939094978,291.8,0.001531992114808974,0.00152964113042664
0.001,focus,0.18273405939094978,292.0,0.0015326161148177101,0.001530307124353314
0.001,focus,0.18273405939094978,292.2,0.0015330896589826986,0.0015308225076449133
0.001,focus,0.18273405939094978,292.40000000000003,0.001533414041763676,0.0015311885714908158
0.001,focus,0.18273405939094978,292.6,0.0015335905602006867,0.001531406611521291
0.001,focus,0.18273405939094978,292.8,0.0015336205137684846,0.0015314779233666087
0.001,focus,0.18273405939094978,293.0,0.0015335052042320123,0.0015314038082081538
0.001,focus,0.18273405939094978,293.2,0.0015332459355028912,0.0015311855661170881
0.001,focus,0.18273405939094978,293.40000000000003,0.001532844013497117,0.0015308245004952425
0.001,focus,0.18273405939094978,293.6,0.0015323007459936981,0.001530321916964894
0.001,focus,0.18273405939094978,293.8,0.0015316174424944214,0.0015296791233687657
0.001,focus,0.18273405939094978,294.0,0.0015307954140847302,0.0015288974286598034
0.001,focus,0.18273405939094978,294.2,0.0015298359732957008,0.0015279781429011763
0.001,focus,0.18273405939094978,294.40000000000003,0.0015287404339669743,0.0015269225761560534
0.001,focus,0.18273405939094978,294.6,0.0015275101111110478,0.001525732042928496
0.001,focus,0.18273405939094978,294.8,0.0015261463207783665,0.001524407857722565
0.001,focus,0.18273405939094978,295.0,0.0015246503799237435,0.0015229513339320988
0.001,focus,0.18273405939094978,295.2,0.0015230236062737563,0.0015213637871713814
0.001,focus,0.18273405939094978,295.40000000000003,0.0015212673181953078,0.0015196465341649201
0.001,focus,0.18273405939094978,295.6,0.0015193828345652935,0.0015178008927474451
0.001,focus,0.18273405939094978,295.8,0.0015173714746413327,0.0015158281796434636
0.001,focus,0.18273405939094978,296.0,0.0015152345579336917,0.0015137297115774828
0.001,focus,0.18273405939094978,296.2,0.001512973404078258,0.001511506807494456
0.001,focus,0.18273405939094978,296.40000000000003,0.001510589332710642,0.0015091607830086673
0.001,focus,0.18273405939094978,296.6,0.0015080836633414726,0.001506692959285516
0.001,focus,0.18273405939094978,296.8,0.001505457715232666,0.0015041046508290634
0.001,focus,0.18273405939094978,297.0,0.001502712807275006,0.0015013971754740396
0.001,focus,0.18273405939094978,297.2,0.001499850257866694,0.001498571852165398
0.001,focus,0.18273405939094978,297.40000000000003,0.0014968713847930762,0.0014956299942969764
0.001,focus,0.18273405939094978,297.6,0.0014937775051075569,0.0014925729185932823
0.001,focus,0.18273405939094978,297.8,0.0014905699350135529,0.0014894019384481538
0.001,focus,0.18273405939094978,298.0,0.0014872499897476276,0.001486118369475875
0.001,focus,0.18273405939094978,298.2,0.0014838189834637959,0.001482723522849838
0.001,focus,0.18273405939094978,298.40000000000003,0.001480278229118793,0.001479218709743435
0.001,focus,0.18273405939094978,298.6,0.0014766290383587358,0.001475605242440281
0.001,focus,0.18273405939094978,298.8,0.0014728727214067018,0.001471884427672876
0.001,focus,0.18273405939094978,299.0,0.0014690105869515355,0.001468057573283943
0.001,focus,0.18273405939094978,299.2,0.0014650439420377593,0.0014641259848957588
0.001,focus,0.18273405939094978,299.40000000000003,0.0014609740919566642,0.0014600909670203777
0.001,focus,0.18273405939094978,299.6,0.001456802340138492,0.0014559538208391842
0.001,focus,0.18273405939094978,299.8,0.0014525299880457925,0.0014517158475335634
0.001,focus,0.18273405939094978,300.0,0.0014481583350678228,0.001447378343844008
