segment,time_from_section,r,psi
unstable_forward_to_section,-284.10365410466125,0.9454117374995926,-0.29899959025847905
unstable_forward_to_section,-283.94581874126976,0.9454117372288072,-0.2989995910603373
unstable_forward_to_section,-283.7879833778783,0.9454117369557301,-0.29899959186898173
unstable_forward_to_section,-283.6301480144868,0.9454117366803418,-0.2989995926844704
unstable_forward_to_section,-283.4723126510953,0.9454117364026228,-0.29899959350686056
unstable_forward_to_section,-283.3144772877039,0.9454117361225532,-0.29899959433621137
unstable_forward_to_section,-283.1566419243124,0.9454117358401134,-0.29899959517258146
unstable_forward_to_section,-282.9988065609209,0.945411735555283,-0.29899959601603
unstable_forward_to_section,-282.8409711975294,0.9454117352680421,-0.298999596866617
unstable_forward_to_section,-282.68313583413794,0.9454117349783702,-0.2989995977244029
unstable_forward_to_section,-282.52530047074646,0.9454117346862466,-0.29899959858944847
unstable_forward_to_section,-282.367465107355,0.9454117343916506,-0.2989995994618155
unstable_forward_to_section,-282.2096297439635,0.9454117340945613,-0.29899960034156586
unstable_forward_to_section,-282.051794380572,0.9454117337949576,-0.298999601228762
unstable_forward_to_section,-281.8939590171805,0.9454117334928182,-0.29899960212346677
unstable_forward_to_section,-281.7361236537891,0.9454117331881216,-0.29899960302574385
unstable_forward_to_section,-281.5782882903976,0.9454117328808462,-0.29899960393565744
unstable_forward_to_section,-281.4204529270061,0.9454117325709703,-0.29899960485327187
unstable_forward_to_section,-281.26261756361464,0.9454117322584717,-0.2989996057786525
unstable_forward_to_section,-281.10478220022316,0.9454117319433283,-0.29899960671186515
unstable_forward_to_section,-280.94694683683167,0.9454117316255177,-0.29899960765297595
unstable_forward_to_section,-280.7891114734402,0.9454117313050173,-0.29899960860205177
unstable_forward_to_section,-280.6312761100487,0.9454117309818044,-0.2989996095591602
unstable_forward_to_section,-280.4734407466572,0.9454117306558559,-0.2989996105243691
unstable_forward_to_section,-280.3156053832658,0.9454117303271489,-0.29899961149774684
unstable_forward_to_section,-280.1577700198743,0.9454117299956597,-0.29899961247936274
unstable_forward_to_section,-279.9999346564828,0.9454117296613651,-0.29899961346928655
unstable_forward_to_section,-279.84209929309134,0.9454117293242411,-0.2989996144675885
unstable_forward_to_section,-279.68426392969985,0.945411728984264,-0.2989996154743395
unstable_forward_to_section,-279.52642856630837,0.9454117286414095,-0.29899961648961115
unstable_forward_to_section,-279.3685932029169,0.9454117282956532,-0.29899961751347554
unstable_forward_to_section,-279.2107578395254,0.9454117279469707,-0.2989996185460053
unstable_forward_to_section,-279.0529224761339,0.945411727595337,-0.2989996195872741
unstable_forward_to_section,-278.89508711274243,0.9454117272407274,-0.29899962063735563
unstable_forward_to_section,-278.737251749351,0.9454117268831165,-0.2989996216963243
unstable_forward_to_section,-278.5794163859595,0.945411726522479,-0.2989996227642556
unstable_forward_to_section,-278.42158102256803,0.9454117261587892,-0.2989996238412254
unstable_forward_to_section,-278.26374565917655,0.9454117257920213,-0.2989996249273098
unstable_forward_to_section,-278.10591029578507,0.9454117254221492,-0.29899962602258645
unstable_forward_to_section,-277.9480749323936,0.945411725049147,-0.298999627127133
unstable_forward_to_section,-277.7902395690021,0.9454117246729876,-0.29899962824102794
unstable_forward_to_section,-277.6324042056106,0.9454117242936447,-0.29899962936435026
unstable_forward_to_section,-277.4745688422191,0.9454117239110913,-0.29899963049717976
unstable_forward_to_section,-277.3167334788277,0.9454117235253002,-0.2989996316395969
unstable_forward_to_section,-277.1588981154362,0.945411723136244,-0.29899963279168296
unstable_forward_to_section,-277.00106275204473,0.945411722743895,-0.2989996339535195
unstable_forward_to_section,-276.84322738865325,0.9454117223482252,-0.298999635125189
unstable_forward_to_section,-276.68539202526176,0.9454117219492068,-0.298999636306775
unstable_forward_to_section,-276.5275566618703,0.9454117215468113,-0.29899963749836156
unstable_forward_to_section,-276.3697212984788,0.9454117211410101,-0.29899963870003304
unstable_forward_to_section,-276.2118859350873,0.9454117207317744,-0.2989996399118747
unstable_forward_to_section,-276.0540505716958,0.9454117203190752,-0.29899964113397304
unstable_forward_to_section,-275.89621520830434,0.9454117199028831,-0.2989996423664141
unstable_forward_to_section,-275.7383798449129,0.9454117194831685,-0.29899964360928616
unstable_forward_to_section,-275.58054448152143,0.9454117190599017,-0.29899964486267716
unstable_forward_to_section,-275.42270911812994,0.9454117186330527,-0.2989996461266763
unstable_forward_to_section,-275.26487375473846,0.9454117182025912,-0.29899964740137286
unstable_forward_to_section,-275.107038391347,0.9454117177684863,-0.2989996486868582
unstable_forward_to_section,-274.9492030279555,0.9454117173307074,-0.2989996499832229
unstable_forward_to_section,-274.791367664564,0.9454117168892233,-0.29899965129055944
unstable_forward_to_section,-274.6335323011725,0.9454117164440028,-0.2989996526089607
unstable_forward_to_section,-274.47569693778104,0.9454117159950142,-0.29899965393852
unstable_forward_to_section,-274.31786157438955,0.9454117155422256,-0.29899965527933214
unstable_forward_to_section,-274.1600262109981,0.9454117150856048,-0.2989996566314922
unstable_forward_to_section,-274.00219084760664,0.9454117146251194,-0.29899965799509587
unstable_forward_to_section,-273.84435548421516,0.9454117141607368,-0.29899965937024064
unstable_forward_to_section,-273.6865201208237,0.9454117136924237,-0.2989996607570238
unstable_forward_to_section,-273.5286847574322,0.9454117132201472,-0.2989996621555439
unstable_forward_to_section,-273.3708493940407,0.9454117127438736,-0.29899966356590046
unstable_forward_to_section,-273.2130140306492,0.945411712263569,-0.2989996649881937
unstable_forward_to_section,-273.05517866725774,0.9454117117791994,-0.2989996664225242
unstable_forward_to_section,-272.89734330386625,0.9454117112907303,-0.29899966786899446
unstable_forward_to_section,-272.7395079404748,0.9454117107981271,-0.298999669327707
unstable_forward_to_section,-272.58167257708334,0.9454117103013547,-0.29899967079876466
unstable_forward_to_section,-272.42383721369185,0.945411709800378,-0.29899967228227287
unstable_forward_to_section,-272.26600185030037,0.9454117092951613,-0.2989996737783369
unstable_forward_to_section,-272.1081664869089,0.9454117087856686,-0.2989996752870624
unstable_forward_to_section,-271.9503311235174,0.9454117082718638,-0.2989996768085573
unstable_forward_to_section,-271.7924957601259,0.9454117077537106,-0.298999678342929
unstable_forward_to_section,-271.63466039673443,0.945411707231172,-0.29899967989028686
unstable_forward_to_section,-271.47682503334295,0.9454117067042107,-0.2989996814507409
unstable_forward_to_section,-271.31898966995146,0.9454117061727897,-0.29899968302440183
unstable_forward_to_section,-271.16115430656004,0.9454117056368709,-0.2989996846113811
unstable_forward_to_section,-271.00331894316855,0.9454117050964165,-0.29899968621179174
unstable_forward_to_section,-270.84548357977707,0.9454117045513879,-0.2989996878257475
unstable_forward_to_section,-270.6876482163856,0.9454117040017465,-0.2989996894533628
unstable_forward_to_section,-270.5298128529941,0.9454117034474531,-0.29899969109475355
unstable_forward_to_section,-270.3719774896026,0.9454117028884685,-0.29899969275003635
unstable_forward_to_section,-270.21414212621113,0.945411702324753,-0.2989996944193283
unstable_forward_to_section,-270.05630676281964,0.9454117017562664,-0.29899969610274824
unstable_forward_to_section,-269.89847139942816,0.9454117011829686,-0.29899969780041574
unstable_forward_to_section,-269.7406360360367,0.9454117006048186,-0.2989996995124514
unstable_forward_to_section,-269.58280067264525,0.9454117000217754,-0.2989997012389773
unstable_forward_to_section,-269.42496530925376,0.9454116994337978,-0.29899970298011525
unstable_forward_to_section,-269.2671299458623,0.9454116988408436,-0.2989997047359892
unstable_forward_to_section,-269.1092945824708,0.9454116982428712,-0.2989997065067238
unstable_forward_to_section,-268.9514592190793,0.9454116976398378,-0.29899970829244504
unstable_forward_to_section,-268.7936238556878,0.9454116970317007,-0.29899971009327997
unstable_forward_to_section,-268.63578849229634,0.9454116964184166,-0.298999711909356
unstable_forward_to_section,-268.47795312890486,0.9454116957999419,-0.29899971374080225
unstable_forward_to_section,-268.3201177655134,0.9454116951762329,-0.29899971558774907
unstable_forward_to_section,-268.16228240212195,0.9454116945472452,-0.29899971745032744
unstable_forward_to_section,-268.00444703873046,0.9454116939129339,-0.29899971932866976
unstable_forward_to_section,-267.846611675339,0.9454116932732541,-0.29899972122290913
unstable_forward_to_section,-267.6887763119475,0.9454116926281605,-0.2989997231331805
unstable_forward_to_section,-267.530940948556,0.9454116919776072,-0.2989997250596194
unstable_forward_to_section,-267.3731055851645,0.9454116913215479,-0.2989997270023625
unstable_forward_to_section,-267.21527022177304,0.945411690659936,-0.2989997289615479
unstable_forward_to_section,-267.05743485838155,0.9454116899927246,-0.2989997309373151
unstable_forward_to_section,-266.89959949499007,0.9454116893198664,-0.29899973292980403
unstable_forward_to_section,-266.74176413159864,0.9454116886413134,-0.29899973493915655
unstable_forward_to_section,-266.58392876820716,0.9454116879570175,-0.2989997369655149
unstable_forward_to_section,-266.4260934048157,0.94541168726693,-0.29899973900902366
unstable_forward_to_section,-266.2682580414242,0.945411686571002,-0.29899974106982696
unstable_forward_to_section,-266.1104226780327,0.945411685869184,-0.29899974314807193
unstable_forward_to_section,-265.9525873146412,0.9454116851614263,-0.2989997452439062
unstable_forward_to_section,-265.79475195124974,0.9454116844476783,-0.2989997473574784
unstable_forward_to_section,-265.63691658785825,0.9454116837278896,-0.2989997494889389
unstable_forward_to_section,-265.47908122446677,0.9454116830020091,-0.29899975163843884
unstable_forward_to_section,-265.3212458610753,0.9454116822699851,-0.29899975380613103
unstable_forward_to_section,-265.16341049768386,0.9454116815317656,-0.29899975599216966
unstable_forward_to_section,-265.00557513429237,0.9454116807872981,-0.29899975819670976
unstable_forward_to_section,-264.8477397709009,0.94541168003653,-0.29899976041990783
unstable_forward_to_section,-264.6899044075094,0.9454116792794076,-0.2989997626619218
unstable_forward_to_section,-264.5320690441179,0.9454116785158774,-0.298999764922911
unstable_forward_to_section,-264.37423368072643,0.9454116777458851,-0.29899976720303606
unstable_forward_to_section,-264.21639831733495,0.9454116769693759,-0.29899976950245877
unstable_forward_to_section,-264.05856295394346,0.9454116761862947,-0.29899977182134263
unstable_forward_to_section,-263.900727590552,0.9454116753965861,-0.29899977415985246
unstable_forward_to_section,-263.7428922271605,0.9454116746001937,-0.29899977651815385
unstable_forward_to_section,-263.58505686376907,0.945411673797061,-0.29899977889641516
unstable_forward_to_section,-263.4272215003776,0.9454116729871311,-0.2989997812948043
unstable_forward_to_section,-263.2693861369861,0.9454116721703463,-0.29899978371349223
unstable_forward_to_section,-263.1115507735946,0.9454116713466487,-0.29899978615265094
unstable_forward_to_section,-262.95371541020313,0.9454116705159797,-0.2989997886124535
unstable_forward_to_section,-262.79588004681165,0.9454116696782805,-0.2989997910930743
unstable_forward_to_section,-262.63804468342016,0.9454116688334914,-0.2989997935946897
unstable_forward_to_section,-262.4802093200287,0.9454116679815524,-0.29899979611747735
unstable_forward_to_section,-262.3223739566372,0.945411667122403,-0.2989997986616167
unstable_forward_to_section,-262.16453859324577,0.9454116662559823,-0.29899980122728836
unstable_forward_to_section,-262.0067032298543,0.9454116653822285,-0.29899980381467456
unstable_forward_to_section,-261.8488678664628,0.9454116645010799,-0.2989998064239591
unstable_forward_to_section,-261.6910325030713,0.9454116636124736,-0.2989998090553272
unstable_forward_to_section,-261.5331971396798,0.9454116627163466,-0.2989998117089657
unstable_forward_to_section,-261.37536177628834,0.9454116618126353,-0.2989998143850632
unstable_forward_to_section,-261.21752641289686,0.9454116609012754,-0.2989998170838098
unstable_forward_to_section,-261.0596910495054,0.9454116599822022,-0.2989998198053973
unstable_forward_to_section,-260.9018556861139,0.9454116590553505,-0.2989998225500187
unstable_forward_to_section,-260.7440203227224,0.9454116581206543,-0.298999825317869
unstable_forward_to_section,-260.586184959331,0.9454116571780474,-0.298999828109145
unstable_forward_to_section,-260.4283495959395,0.9454116562274627,-0.2989998309240448
unstable_forward_to_section,-260.270514232548,0.9454116552688329,-0.2989998337627684
unstable_forward_to_section,-260.1126788691565,0.9454116543020895,-0.2989998366255179
unstable_forward_to_section,-259.95484350576504,0.9454116533271643,-0.2989998395124959
unstable_forward_to_section,-259.79700814237356,0.9454116523439877,-0.2989998424239079
unstable_forward_to_section,-259.6391727789821,0.9454116513524901,-0.2989998453599604
unstable_forward_to_section,-259.4813374155906,0.9454116503526009,-0.29899984832086246
unstable_forward_to_section,-259.3235020521991,0.9454116493442493,-0.2989998513068241
unstable_forward_to_section,-259.1656666888076,0.9454116483273634,-0.29899985431805726
unstable_forward_to_section,-259.0078313254162,0.945411647301871,-0.2989998573547756
unstable_forward_to_section,-258.8499959620247,0.9454116462676995,-0.2989998604171955
unstable_forward_to_section,-258.6921605986332,0.9454116452247753,-0.2989998635055338
unstable_forward_to_section,-258.53432523524174,0.9454116441730244,-0.2989998666200105
unstable_forward_to_section,-258.37648987185025,0.9454116431123719,-0.2989998697608463
unstable_forward_to_section,-258.21865450845877,0.9454116420427426,-0.2989998729282643
unstable_forward_to_section,-258.0608191450673,0.9454116409640606,-0.2989998761224895
unstable_forward_to_section,-257.9029837816758,0.9454116398762492,-0.29899987934374944
unstable_forward_to_section,-257.7451484182843,0.945411638779231,-0.2989998825922722
unstable_forward_to_section,-257.5873130548929,0.9454116376729282,-0.29899988586828924
unstable_forward_to_section,-257.4294776915014,0.9454116365572623,-0.2989998891720323
unstable_forward_to_section,-257.2716423281099,0.945411635432154,-0.2989998925037368
unstable_forward_to_section,-257.11380696471844,0.9454116342975233,-0.2989998958636391
unstable_forward_to_section,-256.95597160132695,0.9454116331532897,-0.29899989925197784
unstable_forward_to_section,-256.79813623793547,0.9454116319993718,-0.29899990266899357
unstable_forward_to_section,-256.640300874544,0.9454116308356879,-0.2989999061149291
unstable_forward_to_section,-256.4824655111525,0.945411629662155,-0.29899990959002937
unstable_forward_to_section,-256.324630147761,0.94541162847869,-0.298999913094541
unstable_forward_to_section,-256.1667947843696,0.9454116272852087,-0.2989999166287129
unstable_forward_to_section,-256.0089594209781,0.9454116260816264,-0.2989999201927964
unstable_forward_to_section,-255.8511240575866,0.9454116248678576,-0.2989999237870444
unstable_forward_to_section,-255.69328869419513,0.9454116236438161,-0.29899992741171194
unstable_forward_to_section,-255.53545333080365,0.945411622409415,-0.2989999310670569
unstable_forward_to_section,-255.37761796741216,0.9454116211645665,-0.29899993475333897
unstable_forward_to_section,-255.21978260402068,0.9454116199091821,-0.2989999384708196
unstable_forward_to_section,-255.0619472406292,0.9454116186431729,-0.298999942219763
unstable_forward_to_section,-254.90411187723774,0.9454116173664489,-0.29899994600043583
unstable_forward_to_section,-254.74627651384625,0.9454116160789193,-0.298999949813106
unstable_forward_to_section,-254.58844115045477,0.9454116147804927,-0.29899995365804494
unstable_forward_to_section,-254.43060578706329,0.9454116134710769,-0.2989999575355253
unstable_forward_to_section,-254.27277042367183,0.9454116121505789,-0.29899996144582275
unstable_forward_to_section,-254.11493506028035,0.9454116108189048,-0.29899996538921464
unstable_forward_to_section,-253.95709969688886,0.9454116094759601,-0.2989999693659819
unstable_forward_to_section,-253.79926433349738,0.9454116081216494,-0.298999973376406
unstable_forward_to_section,-253.6414289701059,0.9454116067558765,-0.2989999774207724
unstable_forward_to_section,-253.4835936067144,0.9454116053785444,-0.2989999814993682
unstable_forward_to_section,-253.32575824332295,0.9454116039895553,-0.2989999856124832
unstable_forward_to_section,-253.16792287993147,0.9454116025888104,-0.2989999897604094
unstable_forward_to_section,-253.01008751653998,0.9454116011762104,-0.2989999939434414
unstable_forward_to_section,-252.8522521531485,0.9454115997516547,-0.2989999981618766
unstable_forward_to_section,-252.69441678975704,0.9454115983150424,-0.2990000024160144
unstable_forward_to_section,-252.53658142636556,0.9454115968662713,-0.29900000670615706
unstable_forward_to_section,-252.37874606297407,0.9454115954052386,-0.2990000110326094
unstable_forward_to_section,-252.2209106995826,0.9454115939318404,-0.2990000153956785
unstable_forward_to_section,-252.0630753361911,0.9454115924459721,-0.2990000197956739
unstable_forward_to_section,-251.90523997279965,0.9454115909475281,-0.299000024232909
unstable_forward_to_section,-251.74740460940816,0.9454115894364021,-0.29900002870769826
unstable_forward_to_section,-251.58956924601668,0.9454115879124867,-0.2990000332203601
unstable_forward_to_section,-251.4317338826252,0.9454115863756737,-0.29900003777121503
unstable_forward_to_section,-251.27389851923374,0.9454115848258537,-0.29900004236058564
unstable_forward_to_section,-251.11606315584226,0.9454115832629169,-0.2990000469887986
unstable_forward_to_section,-250.95822779245077,0.9454115816867521,-0.2990000516561824
unstable_forward_to_section,-250.8003924290593,0.9454115800972475,-0.2990000563630683
unstable_forward_to_section,-250.6425570656678,0.9454115784942901,-0.2990000611097908
unstable_forward_to_section,-250.48472170227632,0.9454115768777661,-0.2990000658966874
unstable_forward_to_section,-250.32688633888486,0.9454115752475606,-0.29900007072409773
unstable_forward_to_section,-250.16905097549338,0.945411573603558,-0.29900007559236463
unstable_forward_to_section,-250.0112156121019,0.9454115719456413,-0.2990000805018342
unstable_forward_to_section,-249.8533802487104,0.9454115702736928,-0.2990000854528549
unstable_forward_to_section,-249.69554488531895,0.9454115685875937,-0.29900009044577847
unstable_forward_to_section,-249.53770952192747,0.9454115668872244,-0.29900009548095974
unstable_forward_to_section,-249.37987415853598,0.9454115651724639,-0.2990001005587562
unstable_forward_to_section,-249.2220387951445,0.9454115634431906,-0.2990001056795286
unstable_forward_to_section,-249.06420343175301,0.9454115616992815,-0.2990001108436408
unstable_forward_to_section,-248.90636806836153,0.9454115599406129,-0.2990001160514592
unstable_forward_to_section,-248.74853270497007,0.9454115581670598,-0.29900012130335374
unstable_forward_to_section,-248.5906973415786,0.9454115563784962,-0.2990001265996977
unstable_forward_to_section,-248.4328619781871,0.945411554574795,-0.2990001319408675
unstable_forward_to_section,-248.27502661479565,0.9454115527558283,-0.29900013732724195
unstable_forward_to_section,-248.11719125140417,0.9454115509214668,-0.29900014275920406
unstable_forward_to_section,-247.95935588801268,0.9454115490715801,-0.2990001482371396
unstable_forward_to_section,-247.8015205246212,0.9454115472060368,-0.2990001537614375
unstable_forward_to_section,-247.6436851612297,0.9454115453247046,-0.29900015933249013
unstable_forward_to_section,-247.48584979783823,0.9454115434274497,-0.29900016495069326
unstable_forward_to_section,-247.32801443444677,0.9454115415141373,-0.29900017061644596
unstable_forward_to_section,-247.1701790710553,0.9454115395846315,-0.2990001763301507
unstable_forward_to_section,-247.0123437076638,0.9454115376387954,-0.2990001820922135
unstable_forward_to_section,-246.85450834427232,0.9454115356764907,-0.29900018790304356
unstable_forward_to_section,-246.69667298088086,0.945411533697578,-0.2990001937630534
unstable_forward_to_section,-246.53883761748938,0.9454115317019168,-0.2990001996726598
unstable_forward_to_section,-246.3810022540979,0.9454115296893653,-0.2990002056322818
unstable_forward_to_section,-246.2231668907064,0.9454115276597804,-0.29900021164234286
unstable_forward_to_section,-246.06533152731492,0.9454115256130181,-0.2990002177032701
unstable_forward_to_section,-245.90749616392344,0.9454115235489331,-0.29900022381549424
unstable_forward_to_section,-245.74966080053198,0.9454115214673787,-0.299000229979449
unstable_forward_to_section,-245.5918254371405,0.945411519368207,-0.2990002361955722
unstable_forward_to_section,-245.43399007374902,0.945411517251269,-0.2990002424643058
unstable_forward_to_section,-245.27615471035756,0.9454115151164142,-0.29900024878609477
unstable_forward_to_section,-245.11831934696608,0.945411512963491,-0.299000255161388
unstable_forward_to_section,-244.9604839835746,0.9454115107923465,-0.29900026159063886
unstable_forward_to_section,-244.8026486201831,0.9454115086028264,-0.29900026807430335
unstable_forward_to_section,-244.64481325679162,0.9454115063947754,-0.29900027461284256
unstable_forward_to_section,-244.48697789340014,0.9454115041680364,-0.2990002812067205
unstable_forward_to_section,-244.32914253000868,0.9454115019224515,-0.2990002878564058
unstable_forward_to_section,-244.1713071666172,0.9454114996578611,-0.29900029456237065
unstable_forward_to_section,-244.0134718032257,0.9454114973741041,-0.2990003013250915
unstable_forward_to_section,-243.85563643983423,0.9454114950710186,-0.2990003081450486
unstable_forward_to_section,-243.69780107644277,0.9454114927484408,-0.29900031502272645
unstable_forward_to_section,-243.5399657130513,0.9454114904062059,-0.2990003219586133
unstable_forward_to_section,-243.3821303496598,0.9454114880441473,-0.2990003289532022
unstable_forward_to_section,-243.22429498626832,0.9454114856620975,-0.2990003360069898
unstable_forward_to_section,-243.06645962287683,0.9454114832598872,-0.29900034312047696
unstable_forward_to_section,-242.90862425948535,0.9454114808373457,-0.2990003502941693
unstable_forward_to_section,-242.7507888960939,0.945411478394301,-0.299000357528576
unstable_forward_to_section,-242.5929535327024,0.9454114759305794,-0.29900036482421144
unstable_forward_to_section,-242.43511816931093,0.9454114734460061,-0.29900037218159337
unstable_forward_to_section,-242.27728280591947,0.9454114709404046,-0.299000379601244
unstable_forward_to_section,-242.11944744252799,0.9454114684135967,-0.2990003870836915
unstable_forward_to_section,-241.9616120791365,0.9454114658654033,-0.2990003946294664
unstable_forward_to_section,-241.80377671574502,0.9454114632956432,-0.29900040223910507
unstable_forward_to_section,-241.64594135235353,0.9454114607041337,-0.2990004099131482
unstable_forward_to_section,-241.48810598896205,0.945411458090691,-0.2990004176521405
unstable_forward_to_section,-241.3302706255706,0.9454114554551294,-0.2990004254566319
unstable_forward_to_section,-241.1724352621791,0.9454114527972616,-0.29900043332717674
unstable_forward_to_section,-241.01459989878762,0.9454114501168988,-0.2990004412643338
unstable_forward_to_section,-240.85676453539614,0.9454114474138506,-0.29900044926866703
unstable_forward_to_section,-240.69892917200468,0.9454114446879253,-0.29900045734074504
unstable_forward_to_section,-240.5410938086132,0.9454114419389289,-0.2990004654811412
unstable_forward_to_section,-240.3832584452217,0.9454114391666664,-0.29900047369043364
unstable_forward_to_section,-240.22542308183023,0.9454114363709406,-0.2990004819692053
unstable_forward_to_section,-240.06758771843874,0.9454114335515531,-0.29900049031804465
unstable_forward_to_section,-239.90975235504726,0.9454114307083037,-0.2990004987375443
unstable_forward_to_section,-239.7519169916558,0.9454114278409903,-0.2990005072283024
unstable_forward_to_section,-239.59408162826432,0.9454114249494093,-0.29900051579092257
unstable_forward_to_section,-239.43624626487284,0.9454114220333554,-0.29900052442601177
unstable_forward_to_section,-239.27841090148135,0.9454114190926213,-0.29900053313418434
unstable_forward_to_section,-239.1205755380899,0.9454114161269981,-0.29900054191605874
unstable_forward_to_section,-238.9627401746984,0.9454114131362753,-0.2990005507722587
unstable_forward_to_section,-238.80490481130693,0.9454114101202404,-0.2990005597034132
unstable_forward_to_section,-238.64706944791544,0.9454114070786792,-0.29900056871015673
unstable_forward_to_section,-238.48923408452396,0.9454114040113756,-0.299000577793129
unstable_forward_to_section,-238.33139872113247,0.9454114009181118,-0.29900058695297516
unstable_forward_to_section,-238.17356335774102,0.945411397798668,-0.2990005961903457
unstable_forward_to_section,-238.01572799434953,0.9454113946528226,-0.2990006055058969
unstable_forward_to_section,-237.85789263095805,0.9454113914803524,-0.29900061490029056
unstable_forward_to_section,-237.7000572675666,0.9454113882810317,-0.29900062437419356
unstable_forward_to_section,-237.5422219041751,0.9454113850546334,-0.29900063392827914
unstable_forward_to_section,-237.38438654078362,0.9454113818009283,-0.2990006435632258
unstable_forward_to_section,-237.22655117739214,0.9454113785196854,-0.299000653279718
unstable_forward_to_section,-237.06871581400065,0.9454113752106714,-0.2990006630784459
unstable_forward_to_section,-236.91088045060917,0.9454113718736515,-0.2990006729601059
unstable_forward_to_section,-236.7530450872177,0.9454113685083887,-0.2990006829253989
unstable_forward_to_section,-236.59520972382623,0.9454113651146436,-0.2990006929750336
unstable_forward_to_section,-236.43737436043475,0.9454113616921755,-0.2990007031097236
unstable_forward_to_section,-236.27953899704326,0.9454113582407411,-0.2990007133301884
unstable_forward_to_section,-236.1217036336518,0.9454113547600954,-0.2990007236371551
unstable_forward_to_section,-235.96386827026032,0.945411351249991,-0.2990007340313546
unstable_forward_to_section,-235.80603290686884,0.9454113477101787,-0.29900074451352565
unstable_forward_to_section,-235.64819754347735,0.945411344140407,-0.2990007550844129
unstable_forward_to_section,-235.49036218008587,0.9454113405404223,-0.2990007657447668
unstable_forward_to_section,-235.33252681669438,0.9454113369099689,-0.29900077649534496
unstable_forward_to_section,-235.17469145330293,0.945411333248789,-0.29900078733691116
unstable_forward_to_section,-235.01685608991144,0.9454113295566225,-0.29900079827023524
unstable_forward_to_section,-234.85902072651996,0.9454113258332072,-0.29900080929609385
unstable_forward_to_section,-234.7011853631285,0.9454113220782785,-0.29900082041527
unstable_forward_to_section,-234.54334999973702,0.9454113182915698,-0.2990008316285534
unstable_forward_to_section,-234.38551463634553,0.945411314472812,-0.2990008429367406
unstable_forward_to_section,-234.22767927295405,0.945411310621734,-0.29900085434063506
unstable_forward_to_section,-234.06984390956256,0.9454113067380621,-0.29900086584104674
unstable_forward_to_section,-233.91200854617108,0.9454113028215204,-0.29900087743879267
unstable_forward_to_section,-233.75417318277962,0.945411298871831,-0.2990008891346965
unstable_forward_to_section,-233.59633781938814,0.945411294888713,-0.2990009009295889
unstable_forward_to_section,-233.43850245599666,0.9454112908718836,-0.29900091282430735
unstable_forward_to_section,-233.28066709260517,0.9454112868210576,-0.2990009248196972
unstable_forward_to_section,-233.12283172921371,0.9454112827359471,-0.2990009369166103
unstable_forward_to_section,-232.96499636582223,0.945411278616262,-0.29900094911590613
unstable_forward_to_section,-232.80716100243075,0.9454112744617096,-0.2990009614184513
unstable_forward_to_section,-232.64932563903926,0.9454112702719949,-0.29900097382511936
unstable_forward_to_section,-232.49149027564778,0.9454112660468202,-0.29900098633679156
unstable_forward_to_section,-232.3336549122563,0.9454112617858855,-0.29900099895435683
unstable_forward_to_section,-232.17581954886484,0.945411257488888,-0.2990010116787116
unstable_forward_to_section,-232.01798418547335,0.9454112531555225,-0.29900102451075916
unstable_forward_to_section,-231.86014882208187,0.9454112487854814,-0.29900103745141116
unstable_forward_to_section,-231.7023134586904,0.945411244378454,-0.2990010505015869
unstable_forward_to_section,-231.54447809529893,0.9454112399341276,-0.29900106366221335
unstable_forward_to_section,-231.38664273190744,0.9454112354521861,-0.2990010769342252
unstable_forward_to_section,-231.22880736851596,0.9454112309323114,-0.29900109031856525
unstable_forward_to_section,-231.07097200512447,0.9454112263741823,-0.2990011038161841
unstable_forward_to_section,-230.913136641733,0.945411221777475,-0.2990011174280408
unstable_forward_to_section,-230.75530127834153,0.9454112171418633,-0.2990011311551018
unstable_forward_to_section,-230.59746591495005,0.9454112124670176,-0.29900114499834235
unstable_forward_to_section,-230.43963055155857,0.945411207752606,-0.299001158958746
unstable_forward_to_section,-230.28179518816708,0.9454112029982936,-0.2990011730373042
unstable_forward_to_section,-230.12395982477562,0.9454111982037425,-0.2990011872350166
unstable_forward_to_section,-229.96612446138414,0.9454111933686126,-0.2990012015528921
unstable_forward_to_section,-229.80828909799266,0.9454111884925599,-0.29900121599194757
unstable_forward_to_section,-229.65045373460117,0.9454111835752383,-0.29900123055320876
unstable_forward_to_section,-229.4926183712097,0.9454111786162986,-0.2990012452377097
unstable_forward_to_section,-229.3347830078182,0.9454111736153885,-0.299001260046494
unstable_forward_to_section,-229.17694764442675,0.9454111685721526,-0.29900127498061296
unstable_forward_to_section,-229.01911228103526,0.9454111634862328,-0.2990012900411274
unstable_forward_to_section,-228.86127691764378,0.9454111583572679,-0.29900130522910734
unstable_forward_to_section,-228.7034415542523,0.9454111531848933,-0.29900132054563144
unstable_forward_to_section,-228.54560619086084,0.945411147968742,-0.29900133599178785
unstable_forward_to_section,-228.38777082746935,0.9454111427084433,-0.2990013515686737
unstable_forward_to_section,-228.22993546407787,0.9454111374036236,-0.2990013672773955
unstable_forward_to_section,-228.07210010068638,0.9454111320539059,-0.2990013831190685
unstable_forward_to_section,-227.9142647372949,0.9454111266589104,-0.2990013990948187
unstable_forward_to_section,-227.75642937390342,0.9454111212182537,-0.2990014152057806
unstable_forward_to_section,-227.59859401051196,0.9454111157315495,-0.29900143145309865
unstable_forward_to_section,-227.44075864712048,0.945411110198408,-0.299001447837926
unstable_forward_to_section,-227.282923283729,0.945411104618436,-0.29900146436142816
unstable_forward_to_section,-227.12508792033753,0.9454110989912374,-0.2990014810247776
unstable_forward_to_section,-226.96725255694605,0.9454110933164125,-0.29900149782915814
unstable_forward_to_section,-226.80941719355457,0.945411087593558,-0.29900151477576387
unstable_forward_to_section,-226.65158183016308,0.9454110818222674,-0.2990015318657982
unstable_forward_to_section,-226.4937464667716,0.9454110760021309,-0.2990015491004749
unstable_forward_to_section,-226.3359111033801,0.945411070132735,-0.2990015664810186
unstable_forward_to_section,-226.17807573998866,0.9454110642136627,-0.2990015840086635
unstable_forward_to_section,-226.02024037659717,0.9454110582444937,-0.2990016016846549
unstable_forward_to_section,-225.8624050132057,0.9454110522248039,-0.2990016195102483
unstable_forward_to_section,-225.7045696498142,0.9454110461541658,-0.29900163748670966
unstable_forward_to_section,-225.54673428642275,0.9454110400321479,-0.29900165561531605
unstable_forward_to_section,-225.38889892303126,0.9454110338583157,-0.299001673897355
unstable_forward_to_section,-225.23106355963978,0.9454110276322306,-0.2990016923341253
unstable_forward_to_section,-225.0732281962483,0.9454110213534501,-0.2990017109269367
unstable_forward_to_section,-224.9153928328568,0.9454110150215284,-0.2990017296771099
unstable_forward_to_section,-224.75755746946533,0.9454110086360156,-0.29900174858597633
unstable_forward_to_section,-224.59972210607387,0.9454110021964581,-0.2990017676548792
unstable_forward_to_section,-224.44188674268239,0.9454109957023987,-0.29900178688517326
unstable_forward_to_section,-224.2840513792909,0.9454109891533758,-0.29900180627822426
unstable_forward_to_section,-224.12621601589944,0.9454109825489245,-0.29900182583541
unstable_forward_to_section,-223.96838065250796,0.9454109758885756,-0.2990018455581196
unstable_forward_to_section,-223.81054528911648,0.9454109691718557,-0.299001865447754
unstable_forward_to_section,-223.652709925725,0.945410962398288,-0.2990018855057257
unstable_forward_to_section,-223.4948745623335,0.9454109555673913,-0.2990019057334597
unstable_forward_to_section,-223.33703919894202,0.9454109486786804,-0.29900192613239285
unstable_forward_to_section,-223.17920383555057,0.9454109417316657,-0.29900194670397395
unstable_forward_to_section,-223.02136847215908,0.945410934725854,-0.2990019674496644
unstable_forward_to_section,-222.8635331087676,0.9454109276607476,-0.299001988370938
unstable_forward_to_section,-222.7056977453761,0.9454109205358446,-0.2990020094692804
unstable_forward_to_section,-222.54786238198466,0.9454109133506389,-0.2990020307461907
unstable_forward_to_section,-222.39002701859317,0.9454109061046202,-0.2990020522031797
unstable_forward_to_section,-222.2321916552017,0.9454108987972736,-0.29900207384177185
unstable_forward_to_section,-222.0743562918102,0.9454108914280802,-0.2990020956635042
unstable_forward_to_section,-221.91652092841872,0.9454108839965164,-0.2990021176699271
unstable_forward_to_section,-221.75868556502724,0.9454108765020545,-0.2990021398626035
unstable_forward_to_section,-221.60085020163578,0.9454108689441618,-0.29900216224310916
unstable_forward_to_section,-221.4430148382443,0.9454108613223018,-0.29900218481303487
unstable_forward_to_section,-221.2851794748528,0.9454108536359329,-0.2990022075739831
unstable_forward_to_section,-221.12734411146135,0.9454108458845091,-0.29900223052757074
unstable_forward_to_section,-220.96950874806987,0.9454108380674798,-0.2990022536754283
unstable_forward_to_section,-220.8116733846784,0.9454108301842898,-0.2990022770192
unstable_forward_to_section,-220.6538380212869,0.945410822234379,-0.2990023005605444
unstable_forward_to_section,-220.49600265789542,0.9454108142171829,-0.2990023243011334
unstable_forward_to_section,-220.33816729450393,0.9454108061321318,-0.299002348242653
unstable_forward_to_section,-220.18033193111248,0.9454107979786514,-0.2990023723868043
unstable_forward_to_section,-220.022496567721,0.9454107897561626,-0.2990023967353024
unstable_forward_to_section,-219.8646612043295,0.9454107814640812,-0.2990024212898765
unstable_forward_to_section,-219.70682584093805,0.9454107731018183,-0.2990024460522707
unstable_forward_to_section,-219.54899047754657,0.9454107646687798,-0.29900247102424454
unstable_forward_to_section,-219.39115511415508,0.9454107561643668,-0.29900249620757136
unstable_forward_to_section,-219.2333197507636,0.945410747587975,-0.2990025216040401
unstable_forward_to_section,-219.07548438737211,0.9454107389389954,-0.29900254721545466
unstable_forward_to_section,-218.91764902398063,0.9454107302168134,-0.29900257304363426
unstable_forward_to_section,-218.75981366058915,0.9454107214208095,-0.29900259909041393
unstable_forward_to_section,-218.60197829719766,0.9454107125503589,-0.29900262535764305
unstable_forward_to_section,-218.4441429338062,0.9454107036048316,-0.2990026518471887
unstable_forward_to_section,-218.28630757041472,0.9454106945835918,-0.29900267856093166
unstable_forward_to_section,-218.12847220702326,0.9454106854859992,-0.29900270550076913
unstable_forward_to_section,-217.97063684363178,0.9454106763114071,-0.29900273266861566
unstable_forward_to_section,-217.8128014802403,0.945410667059164,-0.2990027600664003
unstable_forward_to_section,-217.6549661168488,0.9454106577286125,-0.2990027876960699
unstable_forward_to_section,-217.49713075345733,0.9454106483190899,-0.2990028155595867
unstable_forward_to_section,-217.33929539006584,0.9454106388299279,-0.29900284365893004
unstable_forward_to_section,-217.18146002667436,0.9454106292604524,-0.2990028719960955
unstable_forward_to_section,-217.0236246632829,0.9454106196099835,-0.29900290057309675
unstable_forward_to_section,-216.86578929989142,0.9454106098778357,-0.299002929391963
unstable_forward_to_section,-216.70795393649993,0.9454106000633177,-0.29900295845474173
unstable_forward_to_section,-216.55011857310848,0.9454105901657324,-0.2990029877634973
unstable_forward_to_section,-216.392283209717,0.9454105801843765,-0.2990030173203115
unstable_forward_to_section,-216.2344478463255,0.9454105701185412,-0.29900304712728376
unstable_forward_to_section,-216.07661248293402,0.9454105599675113,-0.2990030771865319
unstable_forward_to_section,-215.91877711954254,0.9454105497305659,-0.29900310750019093
unstable_forward_to_section,-215.76094175615106,0.9454105394069776,-0.2990031380704137
unstable_forward_to_section,-215.60310639275957,0.9454105289960133,-0.2990031688993721
unstable_forward_to_section,-215.44527102936812,0.9454105184969331,-0.299003199989256
unstable_forward_to_section,-215.28743566597663,0.9454105079089915,-0.2990032313422738
unstable_forward_to_section,-215.12960030258517,0.9454104972314363,-0.2990032629606521
unstable_forward_to_section,-214.9717649391937,0.9454104864635089,-0.2990032948466378
unstable_forward_to_section,-214.8139295758022,0.9454104756044445,-0.2990033270024955
unstable_forward_to_section,-214.65609421241072,0.9454104646534716,-0.2990033594305092
unstable_forward_to_section,-214.49825884901924,0.9454104536098125,-0.29900339213298244
unstable_forward_to_section,-214.34042348562775,0.9454104424726824,-0.2990034251122384
unstable_forward_to_section,-214.18258812223627,0.9454104312412903,-0.2990034583706193
unstable_forward_to_section,-214.0247527588448,0.9454104199148384,-0.2990034919104881
unstable_forward_to_section,-213.86691739545333,0.9454104084925221,-0.2990035257342272
unstable_forward_to_section,-213.70908203206184,0.9454103969735299,-0.2990035598442386
unstable_forward_to_section,-213.5512466686704,0.9454103853570436,-0.29900359424294615
unstable_forward_to_section,-213.3934113052789,0.945410373642238,-0.29900362893279303
unstable_forward_to_section,-213.23557594188742,0.945410361828281,-0.2990036639162433
unstable_forward_to_section,-213.07774057849593,0.9454103499143331,-0.2990036991957821
unstable_forward_to_section,-212.91990521510445,0.9454103378995483,-0.2990037347739155
unstable_forward_to_section,-212.76206985171297,0.9454103257830729,-0.2990037706531708
unstable_forward_to_section,-212.60423448832148,0.9454103135640463,-0.2990038068360966
unstable_forward_to_section,-212.44639912493002,0.9454103012416003,-0.29900384332526275
unstable_forward_to_section,-212.28856376153854,0.9454102888148598,-0.299003880123262
unstable_forward_to_section,-212.13072839814708,0.9454102762829418,-0.2990039172327082
unstable_forward_to_section,-211.9728930347556,0.9454102636449563,-0.29900395465623647
unstable_forward_to_section,-211.81505767136412,0.9454102509000053,-0.2990039923965062
unstable_forward_to_section,-211.65722230797263,0.9454102380471836,-0.29900403045619783
unstable_forward_to_section,-211.49938694458115,0.9454102250855781,-0.299004068838015
unstable_forward_to_section,-211.34155158118966,0.945410212014268,-0.29900410754468404
unstable_forward_to_section,-211.18371621779818,0.9454101988323248,-0.29900414657895463
unstable_forward_to_section,-211.02588085440672,0.9454101855388122,-0.2990041859435993
unstable_forward_to_section,-210.86804549101524,0.9454101721327854,-0.2990042256414146
unstable_forward_to_section,-210.71021012762375,0.9454101586132927,-0.29900426567522076
unstable_forward_to_section,-210.5523747642323,0.9454101449793733,-0.2990043060478608
unstable_forward_to_section,-210.3945394008408,0.9454101312300587,-0.2990043467622032
unstable_forward_to_section,-210.23670403744933,0.9454101173643722,-0.2990043878211398
unstable_forward_to_section,-210.07886867405784,0.9454101033813289,-0.29900442922758735
unstable_forward_to_section,-209.92103331066636,0.9454100892799353,-0.29900447098448724
unstable_forward_to_section,-209.76319794727488,0.9454100750591897,-0.2990045130948056
unstable_forward_to_section,-209.6053625838834,0.945410060718082,-0.2990045555615341
unstable_forward_to_section,-209.44752722049193,0.9454100462555934,-0.2990045983876888
unstable_forward_to_section,-209.28969185710045,0.9454100316706965,-0.29900464157631196
unstable_forward_to_section,-209.131856493709,0.945410016962355,-0.2990046851304717
unstable_forward_to_section,-208.9740211303175,0.9454100021295244,-0.2990047290532618
unstable_forward_to_section,-208.81618576692603,0.9454099871711508,-0.29900477334780284
unstable_forward_to_section,-208.65835040353454,0.9454099720861714,-0.29900481801724066
unstable_forward_to_section,-208.50051504014306,0.9454099568735148,-0.2990048630647488
unstable_forward_to_section,-208.34267967675157,0.9454099415321002,-0.29900490849352723
unstable_forward_to_section,-208.1848443133601,0.9454099260608378,-0.2990049543068027
unstable_forward_to_section,-208.0270089499686,0.9454099104586285,-0.29900500050782997
unstable_forward_to_section,-207.86917358657715,0.9454098947243641,-0.2990050470998909
unstable_forward_to_section,-207.71133822318566,0.9454098788569265,-0.2990050940862952
unstable_forward_to_section,-207.5535028597942,0.9454098628551888,-0.29900514147038026
unstable_forward_to_section,-207.39566749640272,0.9454098467180141,-0.29900518925551245
unstable_forward_to_section,-207.23783213301124,0.9454098304442561,-0.2990052374450863
unstable_forward_to_section,-207.07999676961975,0.9454098140327585,-0.2990052860425247
unstable_forward_to_section,-206.92216140622827,0.9454097974823557,-0.2990053350512799
unstable_forward_to_section,-206.76432604283679,0.9454097807918717,-0.29900538447483366
unstable_forward_to_section,-206.6064906794453,0.945409763960121,-0.29900543431669657
unstable_forward_to_section,-206.44865531605384,0.9454097469859077,-0.2990054845804093
unstable_forward_to_section,-206.29081995266236,0.9454097298680262,-0.2990055352695424
unstable_forward_to_section,-206.13298458927088,0.9454097126052602,-0.29900558638769653
unstable_forward_to_section,-205.97514922587942,0.9454096951963834,-0.299005637938503
unstable_forward_to_section,-205.81731386248794,0.945409677640159,-0.2990056899256243
unstable_forward_to_section,-205.65947849909645,0.9454096599353399,-0.29900574235275285
unstable_forward_to_section,-205.50164313570497,0.9454096420806684,-0.2990057952236134
unstable_forward_to_section,-205.34380777231348,0.9454096240748758,-0.29900584854196116
unstable_forward_to_section,-205.185972408922,0.9454096059166832,-0.29900590231158414
unstable_forward_to_section,-205.0281370455305,0.9454095876048008,-0.29900595653630185
unstable_forward_to_section,-204.87030168213906,0.9454095691379272,-0.29900601121996606
unstable_forward_to_section,-204.71246631874757,0.9454095505147507,-0.2990060663664619
unstable_forward_to_section,-204.55463095535612,0.9454095317339484,-0.29900612197970655
unstable_forward_to_section,-204.39679559196463,0.945409512794186,-0.29900617806365043
unstable_forward_to_section,-204.23896022857315,0.9454094936941179,-0.2990062346222777
unstable_forward_to_section,-204.08112486518166,0.9454094744323873,-0.29900629165960624
unstable_forward_to_section,-203.92328950179018,0.9454094550076259,-0.2990063491796877
unstable_forward_to_section,-203.7654541383987,0.9454094354184535,-0.29900640718660854
unstable_forward_to_section,-203.6076187750072,0.9454094156634785,-0.2990064656844892
unstable_forward_to_section,-203.44978341161575,0.9454093957412976,-0.29900652467748534
unstable_forward_to_section,-203.29194804822427,0.9454093756504952,-0.2990065841697877
unstable_forward_to_section,-203.1341126848328,0.9454093553896443,-0.29900664416562195
unstable_forward_to_section,-202.97627732144133,0.9454093349573055,-0.2990067046692511
unstable_forward_to_section,-202.81844195804985,0.945409314352027,-0.2990067656849725
unstable_forward_to_section,-202.66060659465836,0.9454092935723452,-0.2990068272171207
unstable_forward_to_section,-202.50277123126688,0.9454092726167835,-0.2990068892700671
unstable_forward_to_section,-202.3449358678754,0.9454092514838535,-0.2990069518482199
unstable_forward_to_section,-202.1871005044839,0.9454092301720536,-0.29900701495602416
unstable_forward_to_section,-202.02926514109242,0.9454092086798699,-0.29900707859796316
unstable_forward_to_section,-201.87142977770097,0.9454091870057755,-0.29900714277855805
unstable_forward_to_section,-201.71359441430948,0.9454091651482306,-0.2990072075023681
unstable_forward_to_section,-201.55575905091803,0.9454091431056821,-0.2990072727739912
unstable_forward_to_section,-201.39792368752654,0.9454091208765644,-0.29900733859806417
unstable_forward_to_section,-201.24008832413506,0.9454090984592981,-0.2990074049792632
unstable_forward_to_section,-201.08225296074357,0.9454090758522904,-0.2990074719223038
unstable_forward_to_section,-200.9244175973521,0.9454090530539355,-0.2990075394319418
unstable_forward_to_section,-200.7665822339606,0.9454090300626136,-0.2990076075129727
unstable_forward_to_section,-200.60874687056912,0.9454090068766912,-0.29900767617023294
unstable_forward_to_section,-200.45091150717766,0.9454089834945211,-0.29900774540860015
unstable_forward_to_section,-200.29307614378618,0.9454089599144422,-0.2990078152329928
unstable_forward_to_section,-200.1352407803947,0.9454089361347792,-0.2990078856483716
unstable_forward_to_section,-199.97740541700324,0.9454089121538426,-0.29900795665973845
unstable_forward_to_section,-199.81957005361176,0.9454088879699288,-0.2990080282721379
unstable_forward_to_section,-199.66173469022027,0.9454088635813196,-0.29900810049065746
unstable_forward_to_section,-199.5038993268288,0.9454088389862821,-0.2990081733204274
unstable_forward_to_section,-199.3460639634373,0.9454088141830693,-0.29900824676662197
unstable_forward_to_section,-199.18822860004582,0.9454087891699187,-0.2990083208344585
unstable_forward_to_section,-199.03039323665433,0.9454087639450535,-0.299008395529199
unstable_forward_to_section,-198.87255787326288,0.9454087385066813,-0.29900847085614973
unstable_forward_to_section,-198.7147225098714,0.945408712852995,-0.2990085468206615
unstable_forward_to_section,-198.55688714647994,0.945408686982172,-0.2990086234281315
unstable_forward_to_section,-198.39905178308845,0.9454086608923741,-0.29900870068400165
unstable_forward_to_section,-198.24121641969697,0.9454086345817478,-0.2990087785937605
unstable_forward_to_section,-198.08338105630548,0.9454086080484239,-0.29900885716294284
unstable_forward_to_section,-197.925545692914,0.9454085812905172,-0.29900893639713
unstable_forward_to_section,-197.76771032952252,0.9454085543061266,-0.2990090163019509
unstable_forward_to_section,-197.60987496613103,0.9454085270933349,-0.29900909688308214
unstable_forward_to_section,-197.45203960273955,0.9454084996502089,-0.2990091781462485
unstable_forward_to_section,-197.2942042393481,0.9454084719747986,-0.29900926009722306
unstable_forward_to_section,-197.1363688759566,0.9454084440651379,-0.29900934274182717
unstable_forward_to_section,-196.97853351256515,0.9454084159192437,-0.29900942608593273
unstable_forward_to_section,-196.82069814917367,0.9454083875351166,-0.2990095101354606
unstable_forward_to_section,-196.66286278578218,0.9454083589107396,-0.29900959489638146
unstable_forward_to_section,-196.5050274223907,0.9454083300440792,-0.2990096803747173
unstable_forward_to_section,-196.3471920589992,0.9454083009330844,-0.2990097665765403
unstable_forward_to_section,-196.18935669560773,0.9454082715756867,-0.2990098535079746
unstable_forward_to_section,-196.03152133221624,0.9454082419698007,-0.2990099411751962
unstable_forward_to_section,-195.8736859688248,0.9454082121133226,-0.2990100295844328
unstable_forward_to_section,-195.7158506054333,0.9454081820041312,-0.29901011874196526
unstable_forward_to_section,-195.55801524204182,0.9454081516400874,-0.2990102086541279
unstable_forward_to_section,-195.40017987865036,0.9454081210190338,-0.29901029932730794
unstable_forward_to_section,-195.24234451525888,0.9454080901387947,-0.2990103907679474
unstable_forward_to_section,-195.0845091518674,0.945408058997176,-0.29901048298254246
unstable_forward_to_section,-194.9266737884759,0.9454080275919653,-0.2990105759776441
unstable_forward_to_section,-194.76883842508443,0.945407995920931,-0.2990106697598589
unstable_forward_to_section,-194.61100306169294,0.9454079639818231,-0.29901076433585005
unstable_forward_to_section,-194.45316769830146,0.9454079317723723,-0.29901085971233626
unstable_forward_to_section,-194.29533233491,0.9454078992902898,-0.2990109558960933
unstable_forward_to_section,-194.13749697151852,0.9454078665332679,-0.2990110528939546
unstable_forward_to_section,-193.97966160812706,0.9454078334989792,-0.29901115071281104
unstable_forward_to_section,-193.82182624473558,0.9454078001850766,-0.29901124935961265
unstable_forward_to_section,-193.6639908813441,0.9454077665891931,-0.2990113488413669
unstable_forward_to_section,-193.5061555179526,0.9454077327089415,-0.2990114491651417
unstable_forward_to_section,-193.34832015456112,0.9454076985419148,-0.2990115503380646
unstable_forward_to_section,-193.19048479116964,0.945407664085685,-0.2990116523673235
unstable_forward_to_section,-193.03264942777815,0.9454076293378042,-0.2990117552601668
unstable_forward_to_section,-192.8748140643867,0.9454075942958033,-0.2990118590239046
unstable_forward_to_section,-192.7169787009952,0.9454075589571925,-0.29901196366590865
unstable_forward_to_section,-192.55914333760373,0.9454075233194611,-0.2990120691936134
unstable_forward_to_section,-192.40130797421227,0.9454074873800766,-0.29901217561451615
unstable_forward_to_section,-192.2434726108208,0.9454074511364857,-0.2990122829361772
unstable_forward_to_section,-192.0856372474293,0.9454074145861129,-0.29901239116622197
unstable_forward_to_section,-191.92780188403782,0.9454073777263613,-0.2990125003123393
unstable_forward_to_section,-191.76996652064634,0.9454073405546118,-0.2990126103822835
unstable_forward_to_section,-191.61213115725485,0.9454073030682233,-0.29901272138387486
unstable_forward_to_section,-191.45429579386337,0.9454072652645321,-0.2990128333249994
unstable_forward_to_section,-191.2964604304719,0.9454072271408522,-0.29901294621360985
unstable_forward_to_section,-191.13862506708043,0.9454071886944746,-0.299013060057727
unstable_forward_to_section,-190.98078970368897,0.9454071499226676,-0.29901317486543916
unstable_forward_to_section,-190.82295434029749,0.9454071108226761,-0.2990132906449025
unstable_forward_to_section,-190.665118976906,0.945407071391722,-0.2990134074043432
unstable_forward_to_section,-190.50728361351452,0.9454070316270033,-0.2990135251520564
unstable_forward_to_section,-190.34944825012303,0.9454069915256949,-0.2990136438964079
unstable_forward_to_section,-190.19161288673155,0.9454069510849469,-0.2990137636458339
unstable_forward_to_section,-190.03377752334006,0.945406910301886,-0.2990138844088425
unstable_forward_to_section,-189.8759421599486,0.945406869173614,-0.29901400619401364
unstable_forward_to_section,-189.71810679655712,0.9454068276972089,-0.29901412900999985
unstable_forward_to_section,-189.56027143316564,0.945406785869723,-0.29901425286552696
unstable_forward_to_section,-189.40243606977418,0.9454067436881847,-0.29901437776939466
unstable_forward_to_section,-189.2446007063827,0.9454067011495962,-0.2990145037304771
unstable_forward_to_section,-189.0867653429912,0.9454066582509351,-0.2990146307577238
unstable_forward_to_section,-188.92892997959973,0.9454066149891529,-0.2990147588601595
unstable_forward_to_section,-188.77109461620825,0.9454065713611757,-0.29901488804688586
unstable_forward_to_section,-188.61325925281676,0.9454065273639031,-0.2990150183270816
unstable_forward_to_section,-188.45542388942528,0.9454064829942089,-0.2990151497100028
unstable_forward_to_section,-188.29758852603382,0.9454064382489402,-0.2990152822049842
unstable_forward_to_section,-188.13975316264234,0.9454063931249174,-0.2990154158214395
unstable_forward_to_section,-187.98191779925088,0.9454063476189339,-0.2990155505688619
unstable_forward_to_section,-187.8240824358594,0.9454063017277564,-0.29901568645682564
unstable_forward_to_section,-187.6662470724679,0.9454062554481236,-0.299015823494985
unstable_forward_to_section,-187.50841170907643,0.9454062087767469,-0.2990159616930769
unstable_forward_to_section,-187.35057634568494,0.9454061617103097,-0.2990161010609204
unstable_forward_to_section,-187.19274098229346,0.9454061142454675,-0.29901624160841717
unstable_forward_to_section,-187.03490561890197,0.9454060663788475,-0.2990163833455539
unstable_forward_to_section,-186.8770702555105,0.945406018107048,-0.2990165262824005
unstable_forward_to_section,-186.71923489211903,0.945405969426639,-0.29901667042911284
unstable_forward_to_section,-186.56139952872755,0.9454059203341609,-0.29901681579593303
unstable_forward_to_section,-186.4035641653361,0.9454058708261253,-0.29901696239318926
unstable_forward_to_section,-186.2457288019446,0.9454058208990138,-0.2990171102312977
unstable_forward_to_section,-186.08789343855312,0.9454057705492787,-0.2990172593207624
unstable_forward_to_section,-185.93005807516164,0.9454057197733418,-0.2990174096721766
unstable_forward_to_section,-185.77222271177016,0.9454056685675949,-0.29901756129622303
unstable_forward_to_section,-185.61438734837867,0.945405616928399,-0.29901771420367473
unstable_forward_to_section,-185.4565519849872,0.9454055648520845,-0.29901786840539635
unstable_forward_to_section,-185.29871662159573,0.9454055123349507,-0.29901802391234433
unstable_forward_to_section,-185.14088125820425,0.9454054593732654,-0.29901818073556774
unstable_forward_to_section,-184.98304589481276,0.9454054059632648,-0.29901833888620916
unstable_forward_to_section,-184.8252105314213,0.9454053521011536,-0.2990184983755068
unstable_forward_to_section,-184.66737516802982,0.9454052977831039,-0.2990186592147916
unstable_forward_to_section,-184.50953980463834,0.9454052430052553,-0.2990188214154923
unstable_forward_to_section,-184.35170444124685,0.9454051877637153,-0.29901898498913426
unstable_forward_to_section,-184.19386907785537,0.945405132054558,-0.29901914994733947
unstable_forward_to_section,-184.03603371446388,0.9454050758738242,-0.2990193163018294
unstable_forward_to_section,-183.8781983510724,0.9454050192175214,-0.29901948406442397
unstable_forward_to_section,-183.72036298768094,0.9454049620816232,-0.2990196532470434
unstable_forward_to_section,-183.56252762428946,0.9454049044620689,-0.2990198238617097
unstable_forward_to_section,-183.404692260898,0.9454048463547637,-0.2990199959205452
unstable_forward_to_section,-183.24685689750652,0.9454047877555782,-0.2990201694357756
unstable_forward_to_section,-183.08902153411503,0.9454047286603476,-0.29902034441973085
unstable_forward_to_section,-182.93118617072355,0.9454046690648722,-0.299020520884844
unstable_forward_to_section,-182.77335080733206,0.9454046089649164,-0.2990206988436542
unstable_forward_to_section,-182.61551544394058,0.9454045483562091,-0.29902087830880647
unstable_forward_to_section,-182.4576800805491,0.9454044872344428,-0.29902105929305284
unstable_forward_to_section,-182.29984471715764,0.9454044255952735,-0.29902124180925344
unstable_forward_to_section,-182.14200935376616,0.9454043634343203,-0.2990214258703778
unstable_forward_to_section,-181.98417399037467,0.9454043007471656,-0.29902161148950446
unstable_forward_to_section,-181.82633862698322,0.9454042375293541,-0.29902179867982326
unstable_forward_to_section,-181.66850326359173,0.9454041737763927,-0.29902198745463515
unstable_forward_to_section,-181.51066790020025,0.9454041094837504,-0.2990221778273548
unstable_forward_to_section,-181.35283253680876,0.9454040446468578,-0.29902236981150904
unstable_forward_to_section,-181.19499717341728,0.9454039792611065,-0.2990225634207403
unstable_forward_to_section,-181.0371618100258,0.9454039133218497,-0.2990227586688061
unstable_forward_to_section,-180.8793264466343,0.9454038468244005,-0.299022955569581
unstable_forward_to_section,-180.72149108324285,0.9454037797640329,-0.29902315413705605
unstable_forward_to_section,-180.56365571985137,0.9454037121359805,-0.2990233543853414
unstable_forward_to_section,-180.4058203564599,0.9454036439354366,-0.29902355632866706
unstable_forward_to_section,-180.24798499306843,0.9454035751575539,-0.2990237599813826
unstable_forward_to_section,-180.09014962967694,0.945403505797444,-0.2990239653579601
unstable_forward_to_section,-179.93231426628546,0.945403435850177,-0.2990241724729934
unstable_forward_to_section,-179.77447890289397,0.9454033653107815,-0.2990243813412005
unstable_forward_to_section,-179.6166435395025,0.9454032941742434,-0.29902459197742365
unstable_forward_to_section,-179.458808176111,0.9454032224355068,-0.2990248043966312
unstable_forward_to_section,-179.30097281271955,0.9454031500894725,-0.29902501861391795
unstable_forward_to_section,-179.14313744932807,0.9454030771309986,-0.29902523464450637
unstable_forward_to_section,-178.98530208593658,0.9454030035548989,-0.2990254525037486
unstable_forward_to_section,-178.82746672254513,0.945402929355944,-0.29902567220712534
unstable_forward_to_section,-178.66963135915364,0.9454028545288599,-0.29902589377025
unstable_forward_to_section,-178.51179599576216,0.9454027790683277,-0.29902611720886746
unstable_forward_to_section,-178.35396063237067,0.9454027029689838,-0.2990263425388559
unstable_forward_to_section,-178.1961252689792,0.9454026262254188,-0.2990265697762282
unstable_forward_to_section,-178.0382899055877,0.945402548832178,-0.29902679893713285
unstable_forward_to_section,-177.88045454219622,0.9454024707837602,-0.2990270300378545
unstable_forward_to_section,-177.72261917880476,0.9454023920746172,-0.2990272630948169
unstable_forward_to_section,-177.56478381541328,0.9454023126991543,-0.29902749812458207
unstable_forward_to_section,-177.40694845202182,0.9454022326517295,-0.29902773514385184
unstable_forward_to_section,-177.24911308863034,0.9454021519266526,-0.29902797416947074
unstable_forward_to_section,-177.09127772523885,0.9454020705181853,-0.29902821521842493
unstable_forward_to_section,-176.93344236184737,0.9454019884205407,-0.2990284583078449
unstable_forward_to_section,-176.77560699845588,0.9454019056278832,-0.29902870345500626
unstable_forward_to_section,-176.6177716350644,0.9454018221343271,-0.29902895067733043
unstable_forward_to_section,-176.45993627167292,0.9454017379339376,-0.2990291999923872
unstable_forward_to_section,-176.30210090828143,0.945401653020729,-0.29902945141789466
unstable_forward_to_section,-176.14426554488998,0.9454015673886652,-0.29902970497172093
unstable_forward_to_section,-175.9864301814985,0.9454014810316588,-0.29902996067188514
unstable_forward_to_section,-175.82859481810704,0.9454013939435708,-0.2990302185365602
unstable_forward_to_section,-175.67075945471555,0.9454013061182105,-0.2990304785840721
unstable_forward_to_section,-175.51292409132407,0.9454012175493344,-0.2990307408329018
unstable_forward_to_section,-175.35508872793258,0.9454011282306461,-0.2990310053016871
unstable_forward_to_section,-175.1972533645411,0.9454010381557962,-0.2990312720092242
unstable_forward_to_section,-175.0394180011496,0.9454009473183812,-0.2990315409744677
unstable_forward_to_section,-174.88158263775813,0.9454008557119433,-0.29903181221653313
unstable_forward_to_section,-174.72374727436667,0.9454007633299703,-0.2990320857546979
unstable_forward_to_section,-174.5659119109752,0.9454006701658942,-0.29903236160840246
unstable_forward_to_section,-174.4080765475837,0.9454005762130924,-0.29903263979725264
unstable_forward_to_section,-174.25024118419225,0.945400481464885,-0.2990329203410189
unstable_forward_to_section,-174.09240582080076,0.9454003859145363,-0.29903320325964095
unstable_forward_to_section,-173.93457045740928,0.9454002895552532,-0.29903348857322626
unstable_forward_to_section,-173.7767350940178,0.9454001923801851,-0.29903377630205263
unstable_forward_to_section,-173.6188997306263,0.9454000943824235,-0.2990340664665704
unstable_forward_to_section,-173.46106436723483,0.9453999955550009,-0.29903435908740184
unstable_forward_to_section,-173.30322900384334,0.9453998958908911,-0.2990346541853452
unstable_forward_to_section,-173.14539364045189,0.9453997953830086,-0.2990349517813747
unstable_forward_to_section,-172.9875582770604,0.9453996940242073,-0.2990352518966412
unstable_forward_to_section,-172.82972291366895,0.945399591807281,-0.2990355545524757
unstable_forward_to_section,-172.67188755027746,0.9453994887249623,-0.2990358597703897
unstable_forward_to_section,-172.51405218688598,0.9453993847699219,-0.29903616757207707
unstable_forward_to_section,-172.3562168234945,0.9453992799347688,-0.29903647797941507
unstable_forward_to_section,-172.198381460103,0.9453991742120493,-0.2990367910144664
unstable_forward_to_section,-172.04054609671152,0.9453990675942463,-0.2990371066994807
unstable_forward_to_section,-171.88271073332004,0.9453989600737792,-0.2990374250568958
unstable_forward_to_section,-171.72487536992858,0.9453988516430031,-0.29903774610934025
unstable_forward_to_section,-171.5670400065371,0.9453987422942083,-0.299038069879634
unstable_forward_to_section,-171.4092046431456,0.9453986320196196,-0.2990383963907901
unstable_forward_to_section,-171.25136927975416,0.9453985208113963,-0.2990387256660166
unstable_forward_to_section,-171.09353391636267,0.9453984086616308,-0.2990390577287186
unstable_forward_to_section,-170.9356985529712,0.9453982955623489,-0.2990393926024989
unstable_forward_to_section,-170.7778631895797,0.9453981815055084,-0.2990397303111605
unstable_forward_to_section,-170.62002782618822,0.9453980664829992,-0.299040070878708
unstable_forward_to_section,-170.46219246279674,0.9453979504866424,-0.2990404143293493
unstable_forward_to_section,-170.30435709940525,0.9453978335081898,-0.299040760687498
unstable_forward_to_section,-170.1465217360138,0.9453977155393232,-0.2990411099777737
unstable_forward_to_section,-169.9886863726223,0.945397596571654,-0.29904146222500505
unstable_forward_to_section,-169.83085100923086,0.9453974765967224,-0.2990418174542312
unstable_forward_to_section,-169.67301564583937,0.945397355605997,-0.29904217569070224
unstable_forward_to_section,-169.5151802824479,0.9453972335908739,-0.29904253695988386
unstable_forward_to_section,-169.3573449190564,0.9453971105426766,-0.29904290128745614
unstable_forward_to_section,-169.19950955566492,0.9453969864526547,-0.29904326869931813
unstable_forward_to_section,-169.04167419227343,0.9453968613119836,-0.29904363922158667
unstable_forward_to_section,-168.88383882888195,0.9453967351117645,-0.2990440128806013
unstable_forward_to_section,-168.7260034654905,0.9453966078430224,-0.2990443897029234
unstable_forward_to_section,-168.568168102099,0.9453964794967066,-0.2990447697153405
unstable_forward_to_section,-168.41033273870752,0.9453963500636896,-0.2990451529448672
unstable_forward_to_section,-168.25249737531607,0.9453962195347666,-0.299045539418746
unstable_forward_to_section,-168.09466201192458,0.9453960879006547,-0.2990459291644508
unstable_forward_to_section,-167.9368266485331,0.9453959551519923,-0.29904632220968824
unstable_forward_to_section,-167.77899128514161,0.9453958212793384,-0.2990467185823998
unstable_forward_to_section,-167.62115592175013,0.945395686273172,-0.29904711831076336
unstable_forward_to_section,-167.46332055835865,0.9453955501238915,-0.2990475214231957
unstable_forward_to_section,-167.30548519496716,0.9453954128218137,-0.299047927948355
unstable_forward_to_section,-167.1476498315757,0.9453952743571734,-0.29904833791514185
unstable_forward_to_section,-166.98981446818422,0.9453951347201226,-0.2990487513527009
unstable_forward_to_section,-166.83197910479277,0.9453949939007298,-0.299049168290425
unstable_forward_to_section,-166.67414374140128,0.9453948518889792,-0.29904958875795556
unstable_forward_to_section,-166.5163083780098,0.9453947086747704,-0.29905001278518534
unstable_forward_to_section,-166.3584730146183,0.9453945642479168,-0.2990504404022597
unstable_forward_to_section,-166.20063765122683,0.945394418598146,-0.29905087163958055
unstable_forward_to_section,-166.04280228783534,0.9453942717150982,-0.29905130652780626
unstable_forward_to_section,-165.88496692444386,0.9453941235883256,-0.2990517450978559
unstable_forward_to_section,-165.72713156105237,0.9453939742072924,-0.2990521873809104
unstable_forward_to_section,-165.56929619766092,0.945393823561373,-0.2990526334084145
unstable_forward_to_section,-165.41146083426943,0.9453936716398516,-0.2990530832120798
unstable_forward_to_section,-165.25362547087798,0.9453935184319218,-0.2990535368238864
unstable_forward_to_section,-165.0957901074865,0.9453933639266854,-0.2990539942760858
unstable_forward_to_section,-164.937954744095,0.945393208113152,-0.2990544556012027
unstable_forward_to_section,-164.78011938070352,0.9453930509802377,-0.29905492083203716
unstable_forward_to_section,-164.62228401731204,0.945392892516765,-0.29905539000166703
unstable_forward_to_section,-164.46444865392056,0.945392732711461,-0.2990558631434512
unstable_forward_to_section,-164.30661329052907,0.9453925715529579,-0.29905634029103073
unstable_forward_to_section,-164.14877792713762,0.9453924090297909,-0.2990568214783319
unstable_forward_to_section,-163.99094256374613,0.9453922451303984,-0.29905730673956854
unstable_forward_to_section,-163.83310720035465,0.9453920798431207,-0.29905779610924504
unstable_forward_to_section,-163.6752718369632,0.9453919131561987,-0.29905828962215736
unstable_forward_to_section,-163.5174364735717,0.9453917450577743,-0.2990587873133964
unstable_forward_to_section,-163.35960111018022,0.9453915755358884,-0.2990592892183511
unstable_forward_to_section,-163.20176574678874,0.9453914045784803,-0.29905979537271
unstable_forward_to_section,-163.04393038339725,0.9453912321733875,-0.29906030581246396
unstable_forward_to_section,-162.88609502000577,0.945391058308344,-0.29906082057390937
unstable_forward_to_section,-162.72825965661428,0.9453908829709798,-0.2990613396936497
unstable_forward_to_section,-162.57042429322283,0.9453907061488201,-0.2990618632085992
unstable_forward_to_section,-162.41258892983134,0.9453905278292841,-0.29906239115598465
unstable_forward_to_section,-162.2547535664399,0.9453903479996845,-0.2990629235733487
unstable_forward_to_section,-162.0969182030484,0.9453901666472261,-0.2990634604985517
unstable_forward_to_section,-161.93908283965692,0.9453899837590053,-0.29906400196977573
unstable_forward_to_section,-161.78124747626543,0.9453897993220092,-0.2990645480255258
unstable_forward_to_section,-161.62341211287395,0.9453896133231143,-0.2990650987046336
unstable_forward_to_section,-161.46557674948247,0.9453894257490858,-0.2990656540462596
unstable_forward_to_section,-161.30774138609098,0.9453892365865767,-0.2990662140898973
unstable_forward_to_section,-161.14990602269953,0.9453890458221266,-0.2990667788753739
unstable_forward_to_section,-160.99207065930804,0.945388853442161,-0.2990673484428548
unstable_forward_to_section,-160.83423529591656,0.9453886594329901,-0.29906792283284545
unstable_forward_to_section,-160.6763999325251,0.9453884637808085,-0.299068502086195
unstable_forward_to_section,-160.51856456913362,0.945388266471693,-0.29906908624409917
unstable_forward_to_section,-160.36072920574213,0.9453880674916026,-0.29906967534810264
unstable_forward_to_section,-160.20289384235065,0.9453878668263771,-0.29907026944010195
unstable_forward_to_section,-160.04505847895916,0.945387664461736,-0.2990708685623492
unstable_forward_to_section,-159.88722311556768,0.945387460383278,-0.2990714727574551
unstable_forward_to_section,-159.7293877521762,0.9453872545764792,-0.2990720820683907
unstable_forward_to_section,-159.57155238878474,0.9453870470266926,-0.2990726965384921
unstable_forward_to_section,-159.41371702539325,0.9453868377191471,-0.2990733162114625
unstable_forward_to_section,-159.2558816620018,0.9453866266389458,-0.29907394113137564
unstable_forward_to_section,-159.0980462986103,0.9453864137710659,-0.29907457134267945
unstable_forward_to_section,-158.94021093521883,0.9453861991003568,-0.29907520689019784
unstable_forward_to_section,-158.78237557182734,0.9453859826115394,-0.2990758478191356
unstable_forward_to_section,-158.62454020843586,0.945385764289205,-0.2990764941750804
unstable_forward_to_section,-158.46670484504438,0.945385544117814,-0.29907714600400637
unstable_forward_to_section,-158.3088694816529,0.9453853220816948,-0.2990778033522777
unstable_forward_to_section,-158.15103411826144,0.9453850981650431,-0.29907846626665174
unstable_forward_to_section,-157.99319875486995,0.9453848723519204,-0.2990791347942822
unstable_forward_to_section,-157.83536339147847,0.9453846446262527,-0.2990798089827231
unstable_forward_to_section,-157.677528028087,0.9453844149718299,-0.2990804888799307
unstable_forward_to_section,-157.51969266469553,0.9453841833723039,-0.2990811745342689
unstable_forward_to_section,-157.36185730130404,0.945383949811188,-0.29908186599451153
unstable_forward_to_section,-157.20402193791256,0.9453837142718559,-0.2990825633098453
unstable_forward_to_section,-157.04618657452107,0.9453834767375395,-0.29908326652987527
unstable_forward_to_section,-156.8883512111296,0.945383237191329,-0.29908397570462625
unstable_forward_to_section,-156.7305158477381,0.9453829956161705,-0.2990846908845477
unstable_forward_to_section,-156.57268048434665,0.9453827519948657,-0.2990854121205168
unstable_forward_to_section,-156.41484512095516,0.9453825063100701,-0.2990861394638427
unstable_forward_to_section,-156.2570097575637,0.945382258544292,-0.2990868729662684
unstable_forward_to_section,-156.0991743941722,0.9453820086798914,-0.29908761267997697
unstable_forward_to_section,-155.94133903078074,0.9453817566990781,-0.29908835865759387
unstable_forward_to_section,-155.78350366738925,0.9453815025839112,-0.2990891109521909
unstable_forward_to_section,-155.62566830399777,0.9453812463162973,-0.2990898696172895
unstable_forward_to_section,-155.46783294060629,0.9453809878779895,-0.29909063470686564
unstable_forward_to_section,-155.30999757721483,0.945380727250586,-0.2990914062753528
unstable_forward_to_section,-155.15216221382335,0.9453804644155284,-0.2990921843776471
unstable_forward_to_section,-154.99432685043186,0.9453801993541009,-0.29909296906910854
unstable_forward_to_section,-154.83649148704038,0.945379932047429,-0.29909376040556795
unstable_forward_to_section,-154.6786561236489,0.9453796624764775,-0.29909455844333
unstable_forward_to_section,-154.52082076025744,0.9453793906220501,-0.29909536323917596
unstable_forward_to_section,-154.36298539686595,0.9453791164647868,-0.29909617485037016
unstable_forward_to_section,-154.20515003347447,0.9453788399851636,-0.29909699333466094
unstable_forward_to_section,-154.04731467008298,0.9453785611634906,-0.29909781875028807
unstable_forward_to_section,-153.8894793066915,0.9453782799799106,-0.29909865115598466
unstable_forward_to_section,-153.73164394330004,0.945377996414398,-0.29909949061098234
unstable_forward_to_section,-153.57380857990856,0.9453777104467566,-0.29910033717501494
unstable_forward_to_section,-153.41597321651707,0.945377422056619,-0.2991011909083235
unstable_forward_to_section,-153.2581378531256,0.9453771312234448,-0.29910205187166033
unstable_forward_to_section,-153.1003024897341,0.9453768379265192,-0.2991029201262923
unstable_forward_to_section,-152.94246712634265,0.9453765421449508,-0.29910379573400747
unstable_forward_to_section,-152.78463176295116,0.9453762438576717,-0.29910467875711677
unstable_forward_to_section,-152.62679639955968,0.9453759430434343,-0.29910556925846044
unstable_forward_to_section,-152.4689610361682,0.9453756396808105,-0.2991064673014121
unstable_forward_to_section,-152.31112567277674,0.9453753337481907,-0.2991073729498825
unstable_forward_to_section,-152.15329030938526,0.945375025223781,-0.2991082862683261
unstable_forward_to_section,-151.99545494599377,0.9453747140856029,-0.2991092073217424
unstable_forward_to_section,-151.8376195826023,0.9453744003114908,-0.2991101361756836
unstable_forward_to_section,-151.6797842192108,0.9453740838790908,-0.2991110728962583
unstable_forward_to_section,-151.52194885581935,0.9453737647658593,-0.2991120175501362
unstable_forward_to_section,-151.36411349242786,0.9453734429490608,-0.29911297020455196
unstable_forward_to_section,-151.20627812903638,0.9453731184057668,-0.2991139309273113
unstable_forward_to_section,-151.0484427656449,0.9453727911128538,-0.2991148997867959
unstable_forward_to_section,-150.8906074022534,0.9453724610470019,-0.29911587685196694
unstable_forward_to_section,-150.73277203886195,0.9453721281846929,-0.29911686219237144
unstable_forward_to_section,-150.57493667547047,0.9453717925022089,-0.29911785587814627
unstable_forward_to_section,-150.41710131207898,0.9453714539756302,-0.29911885798002397
unstable_forward_to_section,-150.2592659486875,0.9453711125808338,-0.29911986856933787
unstable_forward_to_section,-150.10143058529601,0.9453707682934919,-0.299120887718026
unstable_forward_to_section,-149.94359522190456,0.9453704210890697,-0.299121915498637
unstable_forward_to_section,-149.78575985851307,0.9453700709428237,-0.299122951984336
unstable_forward_to_section,-149.6279244951216,0.9453697178298002,-0.29912399724890887
unstable_forward_to_section,-149.4700891317301,0.9453693617248335,-0.29912505136676765
unstable_forward_to_section,-149.31225376833862,0.9453690026025439,-0.29912611441295656
unstable_forward_to_section,-149.15441840494717,0.9453686404373355,-0.29912718646315634
unstable_forward_to_section,-148.99658304155568,0.9453682752033954,-0.2991282675936903
unstable_forward_to_section,-148.8387476781642,0.9453679068746909,-0.29912935788153056
unstable_forward_to_section,-148.6809123147727,0.9453675354249678,-0.2991304574043017
unstable_forward_to_section,-148.52307695138126,0.9453671608277489,-0.29913156624028747
unstable_forward_to_section,-148.36524158798977,0.9453667830563318,-0.2991326844684374
unstable_forward_to_section,-148.2074062245983,0.9453664020837871,-0.2991338121683701
unstable_forward_to_section,-148.0495708612068,0.9453660178829559,-0.2991349494203807
unstable_forward_to_section,-147.89173549781532,0.945365630426449,-0.2991360963054457
unstable_forward_to_section,-147.73390013442386,0.9453652396866439,-0.29913725290523024
unstable_forward_to_section,-147.57606477103238,0.9453648456356831,-0.299138419302092
unstable_forward_to_section,-147.4182294076409,0.9453644482454723,-0.2991395955790887
unstable_forward_to_section,-147.2603940442494,0.9453640474876781,-0.2991407818199825
unstable_forward_to_section,-147.10255868085792,0.9453636433337262,-0.2991419781092481
unstable_forward_to_section,-146.94472331746647,0.9453632357547992,-0.29914318453207644
unstable_forward_to_section,-146.78688795407498,0.9453628247218345,-0.2991444011743827
unstable_forward_to_section,-146.6290525906835,0.9453624102055223,-0.2991456281228114
unstable_forward_to_section,-146.47121722729202,0.9453619921763031,-0.29914686546474334
unstable_forward_to_section,-146.31338186390053,0.9453615706043667,-0.29914811328830127
unstable_forward_to_section,-146.15554650050908,0.9453611454596482,-0.2991493716823564
unstable_forward_to_section,-145.9977111371176,0.9453607167118278,-0.29915064073653463
unstable_forward_to_section,-145.8398757737261,0.945360284330327,-0.2991519205412245
unstable_forward_to_section,-145.68204041033462,0.9453598482843076,-0.29915321118758004
unstable_forward_to_section,-145.52420504694314,0.9453594085426688,-0.2991545127675315
unstable_forward_to_section,-145.36636968355168,0.9453589650740448,-0.2991558253737896
unstable_forward_to_section,-145.2085343201602,0.9453585178468031,-0.2991571490998527
unstable_forward_to_section,-145.0506989567687,0.9453580668290421,-0.299158484040013
unstable_forward_to_section,-144.89286359337723,0.9453576119885885,-0.2991598302893644
unstable_forward_to_section,-144.73502822998577,0.9453571532929951,-0.2991611879438084
unstable_forward_to_section,-144.5771928665943,0.9453566907095384,-0.29916255710006184
unstable_forward_to_section,-144.4193575032028,0.9453562242052166,-0.29916393785566286
unstable_forward_to_section,-144.26152213981132,0.9453557537467466,-0.29916533030897857
unstable_forward_to_section,-144.10368677641983,0.9453552793005623,-0.2991667345592116
unstable_forward_to_section,-143.94585141302838,0.9453548008328114,-0.2991681507064083
unstable_forward_to_section,-143.7880160496369,0.9453543183093538,-0.29916957885146467
unstable_forward_to_section,-143.6301806862454,0.9453538316957582,-0.29917101909613436
unstable_forward_to_section,-143.47234532285393,0.9453533409573005,-0.2991724715430358
unstable_forward_to_section,-143.31450995946244,0.9453528460589606,-0.29917393629565936
unstable_forward_to_section,-143.15667459607099,0.9453523469654204,-0.29917541345837534
unstable_forward_to_section,-142.9988392326795,0.9453518436410606,-0.2991769031364406
unstable_forward_to_section,-142.84100386928802,0.945351336049959,-0.29917840543600704
unstable_forward_to_section,-142.68316850589653,0.9453508241558872,-0.2991799204641292
unstable_forward_to_section,-142.52533314250505,0.945350307922308,-0.29918144832877075
unstable_forward_to_section,-142.3674977791136,0.9453497873123731,-0.2991829891388142
unstable_forward_to_section,-142.2096624157221,0.9453492622889205,-0.2991845430040669
unstable_forward_to_section,-142.05182705233062,0.9453487328144712,-0.2991861100352694
unstable_forward_to_section,-141.89399168893914,0.9453481988512271,-0.29918769034410486
unstable_forward_to_section,-141.73615632554768,0.9453476603610679,-0.299189284043205
unstable_forward_to_section,-141.5783209621562,0.9453471173055488,-0.29919089124616005
unstable_forward_to_section,-141.4204855987647,0.9453465696458967,-0.2991925120675251
unstable_forward_to_section,-141.26265023537323,0.9453460173430087,-0.2991941466228301
unstable_forward_to_section,-141.10481487198174,0.9453454603574485,-0.29919579502858673
unstable_forward_to_section,-140.9469795085903,0.9453448986494435,-0.29919745740229814
unstable_forward_to_section,-140.7891441451988,0.9453443321788821,-0.299199133862466
unstable_forward_to_section,-140.63130878180732,0.9453437609053109,-0.2992008245286004
unstable_forward_to_section,-140.47347341841584,0.9453431847879317,-0.29920252952122744
unstable_forward_to_section,-140.31563805502435,0.9453426037855983,-0.2992042489618983
unstable_forward_to_section,-140.1578026916329,0.9453420178568137,-0.29920598297319834
unstable_forward_to_section,-139.9999673282414,0.9453414269597272,-0.29920773167875503
unstable_forward_to_section,-139.84213196484993,0.9453408310521313,-0.2992094952032486
unstable_forward_to_section,-139.68429660145844,0.9453402300914583,-0.2992112736724176
unstable_forward_to_section,-139.52646123806696,0.9453396240347777,-0.2992130672130733
unstable_forward_to_section,-139.3686258746755,0.9453390128387928,-0.29921487595310275
unstable_forward_to_section,-139.21079051128402,0.9453383964598377,-0.29921670002148376
unstable_forward_to_section,-139.05295514789253,0.945337774853874,-0.29921853954828903
unstable_forward_to_section,-138.89511978450105,0.9453371479764876,-0.29922039466469974
unstable_forward_to_section,-138.73728442110956,0.9453365157828856,-0.29922226550301234
unstable_forward_to_section,-138.5794490577181,0.9453358782278927,-0.299224152196649
unstable_forward_to_section,-138.42161369432662,0.9453352352659485,-0.29922605488016774
unstable_forward_to_section,-138.26377833093514,0.9453345868511038,-0.29922797368927134
unstable_forward_to_section,-138.10594296754365,0.9453339329370172,-0.29922990876081745
unstable_forward_to_section,-137.9481076041522,0.9453332734769517,-0.29923186023282866
unstable_forward_to_section,-137.79027224076071,0.945332608423772,-0.29923382824450234
unstable_forward_to_section,-137.63243687736923,0.9453319377299396,-0.2992358129362201
unstable_forward_to_section,-137.47460151397775,0.9453312613475111,-0.29923781444955877
unstable_forward_to_section,-137.31676615058626,0.9453305792281335,-0.29923983292730066
unstable_forward_to_section,-137.1589307871948,0.9453298913230408,-0.2992418685134427
unstable_forward_to_section,-137.00109542380332,0.9453291975830511,-0.29924392135320854
unstable_forward_to_section,-136.84326006041184,0.9453284979585624,-0.2992459915930584
unstable_forward_to_section,-136.68542469702035,0.9453277923995492,-0.2992480793806983
unstable_forward_to_section,-136.52758933362887,0.9453270808555587,-0.29925018486509264
unstable_forward_to_section,-136.3697539702374,0.9453263632757074,-0.2992523081964743
unstable_forward_to_section,-136.21191860684593,0.9453256396086771,-0.2992544495263552
unstable_forward_to_section,-136.05408324345444,0.9453249098027113,-0.299256609007537
unstable_forward_to_section,-135.89624788006296,0.9453241738056117,-0.2992587867941238
unstable_forward_to_section,-135.73841251667147,0.9453234315647336,-0.29926098304153087
unstable_forward_to_section,-135.58057715328002,0.945322683026983,-0.2992631979064982
unstable_forward_to_section,-135.42274178988853,0.9453219281388119,-0.29926543154709995
unstable_forward_to_section,-135.26490642649705,0.9453211668462151,-0.2992676841227576
unstable_forward_to_section,-135.10707106310556,0.9453203990947258,-0.29926995579425014
unstable_forward_to_section,-134.94923569971408,0.9453196248294115,-0.2992722467237262
unstable_forward_to_section,-134.79140033632262,0.9453188439948707,-0.29927455707471595
unstable_forward_to_section,-134.63356497293114,0.9453180565352278,-0.2992768870121428
unstable_forward_to_section,-134.47572960953966,0.9453172623941302,-0.2992792367023352
unstable_forward_to_section,-134.31789424614817,0.945316461514743,-0.29928160631303935
unstable_forward_to_section,-134.16005888275672,0.9453156538397458,-0.2992839960134297
unstable_forward_to_section,-134.00222351936523,0.9453148393113279,-0.29928640597412354
unstable_forward_to_section,-133.84438815597375,0.9453140178711843,-0.29928883636719167
unstable_forward_to_section,-133.68655279258226,0.9453131894605116,-0.2992912873661718
unstable_forward_to_section,-133.52871742919078,0.945312354020003,-0.2992937591460802
unstable_forward_to_section,-133.37088206579932,0.9453115114898449,-0.29929625188342507
unstable_forward_to_section,-133.21304670240784,0.9453106618097121,-0.29929876575621966
unstable_forward_to_section,-133.05521133901635,0.9453098049187629,-0.29930130094399365
unstable_forward_to_section,-132.89737597562487,0.9453089407556357,-0.2993038576278087
unstable_forward_to_section,-132.73954061223338,0.9453080692584431,-0.2993064359902689
unstable_forward_to_section,-132.58170524884193,0.945307190364769,-0.29930903621553645
unstable_forward_to_section,-132.42386988545044,0.9453063040116625,-0.2993116584893428
unstable_forward_to_section,-132.26603452205896,0.9453054101356344,-0.2993143029990037
unstable_forward_to_section,-132.10819915866747,0.9453045086726517,-0.29931696993343193
unstable_forward_to_section,-131.950363795276,0.9453035995581335,-0.29931965948315215
unstable_forward_to_section,-131.79252843188453,0.9453026827269458,-0.2993223718403137
unstable_forward_to_section,-131.63469306849305,0.9453017581133975,-0.2993251071987044
unstable_forward_to_section,-131.47685770510157,0.9453008256512342,-0.2993278657537657
unstable_forward_to_section,-131.31902234171008,0.9452998852736347,-0.29933064770260615
unstable_forward_to_section,-131.16118697831863,0.9452989369132055,-0.2993334532440157
unstable_forward_to_section,-131.00335161492714,0.9452979805019759,-0.29933628257847983
unstable_forward_to_section,-130.84551625153566,0.9452970159713925,-0.2993391359081956
unstable_forward_to_section,-130.68768088814417,0.9452960432523151,-0.29934201343708544
unstable_forward_to_section,-130.5298455247527,0.945295062275011,-0.2993449153708113
unstable_forward_to_section,-130.37201016136123,0.94529407296915,-0.29934784191679054
unstable_forward_to_section,-130.21417479796975,0.9452930752637992,-0.2993507932842109
unstable_forward_to_section,-130.05633943457826,0.9452920690874177,-0.29935376968404537
unstable_forward_to_section,-129.89850407118678,0.9452910543678514,-0.2993567713290679
unstable_forward_to_section,-129.7406687077953,0.9452900310323279,-0.2993597984338693
unstable_forward_to_section,-129.58283334440384,0.9452889990074509,-0.2993628512148715
unstable_forward_to_section,-129.42499798101235,0.9452879582191944,-0.2993659298903445
unstable_forward_to_section,-129.26716261762087,0.9452869085928982,-0.29936903468042253
unstable_forward_to_section,-129.10932725422938,0.9452858500532614,-0.29937216580711906
unstable_forward_to_section,-128.9514918908379,0.9452847825243373,-0.2993753234943433
unstable_forward_to_section,-128.79365652744644,0.945283705929528,-0.2993785079679172
unstable_forward_to_section,-128.63582116405496,0.9452826201915784,-0.2993817194555914
unstable_forward_to_section,-128.47798580066348,0.9452815252325705,-0.2993849581870617
unstable_forward_to_section,-128.320150437272,0.9452804209739176,-0.2993882243939861
unstable_forward_to_section,-128.1623150738805,0.9452793073363589,-0.29939151831000155
unstable_forward_to_section,-128.00447971048905,0.9452781842399531,-0.29939484017074114
unstable_forward_to_section,-127.84664434709757,0.9452770516040728,-0.2993981902138516
unstable_forward_to_section,-127.68880898370608,0.9452759093473982,-0.29940156867901035
unstable_forward_to_section,-127.5309736203146,0.9452747573879119,-0.2994049758079424
unstable_forward_to_section,-127.37313825692314,0.9452735956428917,-0.2994084118444397
unstable_forward_to_section,-127.21530289353166,0.9452724240289051,-0.2994118770343766
unstable_forward_to_section,-127.05746753014017,0.9452712424618033,-0.2994153716257302
unstable_forward_to_section,-126.89963216674869,0.9452700508567142,-0.299418895868597
unstable_forward_to_section,-126.7417968033572,0.9452688491280371,-0.29942245001521195
unstable_forward_to_section,-126.58396143996575,0.9452676371894354,-0.2994260343199659
unstable_forward_to_section,-126.42612607657426,0.9452664149538308,-0.299429649039426
unstable_forward_to_section,-126.26829071318278,0.9452651823333965,-0.29943329443235217
unstable_forward_to_section,-126.1104553497913,0.945263939239551,-0.29943697075971837
unstable_forward_to_section,-125.95261998639981,0.9452626855829513,-0.2994406782847302
unstable_forward_to_section,-125.79478462300835,0.945261421273486,-0.2994444172728445
unstable_forward_to_section,-125.63694925961687,0.9452601462202692,-0.29944818799178885
unstable_forward_to_section,-125.47911389622539,0.9452588603316332,-0.2994519907115821
unstable_forward_to_section,-125.3212785328339,0.945257563515122,-0.2994558257045525
unstable_forward_to_section,-125.16344316944242,0.9452562556774842,-0.299459693245359
unstable_forward_to_section,-125.00560780605096,0.9452549367246661,-0.2994635936110109
unstable_forward_to_section,-124.84777244265948,0.9452536065618047,-0.29946752708088836
unstable_forward_to_section,-124.68993707926799,0.9452522650932208,-0.2994714939367623
unstable_forward_to_section,-124.53210171587651,0.9452509122224116,-0.2994754944628159
unstable_forward_to_section,-124.37426635248502,0.9452495478520438,-0.29947952894566526
unstable_forward_to_section,-124.21643098909357,0.9452481718839458,-0.29948359767438076
unstable_forward_to_section,-124.05859562570208,0.945246784219101,-0.2994877009405069
unstable_forward_to_section,-123.9007602623106,0.9452453847576399,-0.29949183903808585
unstable_forward_to_section,-123.74292489891911,0.9452439733988327,-0.29949601226367734
unstable_forward_to_section,-123.58508953552766,0.9452425500410824,-0.299500220916381
unstable_forward_to_section,-123.42725417213617,0.9452411145819161,-0.2995044652978594
unstable_forward_to_section,-123.26941880874469,0.9452396669179783,-0.2995087457123582
unstable_forward_to_section,-123.1115834453532,0.9452382069450227,-0.2995130624667304
unstable_forward_to_section,-122.95374808196172,0.9452367345579045,-0.2995174158704578
unstable_forward_to_section,-122.79591271857026,0.9452352496505723,-0.2995218062356748
unstable_forward_to_section,-122.63807735517878,0.9452337521160604,-0.2995262338771908
unstable_forward_to_section,-122.4802419917873,0.9452322418464808,-0.2995306991125131
unstable_forward_to_section,-122.32240662839581,0.945230718733015,-0.2995352022618709
unstable_forward_to_section,-122.16457126500433,0.9452291826659057,-0.29953974364823854
unstable_forward_to_section,-122.00673590161287,0.9452276335344488,-0.2995443235973597
unstable_forward_to_section,-121.84890053822139,0.9452260712269849,-0.29954894243777136
unstable_forward_to_section,-121.6910651748299,0.9452244956308908,-0.2995536005008272
unstable_forward_to_section,-121.53322981143842,0.9452229066325716,-0.2995582981207238
unstable_forward_to_section,-121.37539444804693,0.9452213041174514,-0.2995630356345243
unstable_forward_to_section,-121.21755908465548,0.9452196879699651,-0.29956781338218236
unstable_forward_to_section,-121.05972372126399,0.9452180580735496,-0.2995726317065692
unstable_forward_to_section,-120.90188835787251,0.945216414310635,-0.2995774909534977
unstable_forward_to_section,-120.74405299448102,0.9452147565626356,-0.299582391471749
unstable_forward_to_section,-120.58621763108957,0.9452130847099416,-0.2995873336130964
unstable_forward_to_section,-120.42838226769808,0.9452113986319087,-0.29959231773233397
unstable_forward_to_section,-120.2705469043066,0.9452096982068506,-0.29959734418730066
unstable_forward_to_section,-120.11271154091511,0.9452079833120289,-0.29960241333890814
unstable_forward_to_section,-119.95487617752363,0.9452062538236438,-0.2996075255511667
unstable_forward_to_section,-119.79704081413217,0.9452045096168248,-0.29961268119121304
unstable_forward_to_section,-119.63920545074069,0.9452027505656215,-0.2996178806293374
unstable_forward_to_section,-119.4813700873492,0.9452009765429941,-0.2996231242390096
unstable_forward_to_section,-119.32353472395772,0.9451991874208033,-0.2996284123969085
unstable_forward_to_section,-119.16569936056624,0.9451973830698012,-0.29963374548294963
unstable_forward_to_section,-119.00786399717478,0.9451955633596206,-0.29963912388031316
unstable_forward_to_section,-118.8500286337833,0.9451937281587665,-0.29964454797547174
unstable_forward_to_section,-118.69219327039181,0.9451918773346042,-0.2996500181582198
unstable_forward_to_section,-118.53435790700033,0.9451900107533514,-0.2996555348217033
unstable_forward_to_section,-118.37652254360884,0.9451881282800663,-0.29966109836244775
unstable_forward_to_section,-118.21868718021739,0.9451862297786381,-0.2996667091803884
unstable_forward_to_section,-118.0608518168259,0.9451843151117767,-0.29967236767889915
unstable_forward_to_section,-117.90301645343442,0.9451823841410018,-0.29967807426482485
unstable_forward_to_section,-117.74518109004293,0.9451804367266328,-0.29968382934850796
unstable_forward_to_section,-117.58734572665145,0.9451784727277779,-0.2996896333438228
unstable_forward_to_section,-117.42951036326,0.9451764920023232,-0.29969548666820384
unstable_forward_to_section,-117.27167499986851,0.9451744944069226,-0.2997013897426786
unstable_forward_to_section,-117.11383963647702,0.9451724797969858,-0.29970734299189755
unstable_forward_to_section,-116.95600427308554,0.9451704480266682,-0.29971334684416684
unstable_forward_to_section,-116.79816890969408,0.9451683989488588,-0.29971940173148
unstable_forward_to_section,-116.6403335463026,0.9451663324151701,-0.29972550808955
unstable_forward_to_section,-116.48249818291112,0.9451642482759256,-0.2997316663578421
unstable_forward_to_section,-116.32466281951963,0.9451621463801491,-0.29973787697960674
unstable_forward_to_section,-116.16682745612815,0.9451600265755526,-0.2997441404019124
unstable_forward_to_section,-116.00899209273669,0.9451578887085254,-0.2997504570756794
unstable_forward_to_section,-115.8511567293452,0.9451557326241212,-0.29975682745571347
unstable_forward_to_section,-115.69332136595372,0.9451535581660475,-0.2997632520007403
unstable_forward_to_section,-115.53548600256224,0.9451513651766522,-0.2997697311734381
unstable_forward_to_section,-115.37765063917075,0.9451491534969126,-0.29977626544047464
unstable_forward_to_section,-115.2198152757793,0.9451469229664227,-0.2997828552725417
unstable_forward_to_section,-115.06197991238781,0.9451446734233806,-0.2997895011443888
unstable_forward_to_section,-114.90414454899633,0.9451424047045768,-0.2997962035348611
unstable_forward_to_section,-114.74630918560484,0.9451401166453808,-0.2998029629269334
unstable_forward_to_section,-114.58847382221336,0.9451378090797289,-0.2998097798077476
unstable_forward_to_section,-114.4306384588219,0.9451354818401111,-0.29981665466864876
unstable_forward_to_section,-114.27280309543042,0.9451331347575584,-0.29982358800522285
unstable_forward_to_section,-114.11496773203893,0.9451307676616298,-0.29983058031733323
unstable_forward_to_section,-113.95713236864745,0.9451283803803986,-0.2998376321091583
unstable_forward_to_section,-113.79929700525597,0.9451259727404396,-0.29984474388923027
unstable_forward_to_section,-113.64146164186451,0.9451235445668156,-0.2998519161704724
unstable_forward_to_section,-113.48362627847303,0.9451210956830635,-0.29985914947023823
unstable_forward_to_section,-113.32579091508154,0.9451186259111811,-0.2998664443103508
unstable_forward_to_section,-113.16795555169006,0.9451161350716131,-0.29987380121714186
unstable_forward_to_section,-113.0101201882986,0.9451136229832369,-0.29988122072149115
unstable_forward_to_section,-112.85228482490712,0.9451110894633485,-0.29988870335886725
unstable_forward_to_section,-112.69444946151563,0.9451085343276494,-0.29989624966936784
unstable_forward_to_section,-112.53661409812415,0.9451059573902302,-0.29990386019775966
unstable_forward_to_section,-112.37877873473266,0.9451033584635582,-0.2999115354935217
unstable_forward_to_section,-112.2209433713412,0.9451007373584612,-0.2999192761108848
unstable_forward_to_section,-112.06310800794972,0.945098093884114,-0.2999270826088738
unstable_forward_to_section,-111.90527264455824,0.9450954278480225,-0.29993495555135136
unstable_forward_to_section,-111.74743728116675,0.9450927390560091,-0.2999428955070597
unstable_forward_to_section,-111.58960191777527,0.9450900273121975,-0.2999509030496638
unstable_forward_to_section,-111.43176655438381,0.9450872924189975,-0.2999589787577949
unstable_forward_to_section,-111.27393119099233,0.945084534177089,-0.29996712321509483
unstable_forward_to_section,-111.11609582760084,0.9450817523854075,-0.2999753370102596
unstable_forward_to_section,-110.95826046420936,0.9450789468411266,-0.29998362073708473
unstable_forward_to_section,-110.80042510081788,0.9450761173396438,-0.29999197499451113
unstable_forward_to_section,-110.64258973742642,0.9450732636745632,-0.300000400386669
unstable_forward_to_section,-110.48475437403494,0.9450703856376801,-0.30000889752292464
unstable_forward_to_section,-110.32691901064345,0.9450674830189641,-0.3000174670179277
unstable_forward_to_section,-110.16908364725197,0.9450645556065427,-0.3000261094916568
unstable_forward_to_section,-110.01124828386051,0.9450616031866848,-0.30003482556946687
unstable_forward_to_section,-109.85341292046903,0.9450586255437833,-0.30004361588213885
unstable_forward_to_section,-109.69557755707754,0.9450556224603387,-0.3000524810659246
unstable_forward_to_section,-109.53774219368606,0.9450525937169416,-0.300061421762598
unstable_forward_to_section,-109.37990683029457,0.9450495390922555,-0.30007043861950367
unstable_forward_to_section,-109.22207146690312,0.9450464583629989,-0.3000795322896053
unstable_forward_to_section,-109.06423610351163,0.9450433513039281,-0.3000887034315374
unstable_forward_to_section,-108.90640074012015,0.9450402176878191,-0.30009795270965317
unstable_forward_to_section,-108.74856537672866,0.9450370572854494,-0.30010728079407906
unstable_forward_to_section,-108.59073001333718,0.94503386986558,-0.30011668836076283
unstable_forward_to_section,-108.43289464994572,0.9450306551949372,-0.30012617609152686
unstable_forward_to_section,-108.27505928655424,0.9450274130381938,-0.30013574467412074
unstable_forward_to_section,-108.11722392316275,0.9450241431579501,-0.30014539480227354
unstable_forward_to_section,-107.95938855977127,0.9450208453147155,-0.3001551271757478
unstable_forward_to_section,-107.80155319637979,0.9450175192668889,-0.3001649425003924
unstable_forward_to_section,-107.64371783298833,0.9450141647707401,-0.30017484148819734
unstable_forward_to_section,-107.48588246959685,0.9450107815803891,-0.3001848248573498
unstable_forward_to_section,-107.32804710620536,0.9450073694477878,-0.30019489333228727
unstable_forward_to_section,-107.17021174281388,0.9450039281226994,-0.30020504764375483
unstable_forward_to_section,-107.01237637942239,0.9450004573526782,-0.3002152885288615
unstable_forward_to_section,-106.85454101603094,0.9449969568830496,-0.30022561673113707
unstable_forward_to_section,-106.69670565263945,0.94499342645689,-0.3002360330005892
unstable_forward_to_section,-106.53887028924797,0.9449898658150053,-0.30024653809376106
unstable_forward_to_section,-106.38103492585648,0.9449862746959107,-0.30025713277379273
unstable_forward_to_section,-106.22319956246503,0.9449826528358094,-0.300267817810476
unstable_forward_to_section,-106.06536419907354,0.9449789999685713,-0.300278593980317
unstable_forward_to_section,-105.90752883568206,0.9449753158257117,-0.30028946206659574
unstable_forward_to_section,-105.74969347229057,0.9449716001363694,-0.3003004228594265
unstable_forward_to_section,-105.59185810889909,0.9449678526272847,-0.3003114771558192
unstable_forward_to_section,-105.43402274550763,0.9449640730227775,-0.3003226257597423
unstable_forward_to_section,-105.27618738211615,0.9449602610447251,-0.3003338694821847
unstable_forward_to_section,-105.11835201872466,0.9449564164125389,-0.30034520914121804
unstable_forward_to_section,-104.96051665533318,0.9449525388431427,-0.30035664556206226
unstable_forward_to_section,-104.8026812919417,0.9449486280509486,-0.3003681795771484
unstable_forward_to_section,-104.64484592855024,0.9449446837478346,-0.300379812026184
unstable_forward_to_section,-104.48701056515876,0.9449407056431204,-0.30039154375621907
unstable_forward_to_section,-104.32917520176727,0.9449366934435443,-0.30040337562171177
unstable_forward_to_section,-104.17133983837579,0.9449326468532387,-0.30041530848459574
unstable_forward_to_section,-104.0135044749843,0.9449285655737067,-0.30042734321434705
unstable_forward_to_section,-103.85566911159285,0.9449244493037967,-0.3004394806880522
unstable_forward_to_section,-103.69783374820136,0.9449202977396782,-0.30045172179047785
unstable_forward_to_section,-103.53999838480988,0.9449161105748172,-0.30046406741413945
unstable_forward_to_section,-103.38216302141839,0.9449118874999503,-0.30047651845937107
unstable_forward_to_section,-103.22432765802691,0.9449076282030595,-0.30048907583439677
unstable_forward_to_section,-103.06649229463545,0.9449033323693473,-0.30050174045540134
unstable_forward_to_section,-102.90865693124397,0.9448989996812096,-0.300514513246604
unstable_forward_to_section,-102.75082156785248,0.94489462981821,-0.30052739514032906
unstable_forward_to_section,-102.592986204461,0.9448902224570537,-0.3005403870770803
unstable_forward_to_section,-102.43515084106954,0.9448857772715599,-0.30055349000561626
unstable_forward_to_section,-102.27731547767806,0.9448812939326355,-0.30056670488302334
unstable_forward_to_section,-102.11948011428657,0.9448767721082479,-0.30058003267479283
unstable_forward_to_section,-101.96164475089509,0.9448722114633966,-0.30059347435489636
unstable_forward_to_section,-101.8038093875036,0.9448676116600861,-0.30060703090586355
unstable_forward_to_section,-101.64597402411215,0.9448629723572977,-0.3006207033188601
unstable_forward_to_section,-101.48813866072067,0.9448582932109607,-0.3006344925937658
unstable_forward_to_section,-101.33030329732918,0.9448535738739243,-0.30064839973925384
unstable_forward_to_section,-101.1724679339377,0.9448488139959278,-0.30066242577287167
unstable_forward_to_section,-101.01463257054621,0.9448440132235721,-0.3006765717211212
unstable_forward_to_section,-100.85679720715476,0.9448391712002895,-0.30069083861954166
unstable_forward_to_section,-100.69896184376327,0.9448342875663144,-0.3007052275127904
unstable_forward_to_section,-100.54112648037179,0.9448293619586523,-0.30071973945472724
unstable_forward_to_section,-100.3832911169803,0.9448243940110503,-0.3007343755084987
unstable_forward_to_section,-100.22545575358882,0.9448193833539654,-0.30074913674662274
unstable_forward_to_section,-100.06762039019736,0.9448143296145337,-0.3007640242510736
unstable_forward_to_section,-99.90978502680588,0.9448092324165389,-0.30077903911337045
unstable_forward_to_section,-99.7519496634144,0.9448040913803806,-0.3007941824346632
unstable_forward_to_section,-99.59411430002291,0.9447989061230418,-0.3008094553258211
unstable_forward_to_section,-99.43627893663145,0.9447936762580574,-0.3008248589075218
unstable_forward_to_section,-99.27844357323997,0.9447884013954799,-0.3008403943103425
unstable_forward_to_section,-99.12060820984848,0.9447830811418478,-0.30085606267484943
unstable_forward_to_section,-98.962772846457,0.944777715100151,-0.3008718651516907
unstable_forward_to_section,-98.80493748306552,0.9447723028697975,-0.3008878029016881
unstable_forward_to_section,-98.64710211967406,0.9447668440465794,-0.3009038770959322
unstable_forward_to_section,-98.48926675628257,0.9447613382226376,-0.3009200889158752
unstable_forward_to_section,-98.33143139289109,0.9447557849864279,-0.300936439553428
unstable_forward_to_section,-98.1735960294996,0.9447501839226846,-0.3009529302110553
unstable_forward_to_section,-98.01576066610812,0.9447445346123862,-0.300969562101874
unstable_forward_to_section,-97.85792530271667,0.944738836632718,-0.30098633644975115
unstable_forward_to_section,-97.70008993932518,0.9447330895570366,-0.3010032544894028
unstable_forward_to_section,-97.5422545759337,0.9447272929548334,-0.30102031746649627
unstable_forward_to_section,-97.38441921254221,0.9447214463916961,-0.30103752663774924
unstable_forward_to_section,-97.22658384915073,0.9447155494292725,-0.30105488327103297
unstable_forward_to_section,-97.06874848575927,0.9447096016252322,-0.30107238864547514
unstable_forward_to_section,-96.91091312236779,0.9447036025332275,-0.30109004405156586
unstable_forward_to_section,-96.7530777589763,0.9446975517028555,-0.30110785079126157
unstable_forward_to_section,-96.59524239558482,0.9446914486796187,-0.30112581017809187
unstable_forward_to_section,-96.43740703219333,0.9446852930048855,-0.3011439235372675
unstable_forward_to_section,-96.27957166880188,0.9446790842158495,-0.3011621922057885
unstable_forward_to_section,-96.1217363054104,0.94467282184549,-0.3011806175325539
unstable_forward_to_section,-95.96390094201891,0.9446665054225306,-0.30119920087847313
unstable_forward_to_section,-95.80606557862743,0.944660134471398,-0.30121794361657767
unstable_forward_to_section,-95.64823021523597,0.9446537085121801,-0.30123684713213394
unstable_forward_to_section,-95.49039485184448,0.9446472270605843,-0.3012559128227575
unstable_forward_to_section,-95.332559488453,0.944640689627894,-0.3012751420985289
unstable_forward_to_section,-95.17472412506152,0.9446340957209262,-0.3012945363821096
unstable_forward_to_section,-95.01688876167003,0.9446274448419876,-0.3013140971088603
unstable_forward_to_section,-94.85905339827858,0.9446207364888305,-0.30133382572695944
unstable_forward_to_section,-94.70121803488709,0.9446139701546085,-0.3013537236975231
unstable_forward_to_section,-94.5433826714956,0.9446071453278313,-0.3013737924947283
unstable_forward_to_section,-94.38554730810412,0.9446002614923191,-0.3013940336059313
unstable_forward_to_section,-94.22771194471264,0.9445933181271571,-0.3014144485317958
unstable_forward_to_section,-94.06987658132118,0.9445863147066481,-0.30143503878641603
unstable_forward_to_section,-93.9120412179297,0.9445792507002663,-0.3014558058974432
unstable_forward_to_section,-93.75420585453821,0.9445721255726095,-0.3014767514062139
unstable_forward_to_section,-93.59637049114673,0.9445649387833508,-0.30149787686787805
unstable_forward_to_section,-93.43853512775524,0.9445576897871905,-0.30151918385152926
unstable_forward_to_section,-93.28069976436379,0.9445503780338065,-0.30154067394033796
unstable_forward_to_section,-93.1228644009723,0.9445430029678049,-0.30156234873168214
unstable_forward_to_section,-92.96502903758082,0.9445355640286701,-0.3015842098372838
unstable_forward_to_section,-92.80719367418934,0.9445280606507134,-0.3016062588833432
unstable_forward_to_section,-92.64935831079785,0.9445204922630219,-0.3016284975106772
unstable_forward_to_section,-92.4915229474064,0.9445128582894072,-0.301650927374856
unstable_forward_to_section,-92.33368758401491,0.944505158148352,-0.3016735501463454
unstable_forward_to_section,-92.17585222062343,0.9444973912529577,-0.3016963675106468
unstable_forward_to_section,-92.01801685723194,0.9444895570108907,-0.30171938116844044
unstable_forward_to_section,-91.86018149384049,0.9444816548243277,-0.3017425928357296
unstable_forward_to_section,-91.702346130449,0.9444736840899015,-0.3017660042439867
unstable_forward_to_section,-91.54451076705752,0.9444656441986451,-0.30178961714030167
unstable_forward_to_section,-91.38667540366603,0.944457534535936,-0.3018134332875288
unstable_forward_to_section,-91.22884004027455,0.9444493544814387,-0.30183745446443944
unstable_forward_to_section,-91.07100467688309,0.9444411034090486,-0.3018616824658721
unstable_forward_to_section,-90.91316931349161,0.9444327806868331,-0.30188611910288765
unstable_forward_to_section,-90.75533395010012,0.944424385676973,-0.3019107662029244
unstable_forward_to_section,-90.59749858670864,0.9444159177357031,-0.3019356256099544
unstable_forward_to_section,-90.43966322331715,0.9444073762132533,-0.3019606991846428
unstable_forward_to_section,-90.2818278599257,0.9443987604537866,-0.30198598880450717
unstable_forward_to_section,-90.12399249653421,0.944390069795338,-0.3020114963640805
unstable_forward_to_section,-89.96615713314273,0.9443813035697531,-0.3020372237750739
unstable_forward_to_section,-89.80832176975125,0.944372461102625,-0.3020631729665427
unstable_forward_to_section,-89.65048640635976,0.9443635417132304,-0.3020893458850536
unstable_forward_to_section,-89.4926510429683,0.9443545447144662,-0.3021157444948531
unstable_forward_to_section,-89.33481567957682,0.9443454694127836,-0.30214237077803857
unstable_forward_to_section,-89.17698031618534,0.9443363151081233,-0.3021692267347307
unstable_forward_to_section,-89.01914495279385,0.9443270810938484,-0.302196314383248
unstable_forward_to_section,-88.8613095894024,0.9443177666566777,-0.30222363576028344
unstable_forward_to_section,-88.70347422601091,0.9443083710766172,-0.3022511929210811
unstable_forward_to_section,-88.54563886261943,0.9442988936268918,-0.3022789879396185
unstable_forward_to_section,-88.38780349922794,0.9442893335738753,-0.30230702290878686
unstable_forward_to_section,-88.22996813583646,0.9442796901770203,-0.30233529994057495
unstable_forward_to_section,-88.072132772445,0.9442699626887869,-0.30236382116625693
unstable_forward_to_section,-87.91429740905352,0.9442601503545707,-0.30239258873657715
unstable_forward_to_section,-87.75646204566203,0.9442502524126295,-0.30242160482194386
unstable_forward_to_section,-87.59862668227055,0.9442402680940105,-0.3024508716126184
unstable_forward_to_section,-87.44079131887906,0.9442301966224749,-0.30248039131890986
unstable_forward_to_section,-87.28295595548761,0.9442200372144223,-0.3025101661713725
unstable_forward_to_section,-87.12512059209612,0.9442097890788151,-0.3025401984210024
unstable_forward_to_section,-86.96728522870464,0.9441994514171009,-0.3025704903394392
unstable_forward_to_section,-86.80944986531316,0.9441890234231339,-0.3026010442191688
unstable_forward_to_section,-86.65161450192167,0.9441785042830964,-0.30263186237372697
unstable_forward_to_section,-86.49377913853021,0.9441678931754179,-0.302662947137908
unstable_forward_to_section,-86.33594377513873,0.9441571892706956,-0.3026943008679736
unstable_forward_to_section,-86.17810841174725,0.9441463917316106,-0.302725925941864
unstable_forward_to_section,-86.02027304835576,0.9441354997128465,-0.3027578247594127
unstable_forward_to_section,-85.86243768496428,0.9441245123610044,-0.3027899997425631
unstable_forward_to_section,-85.70460232157282,0.9441134288145185,-0.30282245333558644
unstable_forward_to_section,-85.54676695818134,0.94410224820357,-0.302855188005304
unstable_forward_to_section,-85.38893159478985,0.9440909696500002,-0.30288820624130924
unstable_forward_to_section,-85.23109623139837,0.944079592267222,-0.30292151055619587
unstable_forward_to_section,-85.07326086800691,0.9440681151601318,-0.3029551034857854
unstable_forward_to_section,-84.91542550461543,0.9440565374250178,-0.3029889875893582
unstable_forward_to_section,-84.75759014122394,0.9440448581494701,-0.3030231654498883
unstable_forward_to_section,-84.59975477783246,0.9440330764122877,-0.3030576396742783
unstable_forward_to_section,-84.44191941444097,0.9440211912833848,-0.30309241289359967
unstable_forward_to_section,-84.28408405104952,0.9440092018236966,-0.3031274877633339
unstable_forward_to_section,-84.12624868765803,0.943997107085083,-0.3031628669636174
unstable_forward_to_section,-83.96841332426655,0.9439849061102321,-0.3031985531994876
unstable_forward_to_section,-83.81057796087507,0.9439725979325614,-0.303234549201134
unstable_forward_to_section,-83.65274259748358,0.943960181576119,-0.3032708577241508
unstable_forward_to_section,-83.49490723409212,0.9439476560554828,-0.3033074815497921
unstable_forward_to_section,-83.33707187070064,0.9439350203756582,-0.3033444234852307
unstable_forward_to_section,-83.17923650730916,0.9439222735319758,-0.3033816863638201
unstable_forward_to_section,-83.02140114391767,0.9439094145099858,-0.30341927304535793
unstable_forward_to_section,-82.86356578052619,0.9438964422853537,-0.3034571864163538
unstable_forward_to_section,-82.70573041713473,0.9438833558237523,-0.30349542939030033
unstable_forward_to_section,-82.54789505374325,0.9438701540807535,-0.3035340049079454
unstable_forward_to_section,-82.39005969035176,0.9438568360017189,-0.3035729159375712
unstable_forward_to_section,-82.23222432696028,0.9438434005216884,-0.30361216547527253
unstable_forward_to_section,-82.07438896356882,0.9438298465652676,-0.3036517565452396
unstable_forward_to_section,-81.91655360017734,0.9438161730465144,-0.3036916922000447
unstable_forward_to_section,-81.75871823678585,0.9438023788688233,-0.3037319755209334
unstable_forward_to_section,-81.60088287339437,0.9437884629248087,-0.30377260961811536
unstable_forward_to_section,-81.44304751000288,0.9437744240961861,-0.30381359763106247
unstable_forward_to_section,-81.28521214661143,0.9437602612536533,-0.3038549427288077
unstable_forward_to_section,-81.12737678321994,0.9437459732567683,-0.3038966481102491
unstable_forward_to_section,-80.96954141982846,0.9437315589538269,-0.3039387170044567
unstable_forward_to_section,-80.81170605643698,0.9437170171817377,-0.30398115267098164
unstable_forward_to_section,-80.65387069304549,0.9437023467658968,-0.3040239584001725
unstable_forward_to_section,-80.49603532965403,0.9436875465200596,-0.30406713751349124
unstable_forward_to_section,-80.33819996626255,0.9436726152462117,-0.3041106933638361
unstable_forward_to_section,-80.18036460287107,0.9436575517344382,-0.3041546293358655
unstable_forward_to_section,-80.02252923947958,0.9436423547627903,-0.3041989488463285
unstable_forward_to_section,-79.8646938760881,0.9436270230971521,-0.30424365534439707
unstable_forward_to_section,-79.70685851269664,0.9436115554911032,-0.3042887523120031
unstable_forward_to_section,-79.54902314930516,0.9435959506857818,-0.3043342432641794
unstable_forward_to_section,-79.39118778591367,0.9435802074097447,-0.3043801317494043
unstable_forward_to_section,-79.23335242252219,0.9435643243788255,-0.3044264213499519
unstable_forward_to_section,-79.0755170591307,0.9435483002959918,-0.30447311568224467
unstable_forward_to_section,-78.91768169573925,0.9435321338511994,-0.3045202183972104
unstable_forward_to_section,-78.75984633234776,0.9435158237212455,-0.3045677331806444
unstable_forward_to_section,-78.60201096895628,0.9434993685696197,-0.304615663753576
unstable_forward_to_section,-78.4441756055648,0.9434827670463526,-0.3046640138726386
unstable_forward_to_section,-78.28634024217334,0.9434660177878629,-0.30471278733044405
unstable_forward_to_section,-78.12850487878185,0.9434491194168022,-0.30476198795596393
unstable_forward_to_section,-77.97066951539037,0.9434320705418983,-0.3048116196149113
unstable_forward_to_section,-77.81283415199889,0.9434148697577951,-0.3048616862101314
unstable_forward_to_section,-77.6549987886074,0.943397515644892,-0.304912191681994
unstable_forward_to_section,-77.49716342521594,0.9433800067691803,-0.3049631400087919
unstable_forward_to_section,-77.33932806182446,0.9433623416820767,-0.30501453520714444
unstable_forward_to_section,-77.18149269843298,0.9433445189202561,-0.3050663813324042
unstable_forward_to_section,-77.02365733504149,0.943326537005481,-0.3051186824790715
unstable_forward_to_section,-76.86582197165,0.9433083944444293,-0.30517144278121167
unstable_forward_to_section,-76.70798660825855,0.943290089728519,-0.30522466641287876
unstable_forward_to_section,-76.55015124486707,0.9432716213337311,-0.3052783575885434
unstable_forward_to_section,-76.39231588147558,0.94325298772043,-0.30533252056352633
unstable_forward_to_section,-76.2344805180841,0.9432341873331814,-0.30538715963443847
unstable_forward_to_section,-76.07664515469261,0.9432152186005678,-0.3054422791396246
unstable_forward_to_section,-75.91880979130116,0.9431960799350005,-0.30549788345961376
unstable_forward_to_section,-75.76097442790967,0.9431767697325315,-0.30555397701757464
unstable_forward_to_section,-75.60313906451819,0.9431572863726596,-0.3056105642797767
unstable_forward_to_section,-75.4453037011267,0.9431376282181361,-0.3056676497560582
unstable_forward_to_section,-75.28746833773522,0.9431177936147674,-0.3057252380002981
unstable_forward_to_section,-75.12963297434376,0.943097780891214,-0.30578333361089527
unstable_forward_to_section,-74.97179761095228,0.9430775883587875,-0.3058419412312537
unstable_forward_to_section,-74.8139622475608,0.9430572143112448,-0.30590106555027297
unstable_forward_to_section,-74.65612688416931,0.9430366570245786,-0.3059607113028462
unstable_forward_to_section,-74.49829152077785,0.9430159147568064,-0.3060208832703624
unstable_forward_to_section,-74.34045615738637,0.9429949857477546,-0.3060815862812184
unstable_forward_to_section,-74.18262079399489,0.9429738682188419,-0.3061428252113327
unstable_forward_to_section,-74.0247854306034,0.942952560372857,-0.3062046049846705
unstable_forward_to_section,-73.86695006721192,0.9429310603937358,-0.30626693057377213
unstable_forward_to_section,-73.70911470382046,0.9429093664463333,-0.3063298070002899
unstable_forward_to_section,-73.55127934042898,0.9428874766761937,-0.3063932393355315
unstable_forward_to_section,-73.39344397703749,0.9428653892093163,-0.3064572327010112
unstable_forward_to_section,-73.23560861364601,0.9428431021519186,-0.306521792269005
unstable_forward_to_section,-73.07777325025452,0.9428206135901958,-0.3065869232631181
unstable_forward_to_section,-72.91993788686307,0.9427979215900768,-0.306652630958853
unstable_forward_to_section,-72.76210252347158,0.9427750241969772,-0.3067189206841939
unstable_forward_to_section,-72.6042671600801,0.9427519194355475,-0.30678579782018894
unstable_forward_to_section,-72.44643179668861,0.9427286053094193,-0.30685326780154765
unstable_forward_to_section,-72.28859643329713,0.9427050798009463,-0.3069213361172416
unstable_forward_to_section,-72.13076106990567,0.942681340870943,-0.30699000831111584
unstable_forward_to_section,-71.97292570651419,0.9426573864584178,-0.307059289982506
unstable_forward_to_section,-71.8150903431227,0.9426332144803043,-0.30712918678686574
unstable_forward_to_section,-71.65725497973122,0.9426088228311871,-0.3071997044364004
unstable_forward_to_section,-71.49941961633976,0.9425842093830236,-0.30727084870071036
unstable_forward_to_section,-71.34158425294828,0.9425593719848632,-0.3073426254074428
unstable_forward_to_section,-71.1837488895568,0.9425343084625605,-0.3074150404429512
unstable_forward_to_section,-71.02591352616531,0.9425090166184856,-0.30748809975296526
unstable_forward_to_section,-70.86807816277383,0.9424834942312293,-0.30756180934326804
unstable_forward_to_section,-70.71024279938237,0.9424577390553044,-0.30763617528038295
unstable_forward_to_section,-70.55240743599089,0.9424317488208424,-0.30771120369226984
unstable_forward_to_section,-70.3945720725994,0.9424055212332852,-0.30778690076903137
unstable_forward_to_section,-70.23673670920792,0.9423790539730736,-0.30786327276362635
unstable_forward_to_section,-70.07890134581643,0.9423523446953294,-0.3079403259925965
unstable_forward_to_section,-69.92106598242498,0.9423253910295334,-0.30801806683679916
unstable_forward_to_section,-69.7632306190335,0.9422981905791993,-0.3080965017421519
unstable_forward_to_section,-69.60539525564201,0.9422707409215413,-0.3081756372203887
unstable_forward_to_section,-69.44755989225052,0.9422430396071375,-0.30825547984982293
unstable_forward_to_section,-69.28972452885904,0.9422150841595889,-0.30833603627612344
unstable_forward_to_section,-69.13188916546758,0.9421868720751708,-0.30841731321310006
unstable_forward_to_section,-68.9740538020761,0.9421584008224819,-0.30849931744350084
unstable_forward_to_section,-68.81621843868461,0.9421296678420855,-0.30858205581982
unstable_forward_to_section,-68.65838307529313,0.9421006705461467,-0.30866553526511487
unstable_forward_to_section,-68.50054771190165,0.9420714063180636,-0.3087497627738383
unstable_forward_to_section,-68.34271234851019,0.9420418725120927,-0.30883474541267886
unstable_forward_to_section,-68.1848769851187,0.9420120664529684,-0.30892049032141483
unstable_forward_to_section,-68.02704162172722,0.9419819854355169,-0.30900700471377895
unstable_forward_to_section,-67.86920625833574,0.9419516267242637,-0.3090942958783361
unstable_forward_to_section,-67.71137089494428,0.941920987553036,-0.30918237117937264
unstable_forward_to_section,-67.5535355315528,0.9418900651245571,-0.3092712380577975
unstable_forward_to_section,-67.39570016816131,0.9418588566100362,-0.3093609040320599
unstable_forward_to_section,-67.23786480476983,0.9418273591487505,-0.3094513766990729
unstable_forward_to_section,-67.08002944137834,0.9417955698476218,-0.30954266373515826
unstable_forward_to_section,-66.92219407798689,0.9417634857807854,-0.3096347728969969
unstable_forward_to_section,-66.7643587145954,0.9417311039891525,-0.30972771202259924
unstable_forward_to_section,-66.60652335120392,0.9416984214799662,-0.30982148903228496
unstable_forward_to_section,-66.44868798781243,0.9416654352263498,-0.30991611192967894
unstable_forward_to_section,-66.29085262442095,0.941632142166848,-0.310011588802722
unstable_forward_to_section,-66.1330172610295,0.9415985392049607,-0.3101079278246928
unstable_forward_to_section,-65.97518189763801,0.94156462320867,-0.3102051372552489
unstable_forward_to_section,-65.81734653424652,0.9415303910099581,-0.3103032254414801
unstable_forward_to_section,-65.65951117085504,0.9414958394043196,-0.3104022008189768
unstable_forward_to_section,-65.50167580746356,0.9414609651502635,-0.3105020719129152
unstable_forward_to_section,-65.3438404440721,0.9414257649688087,-0.31060284733915744
unstable_forward_to_section,-65.18600508068062,0.9413902355429714,-0.3107045358053689
unstable_forward_to_section,-65.02816971728913,0.9413543735172427,-0.3108071461121499
unstable_forward_to_section,-64.87033435389765,0.9413181754970593,-0.3109106871541856
unstable_forward_to_section,-64.71249899050616,0.9412816380482644,-0.31101516792141226
unstable_forward_to_section,-64.5546636271147,0.9412447576965601,-0.3111205975001998
unstable_forward_to_section,-64.39682826372322,0.9412075309269513,-0.3112269850745542
unstable_forward_to_section,-64.23899290033174,0.9411699541831795,-0.311334339927334
unstable_forward_to_section,-64.08115753694025,0.9411320238671472,-0.31144267144149
unstable_forward_to_section,-63.9233221735488,0.9410937363383345,-0.31155198910131626
unstable_forward_to_section,-63.76548681015731,0.9410550879132028,-0.3116623024937281
unstable_forward_to_section,-63.60765144676583,0.9410160748645922,-0.3117736213095524
unstable_forward_to_section,-63.449816083374344,0.9409766934211053,-0.31188595534484015
unstable_forward_to_section,-63.29198071998286,0.940936939766484,-0.3119993145021992
unstable_forward_to_section,-63.134145356591404,0.9408968100389724,-0.3121137087921455
unstable_forward_to_section,-62.97630999319992,0.940856300330672,-0.3122291483344766
unstable_forward_to_section,-62.818474629808435,0.9408154066868839,-0.31234564335966375
unstable_forward_to_section,-62.66063926641695,0.9407741251054409,-0.3124632042102666
unstable_forward_to_section,-62.502803903025466,0.9407324515360275,-0.3125818413423698
unstable_forward_to_section,-62.34496853963401,0.9406903818794891,-0.31270156532703985
unstable_forward_to_section,-62.187133176242526,0.9406479119871285,-0.3128223868518065
unstable_forward_to_section,-62.02929781285104,0.940605037659991,-0.31294431672216505
unstable_forward_to_section,-61.87146244945956,0.940561754648137,-0.31306736586310235
unstable_forward_to_section,-61.71362708606807,0.9405180586499016,-0.313191545320646
unstable_forward_to_section,-61.55579172267662,0.9404739453111419,-0.31331686626343935
unstable_forward_to_section,-61.39795635928513,0.9404294102244714,-0.31344333998433804
unstable_forward_to_section,-61.24012099589365,0.94038444892848,-0.313570977902034
unstable_forward_to_section,-61.08228563250216,0.9403390569069422,-0.31369979156270206
unstable_forward_to_section,-60.92445026911071,0.9402932295880086,-0.31382979264167676
unstable_forward_to_section,-60.76661490571922,0.9402469623433868,-0.313960992945149
unstable_forward_to_section,-60.60877954232774,0.9402002504875049,-0.31409340441189626
unstable_forward_to_section,-60.450944178936254,0.9401530892766614,-0.31422703911503436
unstable_forward_to_section,-60.29310881554477,0.9401054739081603,-0.3143619092638011
unstable_forward_to_section,-60.135273452153314,0.9400573995194305,-0.31449802720536585
unstable_forward_to_section,-59.97743808876183,0.9400088611871286,-0.3146354054266678
unstable_forward_to_section,-59.819602725370345,0.9399598539262282,-0.3147740565562859
unstable_forward_to_section,-59.66176736197886,0.9399103726890897,-0.31491399336633563
unstable_forward_to_section,-59.503931998587376,0.9398604123645159,-0.3150552287743982
unstable_forward_to_section,-59.34609663519592,0.939809967776789,-0.3151977758454802
unstable_forward_to_section,-59.188261271804436,0.9397590336846915,-0.3153416477940048
unstable_forward_to_section,-59.03042590841295,0.939707604780508,-0.3154868579858344
unstable_forward_to_section,-58.87259054502147,0.9396556756890098,-0.3156334199403278
unstable_forward_to_section,-58.71475518162998,0.9396032409664208,-0.31578134733242974
unstable_forward_to_section,-58.556919818238526,0.9395502950993644,-0.3159306539947941
unstable_forward_to_section,-58.39908445484704,0.9394968325037909,-0.316081353919942
unstable_forward_to_section,-58.24124909145556,0.9394428475238857,-0.3162334612624564
unstable_forward_to_section,-58.08341372806407,0.9393883344309567,-0.31638699034121237
unstable_forward_to_section,-57.92557836467259,0.9393332874223015,-0.31654195564164184
unstable_forward_to_section,-57.76774300128113,0.9392777006200539,-0.31669837181803817
unstable_forward_to_section,-57.60990763788965,0.9392215680700085,-0.3168562536959004
unstable_forward_to_section,-57.452072274498164,0.939164883740423,-0.31701561627431213
unstable_forward_to_section,-57.29423691110668,0.9391076415207991,-0.3171764747283628
unstable_forward_to_section,-57.136401547715224,0.9390498352206397,-0.3173388444116093
unstable_forward_to_section,-56.97856618432374,0.9389914585681832,-0.3175027408585793
unstable_forward_to_section,-56.820730820932255,0.9389325052091133,-0.31766817978731493
unstable_forward_to_section,-56.66289545754077,0.9388729687052452,-0.3178351771019606
unstable_forward_to_section,-56.505060094149286,0.938812842533186,-0.3180037488953942
unstable_forward_to_section,-56.34722473075783,0.9387521200829705,-0.3181739114519038
unstable_forward_to_section,-56.189389367366346,0.9386907946566697,-0.318345681249908
unstable_forward_to_section,-56.03155400397486,0.9386288594669743,-0.31851907496472415
unstable_forward_to_section,-55.87371864058338,0.938566307635749,-0.3186941094713842
unstable_forward_to_section,-55.71588327719189,0.9385031321925609,-0.3188708018474974
unstable_forward_to_section,-55.558047913800436,0.938439326073178,-0.3190491693761636
unstable_forward_to_section,-55.40021255040895,0.9383748821180394,-0.3192292295489357
unstable_forward_to_section,-55.24237718701747,0.9383097930706951,-0.31941100006883466
unstable_forward_to_section,-55.08454182362598,0.938244051576216,-0.319594498853415
unstable_forward_to_section,-54.9267064602345,0.9381776501795726,-0.3197797440378858
unstable_forward_to_section,-54.76887109684304,0.9381105813239812,-0.31996675397828483
unstable_forward_to_section,-54.61103573345156,0.9380428373492189,-0.32015554725470746
unstable_forward_to_section,-54.453200370060074,0.9379744104899043,-0.32034614267459544
unstable_forward_to_section,-54.29536500666859,0.9379052928737441,-0.320538559276079
unstable_forward_to_section,-54.137529643277105,0.9378354765197452,-0.3207328163313821
unstable_forward_to_section,-53.97969427988565,0.9377649533363918,-0.3209289333502859
unstable_forward_to_section,-53.821858916494165,0.9376937151197844,-0.3211269300836541
unstable_forward_to_section,-53.66402355310268,0.937621753551743,-0.32132682652702105
unstable_forward_to_section,-53.506188189711196,0.9375490601978721,-0.32152864292424427
unstable_forward_to_section,-53.34835282631974,0.9374756265055851,-0.3217323997712223
unstable_forward_to_section,-53.190517462928256,0.9374014438020909,-0.32193811781967896
unstable_forward_to_section,-53.03268209953677,0.9373265032923374,-0.3221458180810165
unstable_forward_to_section,-52.87484673614529,0.9372507960569154,-0.322355521830238
unstable_forward_to_section,-52.7170113727538,0.9371743130499178,-0.3225672506099416
unstable_forward_to_section,-52.559176009362346,0.9370970450967561,-0.3227810262343855
unstable_forward_to_section,-52.40134064597086,0.937018982891931,-0.3229968707936309
unstable_forward_to_section,-52.24350528257938,0.9369401169967583,-0.32321480665775426
unstable_forward_to_section,-52.08566991918789,0.9368604378370468,-0.32343485648114556
unstable_forward_to_section,-51.92783455579641,0.9367799357007279,-0.32365704320687755
unstable_forward_to_section,-51.76999919240495,0.9366986007354371,-0.3238813900711619
unstable_forward_to_section,-51.61216382901347,0.9366164229460432,-0.32410792060788285
unstable_forward_to_section,-51.454328465621984,0.9365333921921275,-0.32433665865321876
unstable_forward_to_section,-51.2964931022305,0.9364494981854086,-0.3245676283503484
unstable_forward_to_section,-51.138657738839015,0.936364730487114,-0.32480085415424553
unstable_forward_to_section,-50.98082237544756,0.9362790785052955,-0.32503636083656184
unstable_forward_to_section,-50.822987012056075,0.9361925314920874,-0.3252741734906043
unstable_forward_to_section,-50.66515164866459,0.9361050785409074,-0.32551431753640503
unstable_forward_to_section,-50.507316285273106,0.9360167085835966,-0.32575681872588713
unstable_forward_to_section,-50.34948092188165,0.9359274103874985,-0.32600170314812826
unstable_forward_to_section,-50.191645558490166,0.9358371725524761,-0.32624899723472495
unstable_forward_to_section,-50.03381019509868,0.9357459835078633,-0.32649872776525946
unstable_forward_to_section,-49.8759748317072,0.9356538315093514,-0.3267509218728718
unstable_forward_to_section,-49.71813946831571,0.9355607046358078,-0.32700560704993703
unstable_forward_to_section,-49.560304104924256,0.9354665907860247,-0.3272628111538541
unstable_forward_to_section,-49.40246874153277,0.9353714776753981,-0.32752256241294436
unstable_forward_to_section,-49.24463337814129,0.9352753528325327,-0.32778488943246814
unstable_forward_to_section,-49.0867980147498,0.9351782035957735,-0.3280498212007543
unstable_forward_to_section,-48.92896265135832,0.9350800171096593,-0.32831738709545216
unstable_forward_to_section,-48.77112728796686,0.9349807803212989,-0.3285876168899038
unstable_forward_to_section,-48.61329192457538,0.9348804799766668,-0.32886054075964494
unstable_forward_to_section,-48.455456561183894,0.9347791026168154,-0.32913618928902894
unstable_forward_to_section,-48.29762119779241,0.9346766345740036,-0.32941459347798613
unstable_forward_to_section,-48.139785834400925,0.9345730619677383,-0.3296957847489153
unstable_forward_to_section,-47.98195047100947,0.9344683707007257,-0.32997979495371277
unstable_forward_to_section,-47.824115107617985,0.9343625464547334,-0.3302666563809413
unstable_forward_to_section,-47.6662797442265,0.9342555746863563,-0.33055640176314155
unstable_forward_to_section,-47.508444380835016,0.9341474406226883,-0.3308490642842931
unstable_forward_to_section,-47.35060901744353,0.9340381292568939,-0.3311446775874241
unstable_forward_to_section,-47.192773654052075,0.9339276253436793,-0.33144327578237404
unstable_forward_to_section,-47.03493829066059,0.9338159133946586,-0.3317448934537156
unstable_forward_to_section,-46.87710292726911,0.9337029776736142,-0.33204956566883587
unstable_forward_to_section,-46.71926756387762,0.9335888021916472,-0.33235732798618456
unstable_forward_to_section,-46.561432200486166,0.933473370702215,-0.33266821646368977
unstable_forward_to_section,-46.40359683709468,0.9333566666960538,-0.3329822676673466
unstable_forward_to_section,-46.2457614737032,0.9332386733959822,-0.3332995186799824
unstable_forward_to_section,-46.08792611031171,0.9331193737515833,-0.33362000711020584
unstable_forward_to_section,-45.93009074692023,0.9329987504337615,-0.3339437711015378
unstable_forward_to_section,-45.77225538352877,0.9328767858291707,-0.3342708493417344
unstable_forward_to_section,-45.61442002013729,0.9327534620345106,-0.3346012810723061
unstable_forward_to_section,-45.456584656745804,0.9326287608506879,-0.33493510609823157
unstable_forward_to_section,-45.29874929335432,0.9325026637768377,-0.33527236479788214
unstable_forward_to_section,-45.140913929962835,0.9323751520042014,-0.33561309813314893
unstable_forward_to_section,-44.98307856657138,0.9322462064098591,-0.3359573476597891
unstable_forward_to_section,-44.825243203179895,0.9321158075503089,-0.3363051555379903
unstable_forward_to_section,-44.66740783978841,0.9319839356548926,-0.3366565645431579
unstable_forward_to_section,-44.509572476396926,0.9318505706190608,-0.3370116180769366
unstable_forward_to_section,-44.35173711300544,0.9317156919974745,-0.3373703601784649
unstable_forward_to_section,-44.193901749613985,0.9315792789969373,-0.3377328355358732
unstable_forward_to_section,-44.0360663862225,0.9314413104691552,-0.3380990894980304
unstable_forward_to_section,-43.87823102283102,0.9313017649033176,-0.33846916808654404
unstable_forward_to_section,-43.72039565943953,0.9311606204184946,-0.33884311800802125
unstable_forward_to_section,-43.56256029604805,0.9310178547558462,-0.3392209866665975
unstable_forward_to_section,-43.40472493265659,0.9308734452706378,-0.33960282217673826
unstable_forward_to_section,-43.24688956926511,0.9307273689240556,-0.3399886733763232
unstable_forward_to_section,-43.08905420587362,0.9305796022748174,-0.34037858984001784
unstable_forward_to_section,-42.93121884248214,0.9304301214705719,-0.34077262189293867
unstable_forward_to_section,-42.77338347909068,0.9302789022390813,-0.34117082062462556
unstable_forward_to_section,-42.6155481156992,0.9301259198791791,-0.34157323790332106
unstable_forward_to_section,-42.457712752307714,0.9299711492515004,-0.3419799263905697
unstable_forward_to_section,-42.29987738891623,0.9298145647689721,-0.3423909395561453
unstable_forward_to_section,-42.142042025524745,0.9296561403870628,-0.34280633169331176
unstable_forward_to_section,-41.98420666213329,0.9294958495937794,-0.3432261579344302
unstable_forward_to_section,-41.826371298741805,0.9293336653994068,-0.343650474266918
unstable_forward_to_section,-41.66853593535032,0.929169560325981,-0.3440793375495692
unstable_forward_to_section,-41.510700571958836,0.9290035063964889,-0.3445128055292496
unstable_forward_to_section,-41.35286520856735,0.9288354751237855,-0.3449509368579713
unstable_forward_to_section,-41.195029845175895,0.9286654374992217,-0.3453937911103593
unstable_forward_to_section,-41.03719448178441,0.9284933639809714,-0.3458414288015211
unstable_forward_to_section,-40.87935911839293,0.9283192244820518,-0.3462939114053279
unstable_forward_to_section,-40.72152375500144,0.9281429883580261,-0.3467513013731214
unstable_forward_to_section,-40.56368839160996,0.9279646243943775,-0.347213662152853
unstable_forward_to_section,-40.4058530282185,0.9277841007935481,-0.34768105820867307
unstable_forward_to_section,-40.24801766482702,0.9276013851616288,-0.3481535550409769
unstable_forward_to_section,-40.09018230143553,0.9274164444946916,-0.3486312192069233
unstable_forward_to_section,-39.93234693804405,0.927229245164753,-0.3491141183414338
unstable_forward_to_section,-39.77451157465259,0.9270397529053559,-0.34960232117869633
unstable_forward_to_section,-39.61667621126111,0.9268479327967597,-0.3500958975741708
unstable_forward_to_section,-39.458840847869624,0.9266537492507255,-0.35059491852712626
unstable_forward_to_section,-39.30100548447814,0.9264571659948838,-0.35109945620371413
unstable_forward_to_section,-39.143170121086655,0.9262581460566718,-0.351609583960596
unstable_forward_to_section,-38.9853347576952,0.9260566517468262,-0.35212537636914065
unstable_forward_to_section,-38.827499394303715,0.9258526446424186,-0.3526469092402071
unstable_forward_to_section,-38.66966403091223,0.9256460855694171,-0.35317425964952776
unstable_forward_to_section,-38.511828667520746,0.9254369345847612,-0.35370750596371064
unstable_forward_to_section,-38.35399330412926,0.9252251509579323,-0.3542467278668768
unstable_forward_to_section,-38.196157940737805,0.9250106931520052,-0.3547920063879513
unstable_forward_to_section,-38.03832257734632,0.9247935188041625,-0.35534342392862645
unstable_forward_to_section,-37.88048721395484,0.9245735847056556,-0.3559010642920152
unstable_forward_to_section,-37.72265185056335,0.924350846781195,-0.3564650127120148
unstable_forward_to_section,-37.56481648717187,0.9241252600677468,-0.35703535588340235
unstable_forward_to_section,-37.40698112378041,0.9238967786927237,-0.3576121819926801
unstable_forward_to_section,-37.24914576038893,0.9236653558515425,-0.3581955807496961
unstable_forward_to_section,-37.09131039699744,0.9234309437845327,-0.3587856434200579
unstable_forward_to_section,-36.93347503360596,0.9231934937531725,-0.35938246285836667
unstable_forward_to_section,-36.775639670214474,0.9229529560156295,-0.35998613354229164
unstable_forward_to_section,-36.61780430682302,0.9227092798015845,-0.3605967516075118
unstable_forward_to_section,-36.459968943431534,0.9224624132863121,-0.36121441488355
unstable_forward_to_section,-36.30213358004005,0.9222123035639953,-0.36183922293052245
unstable_forward_to_section,-36.144298216648565,0.921958896620247,-0.36247127707683674
unstable_forward_to_section,-35.98646285325711,0.9217021373038109,-0.36311068045785927
unstable_forward_to_section,-35.828627489865625,0.9214419692974153,-0.3637575380555846
unstable_forward_to_section,-35.67079212647414,0.9211783350877498,-0.364411956739337
unstable_forward_to_section,-35.512956763082656,0.9209111759345358,-0.3650740453075329
unstable_forward_to_section,-35.35512139969117,0.920640431838657,-0.3657439145305359
unstable_forward_to_section,-35.197286036299715,0.920366041509321,-0.366421677194639
unstable_forward_to_section,-35.03945067290823,0.9200879423302157,-0.36710744814720586
unstable_forward_to_section,-34.88161530951675,0.9198060703246258,-0.3678013443430075
unstable_forward_to_section,-34.72377994612526,0.919520360119474,-0.3685034848917888
unstable_forward_to_section,-34.56594458273378,0.9192307449082475,-0.36921399110710496
unstable_forward_to_section,-34.40810921934232,0.9189371564127726,-0.36993298655646295
unstable_forward_to_section,-34.25027385595084,0.9186395248437937,-0.37066059711281035
unstable_forward_to_section,-34.09243849255935,0.9183377788603164,-0.3713969510074134
unstable_forward_to_section,-33.93460312916787,0.9180318455276701,-0.37214217888416085
unstable_forward_to_section,-33.776767765776384,0.9177216502742429,-0.37289641385535205
unstable_forward_to_section,-33.61893240238493,0.9174071168468423,-0.3736597915589927
unstable_forward_to_section,-33.461097038993444,0.917088167264631,-0.37443245021766786
unstable_forward_to_section,-33.30326167560196,0.9167647217715874,-0.37521453069902727
unstable_forward_to_section,-33.145426312210475,0.9164366987874344,-0.3760061765779378
unstable_forward_to_section,-32.98759094881899,0.9161040148569833,-0.37680753420035235
unstable_forward_to_section,-32.829755585427534,0.9157665845978329,-0.37761875274895673
unstable_forward_to_section,-32.67192022203605,0.9154243206463625,-0.37843998431063935
unstable_forward_to_section,-32.514084858644566,0.9150771336019569,-0.37927138394585064
unstable_forward_to_section,-32.35624949525308,0.9147249319693972,-0.3801131097599079
unstable_forward_to_section,-32.198414131861625,0.9143676220993473,-0.3809653229763075
unstable_forward_to_section,-32.04057876847014,0.9140051081268671,-0.38182818801210977
unstable_forward_to_section,-31.882743405078656,0.9136372919078752,-0.38270187255546295
unstable_forward_to_section,-31.724908041687172,0.9132640729534871,-0.3835865476453312
unstable_forward_to_section,-31.567072678295688,0.9128853483621426,-0.3844823877535038
unstable_forward_to_section,-31.40923731490423,0.9125010127494448,-0.38538957086895315
unstable_forward_to_section,-31.251401951512747,0.912110958175616,-0.3863082785846236
unstable_forward_to_section,-31.093566588121263,0.9117150740704852,-0.3872386961867203
unstable_forward_to_section,-30.93573122472978,0.9113132471559069,-0.3881810127465937
unstable_forward_to_section,-30.777895861338294,0.9109053613655133,-0.3891354212152902
unstable_forward_to_section,-30.620060497946838,0.9104912977616968,-0.39010211852086524
unstable_forward_to_section,-30.462225134555354,0.9100709344497123,-0.39108130566854593
unstable_forward_to_section,-30.30438977116387,0.9096441464887893,-0.3920731878438379
unstable_forward_to_section,-30.146554407772385,0.9092108058001311,-0.3930779745186716
unstable_forward_to_section,-29.9887190443809,0.9087707810716822,-0.3940958795606938
unstable_forward_to_section,-29.830883680989444,0.9083239376595329,-0.3951271213458004
unstable_forward_to_section,-29.67304831759796,0.9078701374858271,-0.39617192287402675
unstable_forward_to_section,-29.515212954206476,0.9074092389330336,-0.39723051188889946
unstable_forward_to_section,-29.35737759081499,0.9069410967344331,-0.39830312100037324
unstable_forward_to_section,-29.199542227423535,0.9064655618606691,-0.39938998781146345
unstable_forward_to_section,-29.04170686403205,0.9059824814022014,-0.4004913550487099
unstable_forward_to_section,-28.883871500640566,0.9054916984474976,-0.40160747069658786
unstable_forward_to_section,-28.726036137249082,0.9049930519567839,-0.40273858813600905
unstable_forward_to_section,-28.568200773857598,0.9044863766311766,-0.40388496628704496
unstable_forward_to_section,-28.41036541046614,0.9039715027770009,-0.40504686975601967
unstable_forward_to_section,-28.252530047074657,0.903448256165098,-0.4062245689871167
unstable_forward_to_section,-28.094694683683144,0.9029164578849133,-0.4074183404186518
unstable_forward_to_section,-27.936859320291717,0.9023759241931449,-0.4086284666441732
unstable_forward_to_section,-27.779023956900232,0.9018264663567254,-0.4098552365785581
unstable_forward_to_section,-27.621188593508748,0.9012678904898989,-0.41109894562926097
unstable_forward_to_section,-27.463353230117264,0.9006999973851418,-0.4123598958729036
unstable_forward_to_section,-27.30551786672578,0.9001225823376667,-0.41363839623738613
unstable_forward_to_section,-27.147682503334295,0.8995354349632352,-0.41493476268970103
unstable_forward_to_section,-26.98984713994281,0.8989383390089926,-0.41624931842965335
unstable_forward_to_section,-26.832011776551326,0.8983310721570265,-0.41758239408968423
unstable_forward_to_section,-26.67417641315984,0.8977134058203321,-0.41893432794100777
unstable_forward_to_section,-26.516341049768414,0.8970851049308572,-0.4203054661062798
unstable_forward_to_section,-26.35850568637693,0.8964459277192816,-0.42169616277902044
unstable_forward_to_section,-26.200670322985445,0.8957956254861698,-0.42310678045001693
unstable_forward_to_section,-26.04283495959396,0.8951339423641199,-0.42453769014095805
unstable_forward_to_section,-25.884999596202476,0.8944606150705097,-0.4259892716455331
unstable_forward_to_section,-25.727164232810992,0.8937753726504271,-0.4274619137782616
unstable_forward_to_section,-25.569328869419508,0.8930779362093488,-0.4289560146313123
unstable_forward_to_section,-25.411493506028023,0.892368018635111,-0.4304719818395844
unstable_forward_to_section,-25.25365814263654,0.8916453243086924,-0.43201023285433254
unstable_forward_to_section,-25.095822779245054,0.8909095488033105,-0.4335711952256295
unstable_forward_to_section,-24.937987415853627,0.8901603785713036,-0.4351553068939578
unstable_forward_to_section,-24.780152052462142,0.8893974906182455,-0.4367630164912481
unstable_forward_to_section,-24.622316689070658,0.8886205521637194,-0.4383947836516742
unstable_forward_to_section,-24.464481325679174,0.887829220288139,-0.4400510793325389
unstable_forward_to_section,-24.30664596228769,0.8870231415649827,-0.4417323861455825
unstable_forward_to_section,-24.148810598896205,0.8862019516777739,-0.44343919869906456
unstable_forward_to_section,-23.99097523550472,0.8853652750211053,-0.445172023950972
unstable_forward_to_section,-23.833139872113236,0.8845127242849745,-0.4469313815737217
unstable_forward_to_section,-23.67530450872175,0.8836439000216568,-0.44871780433073116
unstable_forward_to_section,-23.517469145330324,0.8827583901943097,-0.4505318384652424
unstable_forward_to_section,-23.35963378193884,0.881855769706455,-0.4523740441017948
unstable_forward_to_section,-23.201798418547355,0.8809355999114544,-0.4542449956607431
unstable_forward_to_section,-23.04396305515587,0.8799974281010363,-0.45614528228623974
unstable_forward_to_section,-22.886127691764386,0.8790407869718964,-0.4580755082880954
unstable_forward_to_section,-22.728292328372902,0.8780651940693415,-0.46003629359794446
unstable_forward_to_section,-22.570456964981418,0.8770701512068958,-0.4620282742401502
unstable_forward_to_section,-22.412621601589933,0.8760551438607341,-0.46405210281788717
unstable_forward_to_section,-22.25478623819845,0.8750196405377532,-0.46610844901484555
unstable_forward_to_section,-22.096950874806964,0.8739630921160306,-0.46819800011300516
unstable_forward_to_section,-21.939115511415537,0.8728849311563628,-0.4703214615269264
unstable_forward_to_section,-21.781280148024052,0.8717845711835027,-0.4724795573550188
unstable_forward_to_section,-21.623444784632568,0.8706614059356624,-0.4746730309482176
unstable_forward_to_section,-21.465609421241084,0.8695148085807576,-0.476902645496537
unstable_forward_to_section,-21.3077740578496,0.8683441308978149,-0.47916918463392555
unstable_forward_to_section,-21.149938694458115,0.8671487024218744,-0.48147345306186234
unstable_forward_to_section,-20.99210333106663,0.8659278295506432,-0.4838162771921117
unstable_forward_to_section,-20.834267967675146,0.864680794611072,-0.4861985058090443
unstable_forward_to_section,-20.67643260428366,0.8634068548839382,-0.48862101075190767
unstable_forward_to_section,-20.518597240892234,0.8621052415844288,-0.4910846876174053
unstable_forward_to_section,-20.36076187750075,0.8607751587966189,-0.49359045648292343
unstable_forward_to_section,-20.202926514109265,0.8594157823596513,-0.4961392626506847
unstable_forward_to_section,-20.04509115071778,0.858026258703306,-0.49873207741309533
unstable_forward_to_section,-19.887255787326296,0.8566057036305597,-0.5013698988394787
unstable_forward_to_section,-19.729420423934812,0.8551532010446132,-0.504053752584334
unstable_forward_to_section,-19.571585060543327,0.8536678016177589,-0.5067846927171921
unstable_forward_to_section,-19.413749697151843,0.8521485213993422,-0.5095638025740543
unstable_forward_to_section,-19.25591433376036,0.8505943403599517,-0.5123921956303077
unstable_forward_to_section,-19.098078970368874,0.8490042008688543,-0.5152710163948968
unstable_forward_to_section,-18.940243606977447,0.847377006101562,-0.5182014413254095
unstable_forward_to_section,-18.782408243585962,0.8457116183742933,-0.5211846797635958
unstable_forward_to_section,-18.624572880194478,0.8440068574019755,-0.5242219748906456
unstable_forward_to_section,-18.466737516802993,0.8422614984762803,-0.5273146047014045
unstable_forward_to_section,-18.30890215341151,0.8404742705600878,-0.5304638829964534
unstable_forward_to_section,-18.151066790020025,0.8386438542946232,-0.5336711603907462
unstable_forward_to_section,-17.99323142662854,0.8367688799154013,-0.5369378253372242
unstable_forward_to_section,-17.835396063237056,0.8348479250729832,-0.5402653051634955
unstable_forward_to_section,-17.67756069984557,0.8328795125544389,-0.5436550671193163
unstable_forward_to_section,-17.519725336454087,0.8308621079012998,-0.5471086194321987
unstable_forward_to_section,-17.36188997306266,0.8287941169196859,-0.5506275123679991
unstable_forward_to_section,-17.204054609671175,0.8266738830782003,-0.5542133392928333
unstable_forward_to_section,-17.04621924627969,0.8244996847891263,-0.5578677377320356
unstable_forward_to_section,-16.888383882888206,0.822269732568383,-0.5615923904212557
unstable_forward_to_section,-16.730548519496722,0.8199821660696884,-0.5653890263439827
unstable_forward_to_section,-16.572713156105237,0.8176350509883583,-0.5692594217489463
unstable_forward_to_section,-16.414877792713753,0.8152263758302022,-0.5732054011398762
unstable_forward_to_section,-16.25704242932227,0.8127540485410416,-0.5772288382289943
unstable_forward_to_section,-16.099207065930784,0.8102158929924861,-0.5813316568443859
unstable_forward_to_section,-15.941371702539357,0.8076096453197656,-0.5855158317799787
unstable_forward_to_section,-15.783536339147872,0.8049329501076405,-0.5897833895753112
unstable_forward_to_section,-15.625700975756388,0.8021833564207216,-0.5941364092104275
unstable_forward_to_section,-15.467865612364903,0.7993583136748872,-0.5985770226992927
unstable_forward_to_section,-15.310030248973419,0.7964551673469928,-0.6031074155627677
unstable_forward_to_section,-15.152194885581935,0.793471154520642,-0.607729827159654
unstable_forward_to_section,-14.99435952219045,0.7904033992665129,-0.6124465508513767
unstable_forward_to_section,-14.836524158798966,0.7872489078566081,-0.6172599339725813
unstable_forward_to_section,-14.678688795407481,0.784004563812829,-0.6221723775761837
unstable_forward_to_section,-14.520853432015997,0.7806671227915204,-0.6271863359171806
unstable_forward_to_section,-14.36301806862457,0.7772332073070813,-0.6323043156347357
unstable_forward_to_section,-14.205182705233085,0.7736993012994527,-0.6375288745866281
unstable_forward_to_section,-14.0473473418416,0.7700617445523115,-0.6428626202839556
unstable_forward_to_section,-13.889511978450116,0.7663167269710921,-0.6483082078670267
unstable_forward_to_section,-13.731676615058632,0.7624602827327008,-0.6538683375553768
unstable_forward_to_section,-13.573841251667147,0.7584882843218799,-0.6595457514958042
unstable_forward_to_section,-13.416005888275663,0.7543964364727881,-0.6653432299220102
unstable_forward_to_section,-13.258170524884179,0.7501802700384871,-0.671263586527667
unstable_forward_to_section,-13.100335161492694,0.7458351358157538,-0.6773096629413147
unstable_forward_to_section,-12.942499798101267,0.7413561983580427,-0.6834843221761463
unstable_forward_to_section,-12.784664434709782,0.7367384298155637,-0.6897904409101908
unstable_forward_to_section,-12.626829071318298,0.7319766038484677,-0.6962309004322151
unstable_forward_to_section,-12.468993707926813,0.7270652896670113,-0.7028085760656252
unstable_forward_to_section,-12.311158344535329,0.7219988462615887,-0.7095263248559455
unstable_forward_to_section,-12.153322981143845,0.716771416895616,-0.7163869712768128
unstable_forward_to_section,-11.99548761775236,0.7113769239456497,-0.7233932906739621
unstable_forward_to_section,-11.837652254360876,0.7058090641859176,-0.7305479901255915
unstable_forward_to_section,-11.679816890969391,0.7000613046287717,-0.7378536863498287
unstable_forward_to_section,-11.521981527577907,0.694126879048588,-0.7453128802344785
unstable_forward_to_section,-11.36414616418648,0.6879987853344929,-0.7529279274994015
unstable_forward_to_section,-11.206310800794995,0.6816697838371241,-0.7607010049259397
unstable_forward_to_section,-11.04847543740351,0.6751323968966876,-0.7686340714984796
unstable_forward_to_section,-10.890640074012026,0.6683789097638271,-0.7767288236980482
unstable_forward_to_section,-10.732804710620542,0.6614013731517336,-0.7849866440630616
unstable_forward_to_section,-10.574969347229057,0.6541916076873996,-0.7934085419841909
unstable_forward_to_section,-10.417133983837573,0.6467412105623132,-0.8019950855233076
unstable_forward_to_section,-10.259298620446089,0.6390415647183288,-0.8107463228342126
unstable_forward_to_section,-10.101463257054604,0.6310838509431494,-0.8196616915070332
unstable_forward_to_section,-9.943627893663177,0.6228590632920484,-0.8287399138483155
unstable_forward_to_section,-9.785792530271692,0.6143580282983893,-0.8379788757315685
unstable_forward_to_section,-9.627957166880208,0.6055714284856062,-0.847375486191019
unstable_forward_to_section,-9.470121803488723,0.596489830747785,-0.8569255143626409
unstable_forward_to_section,-9.312286440097239,0.5871037202258226,-0.8666233996718165
unstable_forward_to_section,-9.154451076705755,0.5774035403718389,-0.876462030288873
unstable_forward_to_section,-8.99661571331427,0.5673797399676274,-0.8864324837721614
unstable_forward_to_section,-8.838780349922786,0.5570228279452055,-0.8965237224274655
unstable_forward_to_section,-8.680944986531301,0.5463234369518422,-0.9067222341443297
unstable_forward_to_section,-8.523109623139817,0.5352723967123921,-0.9170116072061567
unstable_forward_to_section,-8.36527425974839,0.5238608183745108,-0.9273720246516705
unstable_forward_to_section,-8.207438896356905,0.5120801911863052,-0.9377796599724691
unstable_forward_to_section,-8.04960353296542,0.4999224930645958,-0.9482059509649965
unstable_forward_to_section,-7.891768169573936,0.48738031688430955,-0.9586167220003072
unstable_forward_to_section,-7.733932806182452,0.4744470146846498,-0.96897111625061
unstable_forward_to_section,-7.576097442790967,0.46111686248707034,-0.9792202876999522
unstable_forward_to_section,-7.418262079399483,0.4473852491160043,-0.9893057869030605
unstable_forward_to_section,-7.2604267160079985,0.4332488933974635,-0.9991575527692389
unstable_forward_to_section,-7.102591352616514,0.4187060955201262,-1.0086913927122108
unstable_forward_to_section,-6.94475598922503,0.4037570303845403,-1.0178057917700125
unstable_forward_to_section,-6.786920625833602,0.38840409375177243,-1.0263778325080946
unstable_forward_to_section,-6.629085262442118,0.3726523164142518,-1.0342579238293705
unstable_forward_to_section,-6.471249899050633,0.356509868197073,-1.0412629164102187
unstable_forward_to_section,-6.313414535659149,0.33998868353669764,-1.0471670074280979
unstable_forward_to_section,-6.1555791722676645,0.32310525556265784,-1.051689580193612
unstable_forward_to_section,-5.99774380887618,0.30588166908578845,-1.0544787435197194
unstable_forward_to_section,-5.839908445484696,0.2883469797079003,-1.0550887679896392
unstable_forward_to_section,-5.682073082093211,0.27053910479424736,-1.0529487683752843
unstable_forward_to_section,-5.524237718701727,0.2525074863646798,-1.0473187232369339
unstable_forward_to_section,-5.366402355310299,0.23431693970301923,-1.0372270988693846
unstable_forward_to_section,-5.208566991918815,0.21605335377135662,-1.0213818574064677
unstable_forward_to_section,-5.0507316285273305,0.19783232188314254,-0.9980437582958296
unstable_forward_to_section,-4.892896265135846,0.1798124371357923,-0.9648493209595618
unstable_forward_to_section,-4.735060901744362,0.1622159474288841,-0.9185769248750193
unstable_forward_to_section,-4.577225538352877,0.14536053911910235,-0.8548829291080506
unstable_forward_to_section,-4.419390174961393,0.12970591929750458,-0.7681482399414641
unstable_forward_to_section,-4.2615548115699085,0.1159127452238941,-0.6518784646341693
unstable_forward_to_section,-4.103719448178424,0.10488661303244713,-0.500663156259121
unstable_forward_to_section,-3.9458840847869396,0.09772190759734682,-0.31487856713621304
unstable_forward_to_section,-3.788048721395512,0.09541739404105622,-0.10658989623116796
unstable_forward_to_section,-3.6302133580040277,0.09840232919421832,0.10094602160242078
unstable_forward_to_section,-3.4723779946125433,0.1062797417308472,0.28479045553476096
unstable_forward_to_section,-3.314542631221059,0.11808723250566969,0.4334750093334
unstable_forward_to_section,-3.1567072678295744,0.1327642386220044,0.5470220891470793
unstable_forward_to_section,-2.99887190443809,0.14942880177049736,0.6309752834992708
unstable_forward_to_section,-2.8410365410466056,0.16743223747791552,0.6918240773947205
unstable_forward_to_section,-2.6832011776551212,0.1863174137399655,0.7351431181665751
unstable_forward_to_section,-2.525365814263637,0.20576262184672364,0.7652331856532273
unstable_forward_to_section,-2.3675304508722093,0.22553717537767834,0.7852855798957542
unstable_forward_to_section,-2.209695087480725,0.24547112900273277,0.7976461497972467
unstable_forward_to_section,-2.0518597240892404,0.2654356443784354,0.8040466155205115
unstable_forward_to_section,-1.894024360697756,0.28533041207364934,0.8057789282736451
unstable_forward_to_section,-1.7361889973062716,0.305075550407914,0.8038198228150113
unstable_forward_to_section,-1.5783536339147872,0.32460631421825803,0.7989182169286051
unstable_forward_to_section,-1.4205182705233028,0.3438695728876047,0.7916564302885741
unstable_forward_to_section,-1.2626829071318184,0.3628214124915443,0.782493321990098
unstable_forward_to_section,-1.104847543740334,0.3814254600864191,0.7717949866494036
unstable_forward_to_section,-0.9470121803488496,0.3996516771545144,0.7598568528547747
unstable_forward_to_section,-0.789176816957422,0.41747546118952894,0.7469197904939194
unstable_forward_to_section,-0.6313414535659376,0.43487695187288855,0.7331820000163561
unstable_forward_to_section,-0.4735060901744532,0.4518404747042548,0.7188078985897564
unstable_forward_to_section,-0.3156707267829688,0.46835407833860365,0.7039348435704957
unstable_forward_to_section,-0.1578353633914844,0.4844091370855233,0.6886782807101646
unstable_forward_to_section,0.0,0.5000000000000011,0.6731357321102214
section_forward_to_stable,0.0,0.4999999999999999,0.6731357321103646
section_forward_to_stable,0.12626051102995461,0.5121356380247795,0.6605525829326773
section_forward_to_stable,0.25252102205993765,0.5239718389892671,0.6478761690259792
section_forward_to_stable,0.37878153308989226,0.5355090564300344,0.6351386871549297
section_forward_to_stable,0.5050420441198469,0.5467485423283628,0.6223685147152874
section_forward_to_stable,0.6313025551498299,0.5576922687961442,0.6095906809707837
section_forward_to_stable,0.7575630661797845,0.5683428541775323,0.5968272688729663
section_forward_to_stable,0.8838235772097391,0.5787034933775609,0.5840977596516157
section_forward_to_stable,1.0100840882397222,0.5887778922871018,0.5714193299382623
section_forward_to_stable,1.1363445992696768,0.5985702062065146,0.5588071092850058
section_forward_to_stable,1.2626051102996314,0.6080849821855939,0.5462744044443081
section_forward_to_stable,1.388865621329586,0.6173271052006614,0.53383289559114
section_forward_to_stable,1.515126132359569,0.6263017480853265,0.5214928087269556
section_forward_to_stable,1.6413866433895237,0.635014325122418,0.5092630677527136
section_forward_to_stable,1.7676471544194783,0.6434704491933831,0.4971514290943444
section_forward_to_stable,1.8939076654494613,0.6516758923694593,0.4851646012775407
section_forward_to_stable,2.020168176479416,0.6596365498175151,0.47330835145470634
section_forward_to_stable,2.1464286875093705,0.667358406883192,0.4615876005665468
section_forward_to_stable,2.2726891985393536,0.6748475092053217,0.45000650855920754
section_forward_to_stable,2.398949709569308,0.6821099357089269,0.4385685508631361
section_forward_to_stable,2.525210220599263,0.6891517743193826,0.42727658716293837
section_forward_to_stable,2.651470731629246,0.6959791002374679,0.4161329233411116
section_forward_to_stable,2.7777312426592005,0.7025979566141339,0.4051393673566249
section_forward_to_stable,2.903991753689155,0.7090143374645271,0.39429727971750844
section_forward_to_stable,3.030252264719138,0.7152341726629677,0.38360761912115443
section_forward_to_stable,3.1565127757490927,0.7212633148641154,0.37307098376379355
section_forward_to_stable,3.2827732867790473,0.7271075282001093,0.3626876487594011
section_forward_to_stable,3.4090337978090304,0.7327724786088713,0.3524576000561733
section_forward_to_stable,3.535294308838985,0.7382637256549228,0.34238056519394916
section_forward_to_stable,3.6615548198689396,0.7435867157106971,0.332456041207491
section_forward_to_stable,3.787815330898894,0.7487467763732868,0.3226833199473186
section_forward_to_stable,3.9140758419288773,0.7537491119988174,0.3130615110607929
section_forward_to_stable,4.040336352958832,0.7585988002439122,0.3035895628509757
section_forward_to_stable,4.1665968639887865,0.7633007895110417,0.29426628120858433
section_forward_to_stable,4.2928573750187695,0.7678598972017269,0.2850903467929656
section_forward_to_stable,4.419117886048724,0.7722808086886429,0.27606033062072816
section_forward_to_stable,4.545378397078679,0.7765680769245028,0.26717470820539907
section_forward_to_stable,4.671638908108662,0.7807261226121442,0.2584318723779341
section_forward_to_stable,4.797899419138616,0.7847592348665496,0.24983014490571187
section_forward_to_stable,4.924159930168571,0.7886715723054923,0.24136778701678843
section_forward_to_stable,5.050420441198554,0.7924671645111101,0.23304300892646546
section_forward_to_stable,5.176680952228509,0.7961499138100253,0.22485397845441077
section_forward_to_stable,5.302941463258463,0.7997235973245894,0.21679882881264065
section_forward_to_stable,5.429201974288446,0.803191869252417,0.20887566563757545
section_forward_to_stable,5.555462485318401,0.8065582633356948,0.20108257333285218
section_forward_to_stable,5.6817229963483555,0.8098261954857056,0.1934176207837096
section_forward_to_stable,5.80798350737831,0.8129989665316522,0.18587886649848467
section_forward_to_stable,5.934244018408293,0.8160797650662484,0.17846436322785264
section_forward_to_stable,6.060504529438248,0.8190716703636085,0.17117216210809041
section_forward_to_stable,6.186765040468202,0.8219776553478003,0.16400031637058352
section_forward_to_stable,6.3130255514981855,0.8248005895929704,0.15694688465620346
section_forward_to_stable,6.43928606252814,0.8275432423383031,0.15000993396979867
section_forward_to_stable,6.565546573558095,0.8302082855031907,0.14318754230700445
section_forward_to_stable,6.691807084588078,0.8327982966898873,0.13647780098285114
section_forward_to_stable,6.818067595618032,0.8353157621626673,0.1298788166890587
section_forward_to_stable,6.944328106647987,0.8377630797940611,0.12338871330460335
section_forward_to_stable,7.07058861767797,0.8401425619701202,0.11700563348205947
section_forward_to_stable,7.196849128707925,0.8424564384479355,0.11072774003024395
section_forward_to_stable,7.323109639737879,0.8447068591597445,0.10455321711192547
section_forward_to_stable,7.449370150767862,0.8468958969589481,0.09848027127378052
section_forward_to_stable,7.575630661797817,0.8490255503042561,0.09250713232425578
section_forward_to_stable,7.7018911728277715,0.8510977458789667,0.08663205407364749
section_forward_to_stable,7.8281516838577545,0.8531143411430628,0.0808533149495061
section_forward_to_stable,7.954412194887709,0.855077126816435,0.07516921849930228
section_forward_to_stable,8.080672705917664,0.8569878292920762,0.06957809379125644
section_forward_to_stable,8.206933216947618,0.8588481129785462,0.06407829572331639
section_forward_to_stable,8.333193727977601,0.8606595825714367,0.05866820524936198
section_forward_to_stable,8.459454239007556,0.8624237852538971,0.05334622953095097
section_forward_to_stable,8.58571475003751,0.8641422128266121,0.048110802022157215
section_forward_to_stable,8.711975261067494,0.8658163037678585,0.042960382494439044
section_forward_to_stable,8.838235772097448,0.8674474452245087,0.03789345700781451
section_forward_to_stable,8.964496283127403,0.869036974935036,0.032908537834087564
section_forward_to_stable,9.090756794157386,0.8705861830857217,0.028004163337370006
section_forward_to_stable,9.21701730518734,0.8720963141014056,0.023178897816655917
section_forward_to_stable,9.343277816217295,0.8735685683722298,0.01843133131477897
section_forward_to_stable,9.469538327247278,0.8750041039178927,0.013760079397720018
section_forward_to_stable,9.595798838277233,0.8764040379910167,0.009163782907845856
section_forward_to_stable,9.722059349307187,0.877769448621272,0.004641107694334836
section_forward_to_stable,9.84831986033717,0.8791013761019296,0.00019074432377511356
section_forward_to_stable,9.974580371367125,0.8804008244205471,-0.004188592226384679
section_forward_to_stable,10.10084088239708,0.8816687626355018,-0.008498162889093738
section_forward_to_stable,10.227101393427063,0.8829061262000767,-0.012739204841437729
section_forward_to_stable,10.353361904457017,0.8841138182358118,-0.016912931848859263
section_forward_to_stable,10.479622415486972,0.8852927107568125,-0.021020534618053453
section_forward_to_stable,10.605882926516927,0.8864436458466878,-0.025063181156882428
section_forward_to_stable,10.73214343754691,0.8875674367897674,-0.029042017139839088
section_forward_to_stable,10.858403948576864,0.8886648691582197,-0.03295816627771542
section_forward_to_stable,10.984664459606819,0.8897367018566602,-0.03681273069028659
section_forward_to_stable,11.110924970636802,0.8907836681258008,-0.04060679128091212
section_forward_to_stable,11.237185481666756,0.8918064765066587,-0.044341408112089406
section_forward_to_stable,11.363445992696711,0.8928058117668062,-0.04801762078110146
section_forward_to_stable,11.489706503726694,0.8937823357900917,-0.05163644879496089
section_forward_to_stable,11.615967014756649,0.8947366884312346,-0.05519889194396621
section_forward_to_stable,11.742227525786603,0.8956694883366478,-0.05870593067326111
section_forward_to_stable,11.868488036816586,0.8965813337327989,-0.06215852645183417
section_forward_to_stable,11.994748547846541,0.897472803183381,-0.06555762213847931
section_forward_to_stable,12.121009058876496,0.8983444563165249,-0.06890414234430348
section_forward_to_stable,12.247269569906479,0.8991968345232357,-0.0721989937913867
section_forward_to_stable,12.373530080936433,0.9000304616282011,-0.07544306566728357
section_forward_to_stable,12.499790591966388,0.9008458445340787,-0.07863722997508296
section_forward_to_stable,12.626051102996371,0.9016434738403232,-0.08178234187877371
section_forward_to_stable,12.752311614026326,0.9024238244375834,-0.08487924004371565
section_forward_to_stable,12.87857212505628,0.9031873560786557,-0.0879287469720456
section_forward_to_stable,13.004832636086235,0.9039345139269435,-0.0909316693328604
section_forward_to_stable,13.131093147116218,0.9046657290833373,-0.09388879828706971
section_forward_to_stable,13.257353658146172,0.9053814190923952,-0.0968009098068134
section_forward_to_stable,13.383614169176127,0.9060819884286672,-0.09966876498938398
section_forward_to_stable,13.50987468020611,0.9067678289639738,-0.10249311036558363
section_forward_to_stable,13.636135191236065,0.9074393204164194,-0.10527467820249092
section_forward_to_stable,13.76239570226602,0.9080968307818872,-0.10801418680061593
section_forward_to_stable,13.888656213296002,0.9087407167487324,-0.11071234078543123
section_forward_to_stable,14.014916724325957,0.9093713240963626,-0.11336983139328867
section_forward_to_stable,14.141177235355912,0.9099889880783677,-0.11598733675174494
section_forward_to_stable,14.267437746385895,0.9105940337908289,-0.11856552215431257
section_forward_to_stable,14.39369825741585,0.9111867765264154,-0.12110504032967868
section_forward_to_stable,14.519958768445804,0.9117675221148535,-0.12360653170544272
section_forward_to_stable,14.646219279475787,0.9123365672503204,-0.12607062466641164
section_forward_to_stable,14.772479790505741,0.9128941998063036,-0.12849793580751603
section_forward_to_stable,14.898740301535696,0.9134406991384333,-0.130889070181417
section_forward_to_stable,15.025000812565679,0.9139763363757819,-0.13324462154085934
section_forward_to_stable,15.151261323595634,0.9145013747010982,-0.13556517257584777
section_forward_to_stable,15.277521834625588,0.915016069620431,-0.13785129514572897
section_forward_to_stable,15.403782345655543,0.9155206692225687,-0.1401035505062408
section_forward_to_stable,15.530042856685526,0.916015414428713,-0.1423224895316261
section_forward_to_stable,15.65630336771548,0.9165005392327785,-0.14450865293187956
section_forward_to_stable,15.782563878745435,0.9169762709327027,-0.14666257146522305
section_forward_to_stable,15.908824389775418,0.9174428303531245,-0.14878476614588707
section_forward_to_stable,16.035084900805373,0.9179004320597819,-0.1508757484472837
section_forward_to_stable,16.161345411835327,0.9183492845659635,-0.15293602050066588
section_forward_to_stable,16.28760592286531,0.9187895905313307,-0.15496607528935152
section_forward_to_stable,16.413866433895265,0.9192215469534153,-0.15696639683860222
section_forward_to_stable,16.54012694492522,0.9196453453520912,-0.15893746040124945
section_forward_to_stable,16.666387455955203,0.9200611719472936,-0.16087973263914335
section_forward_to_stable,16.792647966985157,0.920469207830259,-0.1627936718005226
section_forward_to_stable,16.918908478015112,0.9208696291285424,-0.16467972789338592
section_forward_to_stable,17.045168989045095,0.9212626071650576,-0.1665383428549484
section_forward_to_stable,17.17142950007505,0.9216483086113769,-0.16836995071726954
section_forward_to_stable,17.297690011105004,0.9220268956355182,-0.17017497776914076
section_forward_to_stable,17.423950522134987,0.9223985260444336,-0.1719538427143065
section_forward_to_stable,17.550211033164942,0.9227633534214092,-0.17370695682610476
section_forward_to_stable,17.676471544194897,0.923121527258575,-0.17543472409861152
section_forward_to_stable,17.80273205522485,0.9234731930847149,-0.17713754139435986
section_forward_to_stable,17.928992566254834,0.9238184925885597,-0.17881579858871713
section_forward_to_stable,18.05525307728479,0.9241575637377397,-0.1804698787109957
section_forward_to_stable,18.181513588314743,0.9244905408935629,-0.18210015808237603
section_forward_to_stable,18.307774099344726,0.9248175549217805,-0.1837070064507059
section_forward_to_stable,18.43403461037468,0.9251387332994949,-0.1852907871222603
section_forward_to_stable,18.560295121404636,0.9254542002183567,-0.18685185709052898
section_forward_to_stable,18.68655563243462,0.9257640766841937,-0.18839056716209732
section_forward_to_stable,18.812816143464573,0.9260684806132072,-0.18990726207969325
section_forward_to_stable,18.939076654494528,0.9263675269248666,-0.19140228064246995
section_forward_to_stable,19.06533716552451,0.9266613276316263,-0.19287595582358344
section_forward_to_stable,19.191597676554466,0.9269499919255868,-0.194328614885133
section_forward_to_stable,19.31785818758442,0.9272336262622132,-0.19576057949052972
section_forward_to_stable,19.444118698614403,0.9275123344412224,-0.19717216581434996
section_forward_to_stable,19.570379209644358,0.927786217684745,-0.19856368464973578
section_forward_to_stable,19.696639720674312,0.9280553747128636,-0.19993544151340528
section_forward_to_stable,19.822900231704295,0.9283199018166239,-0.20128773674832134
section_forward_to_stable,19.94916074273425,0.9285798929286145,-0.20262086562408577
section_forward_to_stable,20.075421253764205,0.9288354396912029,-0.20393511843510517
section_forward_to_stable,20.20168176479416,0.9290866315225154,-0.20523078059658673
section_forward_to_stable,20.327942275824142,0.9293335556802433,-0.20650813273841512
section_forward_to_stable,20.454202786854097,0.9295762973233549,-0.20776745079696032
section_forward_to_stable,20.58046329788405,0.9298149395717896,-0.20900900610487044
section_forward_to_stable,20.706723808914035,0.9300495635642082,-0.2102330654788929
section_forward_to_stable,20.83298431994399,0.9302802485138675,-0.21143989130577334
section_forward_to_stable,20.959244830973944,0.930507071762691,-0.21262974162628384
section_forward_to_stable,21.085505342003927,0.9307301088335962,-0.21380287021741617
section_forward_to_stable,21.21176585303388,0.9309494334811438,-0.21495952667279133
section_forward_to_stable,21.338026364063836,0.9311651177405681,-0.2160999564813271
section_forward_to_stable,21.46428687509382,0.9313772319752461,-0.2172244011042052
section_forward_to_stable,21.590547386123774,0.9315858449226608,-0.2183330980501742
section_forward_to_stable,21.71680789715373,0.9317910237389119,-0.21942628094923988
section_forward_to_stable,21.84306840818371,0.9319928340418256,-0.2205041796247682
section_forward_to_stable,21.969328919213666,0.932191339952712,-0.22156702016404836
section_forward_to_stable,22.09558943024362,0.9323866041368184,-0.2226150249873499
section_forward_to_stable,22.221849941273604,0.9325786878425233,-0.2236484129155095
section_forward_to_stable,22.34811045230356,0.9327676509393145,-0.2246673992360803
section_forward_to_stable,22.474370963333513,0.9329535519545954,-0.22567219576808664
section_forward_to_stable,22.600631474363468,0.9331364481093578,-0.22666301092540556
section_forward_to_stable,22.72689198539345,0.9333163953527616,-0.22764004977881805
section_forward_to_stable,22.853152496423405,0.9334934483956577,-0.22860351411675353
section_forward_to_stable,22.97941300745336,0.9336676607430925,-0.22955360250476756
section_forward_to_stable,23.105673518483343,0.933839084725826,-0.23049051034377124
section_forward_to_stable,23.231934029513297,0.9340077715308984,-0.23141442992705402
section_forward_to_stable,23.358194540543252,0.9341737712312785,-0.23232555049611966
section_forward_to_stable,23.484455051573235,0.9343371328146222,-0.23322405829536635
section_forward_to_stable,23.61071556260319,0.9344979042111733,-0.23411013662563818
section_forward_to_stable,23.736976073633144,0.9346561323208346,-0.23498396589667656
section_forward_to_stable,23.863236584663113,0.934811863039437,-0.23584572367848947
section_forward_to_stable,23.989497095693082,0.9349651412842329,-0.23669558475167676
section_forward_to_stable,24.115757606723037,0.9351160110186407,-0.23753372115672278
section_forward_to_stable,24.242018117753005,0.9352645152762639,-0.23836030224228877
section_forward_to_stable,24.368278628782974,0.9354106961842095,-0.23917549471252444
section_forward_to_stable,24.49453913981293,0.9355545949857289,-0.23997946267342324
section_forward_to_stable,24.620799650842898,0.9356962520622026,-0.24077236767824298
section_forward_to_stable,24.747060161872867,0.9358357069544911,-0.24155436877201203
section_forward_to_stable,24.87332067290282,0.9359729983836712,-0.24232562253514378
section_forward_to_stable,24.99958118393279,0.9361081642711796,-0.2430862831261799
section_forward_to_stable,25.12584169496276,0.9362412417583812,-0.24383650232368012
section_forward_to_stable,25.252102205992713,0.9363722672255819,-0.2445764295672811
section_forward_to_stable,25.378362717022682,0.9365012763105016,-0.24530621199794123
section_forward_to_stable,25.50462322805265,0.9366283039262284,-0.24602599449738924
section_forward_to_stable,25.630883739082606,0.9367533842786662,-0.2467359197267979
section_forward_to_stable,25.757144250112574,0.9368765508834948,-0.24743612816469773
section_forward_to_stable,25.88340476114253,0.9369978365826567,-0.24812675814414492
section_forward_to_stable,26.009665272172498,0.9371172735603864,-0.2488079458891697
section_forward_to_stable,26.135925783202453,0.9372348933587948,-0.2494798255505108
section_forward_to_stable,26.26218629423242,0.9373507268930247,-0.25014252924065705
section_forward_to_stable,26.38844680526239,0.9374648044659893,-0.25079618706821233
section_forward_to_stable,26.514707316292345,0.9375771557827084,-0.2514409271715962
section_forward_to_stable,26.640967827322314,0.9376878099642512,-0.25207687575209736
section_forward_to_stable,26.767228338352282,0.937796795561303,-0.25270415710629207
section_forward_to_stable,26.893488849382237,0.937904140567363,-0.25332289365784305
section_forward_to_stable,27.019749360412206,0.9380098724315867,-0.25393320598869323
section_forward_to_stable,27.146009871442175,0.9381140180712826,-0.25453521286966324
section_forward_to_stable,27.27227038247213,0.9382166038840754,-0.25512903129047276
section_forward_to_stable,27.398530893502098,0.9383176557597439,-0.2557147764891925
section_forward_to_stable,27.524791404532067,0.938417199091745,-0.25629256198114087
section_forward_to_stable,27.65105191556202,0.938515258788432,-0.2568624995872385
section_forward_to_stable,27.77731242659199,0.9386118592839772,-0.25742469946183044
section_forward_to_stable,27.90357293762196,0.9387070245490077,-0.2579792701199906
section_forward_to_stable,28.029833448651914,0.9388007781009626,-0.2585263184643152
section_forward_to_stable,28.156093959681883,0.9388931430141801,-0.2590659498112194
section_forward_to_stable,28.282354470711837,0.9389841419297219,-0.25959826791674784
section_forward_to_stable,28.408614981741806,0.939073797064944,-0.26012337500190735
section_forward_to_stable,28.53487549277176,0.9391621302228198,-0.2606413717775324
section_forward_to_stable,28.66113600380173,0.9392491628010246,-0.26115235746869697
section_forward_to_stable,28.7873965148317,0.939334915800786,-0.26165642983867604
section_forward_to_stable,28.913657025861653,0.9394194098355096,-0.26215368521247057
section_forward_to_stable,29.039917536891622,0.9395026651391856,-0.26264421849990566
section_forward_to_stable,29.16617804792159,0.9395847015745805,-0.263128123218307
section_forward_to_stable,29.292438558951545,0.9396655386412249,-0.2636054915147675
section_forward_to_stable,29.418699069981514,0.9397451954831981,-0.26407641418801425
section_forward_to_stable,29.544959581011483,0.9398236908967187,-0.26454098070987586
section_forward_to_stable,29.671220092041438,0.9399010433375456,-0.26499927924637146
section_forward_to_stable,29.797480603071406,0.939977270928195,-0.26545139667841644
section_forward_to_stable,29.923741114101375,0.9400523914649781,-0.2658974186221613
section_forward_to_stable,30.05000162513133,0.940126422424865,-0.26633742944896727
section_forward_to_stable,30.1762621361613,0.9401993809721807,-0.2667715123050272
section_forward_to_stable,30.302522647191267,0.940271283965136,-0.2671997491306395
section_forward_to_stable,30.428783158221222,0.9403421479621988,-0.2676222206791395
section_forward_to_stable,30.55504366925119,0.9404119892283108,-0.2680390065355005
section_forward_to_stable,30.681304180281145,0.9404808237409535,-0.26845018513460533
section_forward_to_stable,30.807564691311114,0.940548667196067,-0.26885583377919864
section_forward_to_stable,30.93382520234107,0.9406155350138269,-0.2692560286575245
section_forward_to_stable,31.060085713371038,0.9406814423442824,-0.2696508448606589
section_forward_to_stable,31.186346224401007,0.9407464040728595,-0.2700403563995375
section_forward_to_stable,31.31260673543096,0.9408104348257331,-0.2704246362216909
section_forward_to_stable,31.43886724646093,0.940873548975072,-0.27080375622768804
section_forward_to_stable,31.5651277574909,0.9409357606441596,-0.27117778728729836
section_forward_to_stable,31.691388268520853,0.9409970837123932,-0.2715467992553733
section_forward_to_stable,31.817648779550822,0.9410575318201672,-0.27191086098745715
section_forward_to_stable,31.94390929058079,0.9411171183736413,-0.2722700403551298
section_forward_to_stable,32.070169801610746,0.9411758565493978,-0.27262440426108625
section_forward_to_stable,32.196430312640715,0.94123375929899,-0.2729740186539616
section_forward_to_stable,32.32269082367068,0.9412908393533862,-0.27331894854290195
section_forward_to_stable,32.44895133470064,0.9413471092273109,-0.2736592580118895
section_forward_to_stable,32.57521184573061,0.941402581223486,-0.27399501023382433
section_forward_to_stable,32.701472356760576,0.9414572674367747,-0.27432626748437056
section_forward_to_stable,32.82773286779053,0.9415111797582314,-0.27465309115556646
section_forward_to_stable,32.953993378820485,0.941564329879059,-0.27497554176920846
section_forward_to_stable,33.08025388985047,0.9416167292944768,-0.2752936789900108
section_forward_to_stable,33.20651440088042,0.9416683893075003,-0.27560756163854333
section_forward_to_stable,33.33277491191038,0.9417193210326372,-0.2759172477039561
section_forward_to_stable,33.459035422940346,0.9417695353994994,-0.27622279435649116
section_forward_to_stable,33.585295933970315,0.9418190431563344,-0.2765242579597862
section_forward_to_stable,33.71155644500027,0.9418678548734788,-0.27682169408297475
section_forward_to_stable,33.83781695603024,0.941915980946734,-0.277115157512588
section_forward_to_stable,33.96407746706021,0.9419634316006685,-0.2774047022642589
section_forward_to_stable,34.09033797809016,0.942010216891846,-0.2776903815942342
section_forward_to_stable,34.21659848912013,0.942056346711984,-0.27797224801069775
section_forward_to_stable,34.3428590001501,0.9421018307910418,-0.2782503532849084
section_forward_to_stable,34.469119511180054,0.9421466787002423,-0.2785247484621559
section_forward_to_stable,34.59538002221002,0.9421908998550278,-0.2787954838725387
section_forward_to_stable,34.72164053323999,0.9422345035179511,-0.2790626091415662
section_forward_to_stable,34.847901044269946,0.9422774988015054,-0.2793261732005889
section_forward_to_stable,34.9741615552999,0.9423198946708914,-0.2795862242970603
section_forward_to_stable,35.100422066329884,0.9423616999467274,-0.2798428100046314
section_forward_to_stable,35.22668257735984,0.9424029233076996,-0.280095977233085
section_forward_to_stable,35.35294308838979,0.9424435732931566,-0.2803457722381074
section_forward_to_stable,35.479203599419776,0.9424836583056493,-0.28059224063090604
section_forward_to_stable,35.60546411044973,0.9425231866134156,-0.28083542738767076
section_forward_to_stable,35.731724621479685,0.942562166352815,-0.281075376858885
section_forward_to_stable,35.857985132509654,0.9426006055307091,-0.2813121327784881
section_forward_to_stable,35.98424564353962,0.9426385120267953,-0.2815457382728928
section_forward_to_stable,36.11050615456958,0.9426758935958888,-0.2817762358698566
section_forward_to_stable,36.236766665599546,0.9427127578701602,-0.28200366750721606
section_forward_to_stable,36.363027176629515,0.9427491123613235,-0.2822280745414806
section_forward_to_stable,36.48928768765947,0.9427849644627815,-0.28244949775629086
section_forward_to_stable,36.61554819868944,0.9428203214517255,-0.2826679773707448
section_forward_to_stable,36.74180870971941,0.9428551904911922,-0.2828835530475911
section_forward_to_stable,36.86806922074936,0.9428895786320786,-0.28309626390129566
section_forward_to_stable,36.99432973177933,0.9429234928151162,-0.2833061485059802
section_forward_to_stable,37.1205902428093,0.9429569398728044,-0.28351324490323787
section_forward_to_stable,37.246850753839254,0.9429899265313043,-0.2837175906098261
section_forward_to_stable,37.37311126486921,0.9430224594122959,-0.28391922262524016
section_forward_to_stable,37.49937177589919,0.9430545450347962,-0.2841181774391674
section_forward_to_stable,37.62563228692915,0.9430861898169417,-0.2843144910388283
section_forward_to_stable,37.7518927979591,0.9431174000777347,-0.2845081989162021
section_forward_to_stable,37.878153308989084,0.9431481820387556,-0.28469933607514003
section_forward_to_stable,38.00441382001904,0.9431785418258399,-0.2848879370383702
section_forward_to_stable,38.13067433104899,0.9432084854707234,-0.28507403585439345
section_forward_to_stable,38.25693484207896,0.9432380189126537,-0.28525766610427483
section_forward_to_stable,38.38319535310893,0.9432671479999704,-0.2854388609083272
section_forward_to_stable,38.509455864138886,0.9432958784916544,-0.2856176529326962
section_forward_to_stable,38.635716375168855,0.9433242160588473,-0.2857940743958426
section_forward_to_stable,38.76197688619882,0.9433521662863397,-0.285968157074925
section_forward_to_stable,38.88823739722878,0.943379734674032,-0.28613993231208723
section_forward_to_stable,39.01449790825875,0.9434069266383663,-0.2863094310206465
section_forward_to_stable,39.140758419288716,0.9434337475137309,-0.2864766836911921
section_forward_to_stable,39.26701893031867,0.943460202553837,-0.28664172039758756
section_forward_to_stable,39.39327944134864,0.9434862969330702,-0.28680457080288296
section_forward_to_stable,39.51953995237861,0.9435120357478144,-0.2869652641651394
section_forward_to_stable,39.64580046340856,0.9435374240177525,-0.2871238293431635
section_forward_to_stable,39.77206097443852,0.9435624666871406,-0.2872802948021557
section_forward_to_stable,39.8983214854685,0.9435871686260588,-0.2874346886192744
section_forward_to_stable,40.024581996498455,0.9436115346316382,-0.2875870384891157
section_forward_to_stable,40.15084250752841,0.9436355694292646,-0.28773737172911135
section_forward_to_stable,40.27710301855838,0.9436592776737606,-0.2878857152848449
section_forward_to_stable,40.40336352958835,0.943682663950543,-0.2880320957352895
section_forward_to_stable,40.5296240406183,0.9437057327767621,-0.2881765392979658
section_forward_to_stable,40.65588455164827,0.9437284886024163,-0.2883190718340248
section_forward_to_stable,40.78214506267824,0.9437509358114485,-0.288459718853254
section_forward_to_stable,40.908405573708194,0.9437730787228211,-0.28859850551900834
section_forward_to_stable,41.03466608473816,0.9437949215915711,-0.28873545665306855
section_forward_to_stable,41.16092659576813,0.9438164686098458,-0.2888705967404283
section_forward_to_stable,41.287187106798086,0.9438377239079201,-0.2890039499340082
section_forward_to_stable,41.413447617828055,0.9438586915551942,-0.2891355400593031
section_forward_to_stable,41.539708128858024,0.943879375561174,-0.2892653906189575
section_forward_to_stable,41.66596863988798,0.9438997798764326,-0.2893935247972755
section_forward_to_stable,41.79222915091795,0.9439199083935558,-0.2895199654646632
section_forward_to_stable,41.918489661947916,0.9439397649480687,-0.2896447351820074
section_forward_to_stable,42.04475017297787,0.9439593533193472,-0.28976785620498785
section_forward_to_stable,42.171010684007825,0.9439786772315121,-0.2898893504883272
section_forward_to_stable,42.29727119503781,0.943997740354307,-0.29000923968997894
section_forward_to_stable,42.42353170606776,0.9440165463039615,-0.2901275451752528
section_forward_to_stable,42.54979221709772,0.9440350986440383,-0.29024428802088215
section_forward_to_stable,42.67605272812769,0.944053400886265,-0.29035948901902964
section_forward_to_stable,42.802313239157655,0.9440714564913514,-0.29047316868123485
section_forward_to_stable,42.92857375018761,0.9440892688697926,-0.2905853472423069
section_forward_to_stable,43.05483426121758,0.9441068413826574,-0.29069604466415555
section_forward_to_stable,43.18109477224755,0.9441241773423632,-0.29080528063957156
section_forward_to_stable,43.3073552832775,0.9441412800134369,-0.29091307459594984
section_forward_to_stable,43.43361579430747,0.9441581526132632,-0.2910194456989587
section_forward_to_stable,43.55987630533744,0.9441747983128185,-0.2911244128561562
section_forward_to_stable,43.686136816367394,0.9441912202373937,-0.2912279947205536
section_forward_to_stable,43.81239732739736,0.9442074214673026,-0.2913302096941299
section_forward_to_stable,43.93865783842733,0.9442234050385804,-0.2914310759312911
section_forward_to_stable,44.06491834945729,0.9442391739436667,-0.2915306113422839
section_forward_to_stable,44.191178860487256,0.9442547311320807,-0.2916288335965582
section_forward_to_stable,44.317439371517224,0.9442700795110811,-0.2917257601260814
section_forward_to_stable,44.44369988254718,0.9442852219463176,-0.2918214081286053
section_forward_to_stable,44.569960393577134,0.9443001612624692,-0.29191579457088684
section_forward_to_stable,44.69622090460712,0.9443149002438728,-0.2920089361918598
section_forward_to_stable,44.82248141563707,0.9443294416351404,-0.292100849505766
section_forward_to_stable,44.948741926667026,0.9443437881417663,-0.2921915508052369
section_forward_to_stable,45.075002437696995,0.9443579424307238,-0.29228105616433453
section_forward_to_stable,45.20126294872696,0.9443719071310515,-0.29236938144154667
section_forward_to_stable,45.32752345975692,0.9443856848344304,-0.2924565422827404
section_forward_to_stable,45.45378397078689,0.9443992780957506,-0.29254255412407376
section_forward_to_stable,45.580044481816856,0.9444126894336691,-0.292627432194867
section_forward_to_stable,45.70630499284681,0.9444259213311573,-0.2927111915204286
section_forward_to_stable,45.83256550387678,0.9444389762360408,-0.29279384692484695
section_forward_to_stable,45.95882601490675,0.9444518565615287,-0.2928754130337386
section_forward_to_stable,46.0850865259367,0.9444645646867353,-0.2929559042769593
section_forward_to_stable,46.21134703696667,0.9444771029571923,-0.2930353348912749
section_forward_to_stable,46.33760754799664,0.9444894736853531,-0.29311371892299704
section_forward_to_stable,46.463868059026595,0.9445016791510877,-0.29319107023057844
section_forward_to_stable,46.590128570056564,0.944513721602172,-0.2932674024871746
section_forward_to_stable,46.71638908108653,0.9445256032547651,-0.29334272918316723
section_forward_to_stable,46.84264959211649,0.9445373262938828,-0.293417063628653
section_forward_to_stable,46.96891010314644,0.9445488928738606,-0.29349041895589667
section_forward_to_stable,47.095170614176425,0.9445603051188102,-0.2935628081217506
section_forward_to_stable,47.22143112520638,0.9445715651230687,-0.29363424391003967
section_forward_to_stable,47.347691636236334,0.94458267495164,-0.29370473893391225
section_forward_to_stable,47.4739521472663,0.9445936366406289,-0.2937743056381586
section_forward_to_stable,47.60021265829627,0.9446044521976695,-0.2938429563014976
section_forward_to_stable,47.726473169326226,0.9446151236023447,-0.2939107030388293
section_forward_to_stable,47.852733680356195,0.9446256528066006,-0.2939775578034586
section_forward_to_stable,47.978994191386164,0.9446360417351531,-0.2940435323892852
section_forward_to_stable,48.10525470241612,0.9446462922858889,-0.2941086384329656
section_forward_to_stable,48.23151521344609,0.9446564063302592,-0.2941728874160418
section_forward_to_stable,48.357775724476056,0.9446663857136677,-0.29423629066704315
section_forward_to_stable,48.48403623550601,0.9446762322558524,-0.2942988593635572
section_forward_to_stable,48.61029674653598,0.944685947751261,-0.29436060453427254
section_forward_to_stable,48.73655725756595,0.9446955339694205,-0.2944215370609916
section_forward_to_stable,48.8628177685959,0.9447049926553006,-0.29448166768061834
section_forward_to_stable,48.98907827962587,0.9447143255296722,-0.2945410069871157
section_forward_to_stable,49.11533879065584,0.9447235342894594,-0.2945995654334367
section_forward_to_stable,49.241599301685795,0.9447326206080866,-0.29465735333342874
section_forward_to_stable,49.36785981271575,0.9447415861358192,-0.2947143808637115
section_forward_to_stable,49.49412032374573,0.9447504325000998,-0.2947706580655299
section_forward_to_stable,49.62038083477569,0.9447591613058793,-0.29482619484657835
section_forward_to_stable,49.74664134580564,0.9447677741359417,-0.2948810009828025
section_forward_to_stable,49.87290185683561,0.944776272551225,-0.2949350861201759
section_forward_to_stable,49.99916236786558,0.9447846580911362,-0.29498845977645033
section_forward_to_stable,50.125422878895534,0.9447929322738622,-0.29504113134288407
section_forward_to_stable,50.2516833899255,0.9448010965966755,-0.29509311008594374
section_forward_to_stable,50.37794390095547,0.9448091525362347,-0.295144405148986
section_forward_to_stable,50.50420441198543,0.944817101548881,-0.295195025553912
section_forward_to_stable,50.630464923015396,0.9448249450709302,-0.2952449802028035
section_forward_to_stable,50.756725434045364,0.9448326845189595,-0.2952942778795325
section_forward_to_stable,50.88298594507532,0.9448403212900905,-0.2953429272513514
section_forward_to_stable,51.00924645610529,0.9448478567622676,-0.2953909368704591
section_forward_to_stable,51.13550696713526,0.9448552922945318,-0.29543831517554825
section_forward_to_stable,51.26176747816521,0.9448626292272917,-0.2954850704933282
section_forward_to_stable,51.38802798919518,0.944869868882588,-0.2955312110400294
section_forward_to_stable,51.51428850022515,0.9448770125643562,-0.2955767449228859
section_forward_to_stable,51.6405490112551,0.9448840615586842,-0.29562168014159795
section_forward_to_stable,51.76680952228506,0.9448910171340659,-0.29566602458977503
section_forward_to_stable,51.89307003331504,0.9448978805416516,-0.29570978605635717
section_forward_to_stable,52.019330544344996,0.9449046530154938,-0.2957529722270196
section_forward_to_stable,52.14559105537495,0.9449113357727901,-0.2957955906855563
section_forward_to_stable,52.27185156640492,0.9449179300141216,-0.2958376489152446
section_forward_to_stable,52.39811207743489,0.9449244369236887,-0.2958791543001924
section_forward_to_stable,52.52437258846484,0.9449308576695421,-0.2959201141266653
section_forward_to_stable,52.65063309949481,0.9449371934038117,-0.295960535584397
section_forward_to_stable,52.77689361052478,0.9449434452629304,-0.29600042576788094
section_forward_to_stable,52.903154121554735,0.9449496143678566,-0.2960397916776457
section_forward_to_stable,53.029414632584704,0.9449557018242917,-0.2960786402215102
section_forward_to_stable,53.15567514361467,0.9449617087228945,-0.29611697821582467
section_forward_to_stable,53.28193565464463,0.944967636139494,-0.2961548123866937
section_forward_to_stable,53.408196165674596,0.9449734851352963,-0.2961921493711817
section_forward_to_stable,53.534456676704565,0.9449792567570914,-0.296228995718504
section_forward_to_stable,53.66071718773452,0.9449849520374545,-0.29626535789119857
section_forward_to_stable,53.786977698764474,0.9449905719949458,-0.29630124226628596
section_forward_to_stable,53.91323820979446,0.9449961176343067,-0.29633665513640967
section_forward_to_stable,54.03949872082441,0.945001589946653,-0.29637160271096397
section_forward_to_stable,54.165759231854366,0.9450069899096656,-0.296406091117202
section_forward_to_stable,54.29201974288435,0.9450123184877786,-0.29644012640133693
section_forward_to_stable,54.418280253914304,0.9450175766323637,-0.2964737145296182
section_forward_to_stable,54.54454076494426,0.9450227652819132,-0.2965068613894011
section_forward_to_stable,54.67080127597423,0.9450278853622185,-0.2965395727901974
section_forward_to_stable,54.797061787004196,0.945032937786548,-0.2965718544647139
section_forward_to_stable,54.92332229803415,0.9450379234558209,-0.29660371206987624
section_forward_to_stable,55.04958280906412,0.9450428432587799,-0.29663515118783734
section_forward_to_stable,55.17584332009409,0.9450476980721585,-0.2966661773269753
section_forward_to_stable,55.30210383112404,0.9450524887608502,-0.2966967959228758
section_forward_to_stable,55.42836434215401,0.9450572161780714,-0.29672701233930104
section_forward_to_stable,55.55462485318398,0.9450618811655234,-0.29675683186914664
section_forward_to_stable,55.680885364213935,0.9450664845535526,-0.2967862597353845
section_forward_to_stable,55.807145875243904,0.9450710271613075,-0.29681530109199356
section_forward_to_stable,55.93340638627387,0.9450755097968939,-0.29684396102487887
section_forward_to_stable,56.05966689730383,0.945079933257527,-0.2968722445527759
section_forward_to_stable,56.18592740833378,0.9450842983296829,-0.29690015662814445
section_forward_to_stable,56.312187919363765,0.9450886057892461,-0.2969277021380508
section_forward_to_stable,56.43844843039372,0.9450928564016566,-0.2969548859050369
section_forward_to_stable,56.564708941423675,0.9450970509220531,-0.2969817126879773
section_forward_to_stable,56.69096945245366,0.9451011900954157,-0.29700818718292715
section_forward_to_stable,56.81722996348361,0.9451052746567056,-0.29703431402395564
section_forward_to_stable,56.94349047451357,0.945109305331003,-0.2970600977839701
section_forward_to_stable,57.069750985543536,0.9451132828336434,-0.29708554297552875
section_forward_to_stable,57.196011496573504,0.9451172078703513,-0.2971106540516424
section_forward_to_stable,57.32227200760346,0.9451210811373726,-0.2971354354065645
section_forward_to_stable,57.44853251863343,0.9451249033216045,-0.2971598913765721
section_forward_to_stable,57.5747930296634,0.9451286751007243,-0.29718402624073537
section_forward_to_stable,57.70105354069335,0.9451323971433152,-0.2972078442216774
section_forward_to_stable,57.82731405172332,0.945136070108992,-0.29723134948632224
section_forward_to_stable,57.95357456275329,0.9451396946485233,-0.2972545461466352
section_forward_to_stable,58.079835073783244,0.9451432714039526,-0.29727743826035086
section_forward_to_stable,58.20609558481321,0.9451468010087184,-0.29730002983169435
section_forward_to_stable,58.33235609584318,0.9451502840877715,-0.29732232481208837
section_forward_to_stable,58.458616606873136,0.9451537212576909,-0.2973443271008559
section_forward_to_stable,58.58487711790309,0.9451571131267992,-0.29736604054591
section_forward_to_stable,58.71113762893307,0.9451604602952739,-0.2973874689444354
section_forward_to_stable,58.83739813996303,0.9451637633552599,-0.29740861604356067
section_forward_to_stable,58.96365865099298,0.9451670228909786,-0.29742948554102233
section_forward_to_stable,59.08991916202295,0.945170239478836,-0.2974500810858192
section_forward_to_stable,59.21617967305292,0.9451734136875294,-0.29747040627885774
section_forward_to_stable,59.342440184082875,0.945176546078152,-0.29749046467358936
section_forward_to_stable,59.468700695112844,0.9451796372042973,-0.2975102597766394
section_forward_to_stable,59.59496120614281,0.9451826876121606,-0.29752979504842697
section_forward_to_stable,59.72122171717277,0.9451856978406397,-0.2975490739037772
section_forward_to_stable,59.847482228202736,0.9451886684214341,-0.29756809971252407
section_forward_to_stable,59.973742739232705,0.9451915998791436,-0.2975868758001078
section_forward_to_stable,60.10000325026266,0.9451944927313637,-0.29760540544816044
section_forward_to_stable,60.22626376129263,0.9451973474887814,-0.29762369189508725
section_forward_to_stable,60.3525242723226,0.9452001646552689,-0.29764173833663804
section_forward_to_stable,60.47878478335255,0.9452029447279761,-0.297659547926472
section_forward_to_stable,60.60504529438252,0.9452056881974213,-0.2976771237767142
section_forward_to_stable,60.73130580541249,0.9452083955475821,-0.29769446895850543
section_forward_to_stable,60.857566316442444,0.945211067255983,-0.2977115865025446
section_forward_to_stable,60.9838268274724,0.9452137037937837,-0.2977284793996226
section_forward_to_stable,61.11008733850238,0.9452163056258646,-0.2977451506011511
section_forward_to_stable,61.236347849532336,0.945218873210912,-0.2977616030196831
section_forward_to_stable,61.36260836056229,0.9452214070015026,-0.2977778395294259
section_forward_to_stable,61.48886887159226,0.9452239074441848,-0.29779386296674926
section_forward_to_stable,61.61512938262223,0.9452263749795613,-0.29780967613068526
section_forward_to_stable,61.74138989365218,0.9452288100423691,-0.29782528178342105
section_forward_to_stable,61.86765040468215,0.9452312130615587,-0.29784068265078634
section_forward_to_stable,61.99391091571212,0.9452335844603721,-0.297855881422734
section_forward_to_stable,62.120171426742075,0.9452359246564204,-0.2978708807538138
section_forward_to_stable,62.246431937772044,0.9452382340617589,-0.2978856832636403
section_forward_to_stable,62.37269244880201,0.9452405130829632,-0.297900291537355
section_forward_to_stable,62.49895295983197,0.945242762121202,-0.2979147081260799
section_forward_to_stable,62.62521347086194,0.9452449815723104,-0.2979289355473688
section_forward_to_stable,62.751473981891905,0.9452471718268622,-0.2979429762856499
section_forward_to_stable,62.87773449292186,0.9452493332702401,-0.2979568327926626
section_forward_to_stable,63.00399500395183,0.9452514662827058,-0.29797050748789056
section_forward_to_stable,63.1302555149818,0.9452535712394693,-0.2979840027589857
section_forward_to_stable,63.25651602601175,0.9452556485107562,-0.2979973209621903
section_forward_to_stable,63.38277653704171,0.9452576984618755,-0.2980104644227503
section_forward_to_stable,63.50903704807169,0.9452597214532851,-0.2980234354353251
section_forward_to_stable,63.635297559101645,0.9452617178406573,-0.29803623626439146
section_forward_to_stable,63.7615580701316,0.9452636879749432,-0.2980488691446405
section_forward_to_stable,63.88781858116157,0.9452656322024359,-0.29806133628137244
section_forward_to_stable,64.01407909219154,0.9452675508648332,-0.2980736398508834
section_forward_to_stable,64.14033960322149,0.9452694442992992,-0.2980857820008484
section_forward_to_stable,64.26660011425146,0.9452713128385252,-0.2980977648506986
section_forward_to_stable,64.39286062528143,0.9452731568107897,-0.29810959049199465
section_forward_to_stable,64.51912113631138,0.9452749765400177,-0.29812126098879344
section_forward_to_stable,64.64538164734135,0.945276772345839,-0.29813277837801067
section_forward_to_stable,64.77164215837132,0.9452785445436457,-0.29814414466978056
section_forward_to_stable,64.89790266940128,0.9452802934446489,-0.29815536184780694
section_forward_to_stable,65.02416318043124,0.9452820193559354,-0.2981664318697129
section_forward_to_stable,65.15042369146121,0.9452837225805218,-0.29817735666738443
section_forward_to_stable,65.27668420249117,0.9452854034174102,-0.2981881381473097
section_forward_to_stable,65.40294471352114,0.9452870621616409,-0.2981987781909137
section_forward_to_stable,65.52920522455109,0.9452886991043462,-0.2982092786548893
section_forward_to_stable,65.65546573558106,0.9452903145328023,-0.29821964137152235
section_forward_to_stable,65.78172624661103,0.945291908730481,-0.29822986814901387
section_forward_to_stable,65.90798675764098,0.9452934819771005,-0.29823996077179754
section_forward_to_stable,66.03424726867095,0.9452950345486757,-0.29824992100085285
section_forward_to_stable,66.16050777970092,0.9452965667175675,-0.2982597505740146
section_forward_to_stable,66.28676829073088,0.9452980787525319,-0.2982694512062763
section_forward_to_stable,66.41302880176084,0.9452995709187682,-0.29827902459009276
section_forward_to_stable,66.5392893127908,0.9453010434779657,-0.29828847239567674
section_forward_to_stable,66.66554982382077,0.945302496688352,-0.2982977962712915
section_forward_to_stable,66.79181033485074,0.9453039308047376,-0.2983069978435399
section_forward_to_stable,66.91807084588069,0.9453053460785632,-0.2983160787176507
section_forward_to_stable,67.04433135691066,0.9453067427579431,-0.2983250404777588
section_forward_to_stable,67.17059186794063,0.9453081210877103,-0.29833388468718375
section_forward_to_stable,67.29685237897058,0.9453094813094608,-0.29834261288870395
section_forward_to_stable,67.42311289000055,0.9453108236615956,-0.29835122660482694
section_forward_to_stable,67.54937340103052,0.9453121483793642,-0.2983597273380562
section_forward_to_stable,67.67563391206048,0.9453134556949061,-0.2983681165711555
section_forward_to_stable,67.80189442309045,0.9453147458372926,-0.29837639576740693
section_forward_to_stable,67.9281549341204,0.9453160190325675,-0.2983845663708693
section_forward_to_stable,68.05441544515037,0.9453172755037873,-0.29839262980663017
section_forward_to_stable,68.18067595618034,0.9453185154710614,-0.298400587481056
section_forward_to_stable,68.30693646721029,0.9453197391515908,-0.2984084407820385
section_forward_to_stable,68.43319697824026,0.9453209467597075,-0.2984161910792375
section_forward_to_stable,68.55945748927023,0.9453221385069117,-0.2984238397243221
section_forward_to_stable,68.68571800030018,0.9453233146019103,-0.29843138805120545
section_forward_to_stable,68.81197851133015,0.9453244752506543,-0.2984388373762804
section_forward_to_stable,68.93823902236011,0.9453256206563743,-0.2984461889986489
section_forward_to_stable,69.06449953339008,0.9453267510196175,-0.2984534442003499
section_forward_to_stable,69.19076004442005,0.9453278665382836,-0.29846060424658405
section_forward_to_stable,69.31702055545,0.9453289674076595,-0.29846767038593497
section_forward_to_stable,69.44328106647997,0.945330053820454,-0.2984746438505881
section_forward_to_stable,69.56954157750994,0.9453311259668323,-0.2984815258565464
section_forward_to_stable,69.69580208853989,0.94533218403445,-0.2984883176038429
section_forward_to_stable,69.82206259956986,0.9453332282084856,-0.2984950202767515
section_forward_to_stable,69.94832311059982,0.9453342586716749,-0.29850163504399413
section_forward_to_stable,70.07458362162978,0.9453352756043415,-0.2985081630589446
section_forward_to_stable,70.20084413265975,0.9453362791844304,-0.298514605459831
section_forward_to_stable,70.32710464368971,0.945337269587539,-0.29852096336993555
section_forward_to_stable,70.45336515471968,0.9453382469869485,-0.29852723789779
section_forward_to_stable,70.57962566574965,0.9453392115536539,-0.29853343013737066
section_forward_to_stable,70.7058861767796,0.9453401634563952,-0.298539541168289
section_forward_to_stable,70.83214668780957,0.9453411028616869,-0.2985455720559809
section_forward_to_stable,70.95840719883954,0.945342029933848,-0.298551523851894
section_forward_to_stable,71.08466770986949,0.94534294483503,-0.29855739759366917
section_forward_to_stable,71.21092822089946,0.9453438477252469,-0.29856319430532513
section_forward_to_stable,71.33718873192942,0.945344738762403,-0.2985689149974354
section_forward_to_stable,71.46344924295938,0.9453456181023208,-0.29857456066730576
section_forward_to_stable,71.58970975398935,0.9453464858987685,-0.2985801322991488
section_forward_to_stable,71.71597026501931,0.9453473423034877,-0.29858563086425643
section_forward_to_stable,71.84223077604928,0.9453481874662198,-0.29859105732116886
section_forward_to_stable,71.96849128707925,0.945349021534733,-0.29859641261584247
section_forward_to_stable,72.0947517981092,0.9453498446548476,-0.2986016976818157
section_forward_to_stable,72.22101230913917,0.9453506569704626,-0.2986069134403724
section_forward_to_stable,72.34727282016912,0.9453514586235809,-0.29861206080070163
section_forward_to_stable,72.47353333119909,0.9453522497543343,-0.29861714066005923
section_forward_to_stable,72.59979384222906,0.9453530305010084,-0.2986221539039215
section_forward_to_stable,72.72605435325902,0.9453538010000668,-0.2986271014061417
section_forward_to_stable,72.85231486428899,0.9453545613861758,-0.2986319840291034
section_forward_to_stable,72.97857537531895,0.9453553117922274,-0.2986368026238699
section_forward_to_stable,73.10483588634891,0.9453560523493635,-0.29864155803033404
section_forward_to_stable,73.23109639737888,0.9453567831869985,-0.29864625107736353
section_forward_to_stable,73.35735690840885,0.9453575044328425,-0.2986508825829488
section_forward_to_stable,73.4836174194388,0.9453582162129238,-0.29865545335434224
section_forward_to_stable,73.60987793046877,0.945358918651611,-0.2986599641882017
section_forward_to_stable,73.73613844149872,0.9453596118716351,-0.298664415870729
section_forward_to_stable,73.8623989525287,0.9453602959941112,-0.2986688091778075
section_forward_to_stable,73.98865946355866,0.9453609711385597,-0.29867314487513813
section_forward_to_stable,74.11491997458862,0.9453616374229271,-0.29867742371837114
section_forward_to_stable,74.24118048561859,0.9453622949636078,-0.29868164645324113
section_forward_to_stable,74.36744099664855,0.9453629438754636,-0.29868581381569503
section_forward_to_stable,74.49370150767851,0.9453635842718444,-0.2986899265320217
section_forward_to_stable,74.61996201870848,0.9453642162646081,-0.29869398531897884
section_forward_to_stable,74.74622252973843,0.9453648399641404,-0.29869799088391774
section_forward_to_stable,74.8724830407684,0.9453654554793742,-0.29870194392490673
section_forward_to_stable,74.99874355179837,0.9453660629178086,-0.29870584513085446
section_forward_to_stable,75.12500406282832,0.9453666623855284,-0.29870969518162827
section_forward_to_stable,75.2512645738583,0.9453672539872219,-0.29871349474817466
section_forward_to_stable,75.37752508488826,0.9453678378262003,-0.2987172444926352
section_forward_to_stable,75.50378559591822,0.9453684140044152,-0.29872094506846303
section_forward_to_stable,75.63004610694819,0.9453689826224769,-0.2987245971205364
section_forward_to_stable,75.75630661797815,0.945369543779672,-0.2987282012852717
section_forward_to_stable,75.88256712900811,0.9453700975739808,-0.29873175819073444
section_forward_to_stable,76.00882764003808,0.9453706441020948,-0.2987352684567496
section_forward_to_stable,76.13508815106803,0.9453711834594333,-0.29873873269500817
section_forward_to_stable,76.261348662098,0.9453717157401605,-0.2987421515091756
section_forward_to_stable,76.38760917312797,0.9453722410372022,-0.29874552549499683
section_forward_to_stable,76.51386968415792,0.9453727594422617,-0.29874885524039924
section_forward_to_stable,76.6401301951879,0.9453732710458363,-0.2987521413255969
section_forward_to_stable,76.76639070621786,0.9453737759372332,-0.2987553843231912
section_forward_to_stable,76.89265121724782,0.9453742742045846,-0.2987585847982703
section_forward_to_stable,77.01891172827779,0.9453747659348645,-0.29876174330850835
section_forward_to_stable,77.14517223930774,0.9453752512139023,-0.2987648604042631
section_forward_to_stable,77.27143275033771,0.9453757301263994,-0.29876793662867046
section_forward_to_stable,77.39769326136768,0.9453762027559431,-0.2987709725177423
section_forward_to_stable,77.52395377239763,0.945376669185022,-0.29877396860045685
section_forward_to_stable,77.6502142834276,0.9453771294950395,-0.29877692539885264
section_forward_to_stable,77.77647479445757,0.9453775837663293,-0.2987798434281193
section_forward_to_stable,77.90273530548752,0.9453780320781687,-0.29878272319668747
section_forward_to_stable,78.0289958165175,0.945378474508793,-0.2987855652063179
section_forward_to_stable,78.15525632754746,0.9453789111354086,-0.2987883699521885
section_forward_to_stable,78.28151683857742,0.9453793420342074,-0.2987911379229809
section_forward_to_stable,78.40777734960739,0.9453797672803794,-0.2987938696009659
section_forward_to_stable,78.53403786063734,0.9453801869481264,-0.2987965654620874
section_forward_to_stable,78.66029837166731,0.945380601110675,-0.29879922597604575
section_forward_to_stable,78.78655888269728,0.9453810098402889,-0.2988018516063797
section_forward_to_stable,78.91281939372723,0.9453814132082826,-0.29880444281054674
section_forward_to_stable,79.0390799047572,0.9453818112850328,-0.29880700004000377
section_forward_to_stable,79.16534041578717,0.9453822041399915,-0.2988095237402845
section_forward_to_stable,79.29160092681713,0.945382591841698,-0.2988120143510797
section_forward_to_stable,79.4178614378471,0.9453829744577908,-0.2988144723063111
section_forward_to_stable,79.54412194887705,0.9453833520550197,-0.2988168980342087
section_forward_to_stable,79.67038245990702,0.9453837246992569,-0.2988192919573849
section_forward_to_stable,79.79664297093699,0.9453840924555097,-0.2988216544929093
section_forward_to_stable,79.92290348196694,0.9453844553879306,-0.29882398605237975
section_forward_to_stable,80.04916399299691,0.9453848135598294,-0.29882628704199526
section_forward_to_stable,80.17542450402688,0.9453851670336842,-0.2988285578626266
section_forward_to_stable,80.30168501505683,0.945385515871152,-0.2988307989098864
section_forward_to_stable,80.4279455260868,0.94538586013308,-0.29883301057419764
section_forward_to_stable,80.55420603711676,0.9453861998795154,-0.29883519324086333
section_forward_to_stable,80.68046654814673,0.9453865351697175,-0.29883734729013106
section_forward_to_stable,80.8067270591767,0.9453868660621659,-0.2988394730972615
section_forward_to_stable,80.93298757020665,0.945387192614573,-0.2988415710325933
section_forward_to_stable,81.05924808123662,0.9453875148838925,-0.29884364146160725
section_forward_to_stable,81.18550859226659,0.94538783292633,-0.2988456847449904
section_forward_to_stable,81.31176910329654,0.945388146797353,-0.2988477012386988
section_forward_to_stable,81.43802961432651,0.9453884565517,-0.2988496912940205
section_forward_to_stable,81.56429012535648,0.9453887622433911,-0.2988516552576349
section_forward_to_stable,81.69055063638643,0.9453890639257364,-0.2988535934716747
section_forward_to_stable,81.8168111474164,0.945389361651346,-0.29885550627378527
section_forward_to_stable,81.94307165844636,0.9453896554721389,-0.2988573939971837
section_forward_to_stable,82.06933216947633,0.9453899454393522,-0.29885925697071575
section_forward_to_stable,82.1955926805063,0.9453902316035501,-0.2988610955189156
section_forward_to_stable,82.32185319153625,0.9453905140146328,-0.29886290996205994
section_forward_to_stable,82.44811370256622,0.9453907927218452,-0.29886470061622467
section_forward_to_stable,82.57437421359619,0.9453910677737853,-0.2988664677933407
section_forward_to_stable,82.70063472462614,0.9453913392184131,-0.2988682118012478
section_forward_to_stable,82.82689523565611,0.9453916071030587,-0.29886993294374803
section_forward_to_stable,82.95315574668606,0.9453918714744305,-0.2988716315206596
section_forward_to_stable,83.07941625771603,0.9453921323786239,-0.2988733078278679
section_forward_to_stable,83.205676768746,0.9453923898611288,-0.2988749621573781
section_forward_to_stable,83.33193727977596,0.9453926439668379,-0.29887659479736584
section_forward_to_stable,83.45819779080593,0.9453928947400542,-0.298878206032227
section_forward_to_stable,83.5844583018359,0.9453931422244993,-0.2988797961426278
section_forward_to_stable,83.71071881286585,0.9453933864633206,-0.29888136540555355
section_forward_to_stable,83.83697932389582,0.9453936274990988,-0.2988829140943569
section_forward_to_stable,83.96323983492579,0.945393865373856,-0.29888444247880586
section_forward_to_stable,84.08950034595574,0.945394100129062,-0.2988859508251304
section_forward_to_stable,84.21576085698571,0.9453943318056426,-0.29888743939606893
section_forward_to_stable,84.34202136801566,0.9453945604439862,-0.2988889084509142
section_forward_to_stable,84.46828187904563,0.9453947860839508,-0.2988903582455583
section_forward_to_stable,84.5945423900756,0.9453950087648713,-0.29889178903253777
section_forward_to_stable,84.72080290110556,0.9453952285255661,-0.29889320106107764
section_forward_to_stable,84.84706341213553,0.9453954454043443,-0.2988945945771337
section_forward_to_stable,84.9733239231655,0.9453956594390116,-0.29889596982343686
section_forward_to_stable,85.09958443419545,0.9453958706668778,-0.29889732703953475
section_forward_to_stable,85.22584494522542,0.9453960791247629,-0.2988986664618333
section_forward_to_stable,85.35210545625537,0.9453962848490033,-0.2988999883236387
section_forward_to_stable,85.47836596728534,0.9453964878754587,-0.29890129285519723
section_forward_to_stable,85.60462647831531,0.9453966882395182,-0.29890258028373573
section_forward_to_stable,85.73088698934527,0.945396885976106,-0.2989038508335015
section_forward_to_stable,85.85714750037523,0.9453970811196881,-0.29890510472580106
section_forward_to_stable,85.9834080114052,0.9453972737042783,-0.2989063421790382
section_forward_to_stable,86.10966852243516,0.9453974637634435,-0.29890756340875413
section_forward_to_stable,86.23592903346513,0.9453976513303104,-0.29890876862766186
section_forward_to_stable,86.3621895444951,0.9453978364375709,-0.29890995804568576
section_forward_to_stable,86.48845005552505,0.9453980191174876,-0.29891113186999746
section_forward_to_stable,86.61471056655502,0.9453981994018998,-0.29891229030505173
section_forward_to_stable,86.74097107758497,0.9453983773222291,-0.2989134335526227
section_forward_to_stable,86.86723158861494,0.9453985529094843,-0.2989145618118375
section_forward_to_stable,86.99349209964491,0.9453987261942677,-0.29891567527921314
section_forward_to_stable,87.11975261067487,0.9453988972067796,-0.2989167741486891
section_forward_to_stable,87.24601312170483,0.9453990659768241,-0.2989178586116616
section_forward_to_stable,87.3722736327348,0.9453992325338144,-0.2989189288570176
section_forward_to_stable,87.49853414376476,0.9453993969067772,-0.29891998507116696
section_forward_to_stable,87.62479465479473,0.9453995591243589,-0.298921027438075
section_forward_to_stable,87.75105516582468,0.9453997192148293,-0.2989220561392948
section_forward_to_stable,87.87731567685465,0.945399877206088,-0.2989230713539987
section_forward_to_stable,88.00357618788462,0.9454000331256678,-0.2989240732590099
section_forward_to_stable,88.12983669891457,0.9454001870007404,-0.29892506202883246
section_forward_to_stable,88.25609720994454,0.9454003388581212,-0.29892603783568245
section_forward_to_stable,88.38235772097451,0.9454004887242735,-0.298927000849518
section_forward_to_stable,88.50861823200447,0.9454006366253135,-0.2989279512380677
section_forward_to_stable,88.63487874303443,0.9454007825870143,-0.2989288891668621
section_forward_to_stable,88.76113925406439,0.9454009266348115,-0.2989298147992603
section_forward_to_stable,88.88739976509436,0.9454010687938063,-0.2989307282964797
section_forward_to_stable,89.01366027612433,0.9454012090887709,-0.2989316298176237
section_forward_to_stable,89.13992078715428,0.9454013475441524,-0.29893251951970906
section_forward_to_stable,89.26618129818425,0.9454014841840771,-0.2989333975576948
section_forward_to_stable,89.39244180921422,0.9454016190323548,-0.29893426408450624
section_forward_to_stable,89.51870232024417,0.9454017521124829,-0.2989351192510652
section_forward_to_stable,89.64496283127414,0.9454018834476503,-0.2989359632063138
section_forward_to_stable,89.77122334230411,0.9454020130607419,-0.2989367960972413
section_forward_to_stable,89.89748385333407,0.9454021409743424,-0.2989376180689094
section_forward_to_stable,90.02374436436403,0.9454022672107398,-0.2989384292644782
section_forward_to_stable,90.15000487539399,0.9454023917919301,-0.2989392298252304
section_forward_to_stable,90.27626538642396,0.9454025147396206,-0.29894001989059615
section_forward_to_stable,90.40252589745393,0.9454026360752337,-0.29894079959817726
section_forward_to_stable,90.52878640848388,0.9454027558199107,-0.2989415690837715
section_forward_to_stable,90.65504691951385,0.9454028739945157,-0.29894232848139596
section_forward_to_stable,90.78130743054382,0.9454029906196393,-0.2989430779233108
section_forward_to_stable,90.90756794157377,0.9454031057156014,-0.2989438175400415
section_forward_to_stable,91.03382845260374,0.9454032193024556,-0.2989445474604026
section_forward_to_stable,91.1600889636337,0.9454033313999927,-0.2989452678115192
section_forward_to_stable,91.28634947466367,0.9454034420277434,-0.2989459787188497
section_forward_to_stable,91.41260998569363,0.9454035512049825,-0.2989466803062076
section_forward_to_stable,91.53887049672359,0.9454036589507319,-0.2989473726957835
section_forward_to_stable,91.66513100775356,0.9454037652837637,-0.2989480560081641
section_forward_to_stable,91.79139151878353,0.9454038702226042,-0.2989487303623576
section_forward_to_stable,91.91765202981348,0.9454039737855362,-0.2989493958758096
section_forward_to_stable,92.04391254084345,0.945404075990603,-0.298950052664427
section_forward_to_stable,92.17017305187342,0.9454041768556113,-0.2989507008425964
section_forward_to_stable,92.29643356290337,0.9454042763981336,-0.29895134052320466
section_forward_to_stable,92.42269407393334,0.9454043746355126,-0.2989519718176592
section_forward_to_stable,92.5489545849633,0.9454044715848632,-0.2989525948359057
section_forward_to_stable,92.67521509599327,0.9454045672630758,-0.2989532096864489
section_forward_to_stable,92.80147560702324,0.945404661686819,-0.29895381647637087
section_forward_to_stable,92.92773611805319,0.9454047548725434,-0.29895441531134936
section_forward_to_stable,93.05399662908316,0.9454048468364831,-0.29895500629567695
section_forward_to_stable,93.18025714011313,0.9454049375946597,-0.29895558953227835
section_forward_to_stable,93.30651765114308,0.9454050271628845,-0.29895616512272927
section_forward_to_stable,93.43277816217305,0.9454051155567615,-0.29895673316727306
section_forward_to_stable,93.559038673203,0.9454052027916899,-0.29895729376483976
section_forward_to_stable,93.68529918423297,0.945405288882867,-0.29895784701306105
section_forward_to_stable,93.81155969526294,0.9454053738452907,-0.29895839300828925
section_forward_to_stable,93.9378202062929,0.9454054576937622,-0.29895893184561306
section_forward_to_stable,94.06408071732287,0.9454055404428885,-0.29895946361887504
section_forward_to_stable,94.19034122835284,0.9454056221070852,-0.29895998842068666
section_forward_to_stable,94.31660173938279,0.9454057027005788,-0.29896050634244564
section_forward_to_stable,94.44286225041276,0.945405782237409,-0.29896101747435094
section_forward_to_stable,94.56912276144273,0.9454058607314314,-0.2989615219054192
section_forward_to_stable,94.69538327247268,0.9454059381963201,-0.2989620197235
section_forward_to_stable,94.82164378350265,0.9454060146455695,-0.2989625110152909
section_forward_to_stable,94.9479042945326,0.9454060900924974,-0.2989629958663533
section_forward_to_stable,95.07416480556257,0.9454061645502467,-0.29896347436112575
section_forward_to_stable,95.20042531659254,0.9454062380317878,-0.29896394658294045
section_forward_to_stable,95.3266858276225,0.9454063105499212,-0.29896441261403733
section_forward_to_stable,95.45294633865247,0.9454063821172796,-0.2989648725355776
section_forward_to_stable,95.57920684968244,0.9454064527463298,-0.2989653264276582
section_forward_to_stable,95.70546736071239,0.9454065224493751,-0.29896577436932653
section_forward_to_stable,95.83172787174236,0.9454065912385575,-0.2989662164385932
section_forward_to_stable,95.95798838277231,0.94540665912586,-0.29896665271244605
section_forward_to_stable,96.08424889380228,0.9454067261231078,-0.2989670832668633
section_forward_to_stable,96.21050940483225,0.9454067922419719,-0.2989675081768275
section_forward_to_stable,96.3367699158622,0.9454068574939695,-0.29896792751633827
section_forward_to_stable,96.46303042689217,0.9454069218904669,-0.2989683413584241
section_forward_to_stable,96.58929093792214,0.9454069854426816,-0.29896874977515703
section_forward_to_stable,96.7155514489521,0.9454070481616839,-0.29896915283766395
section_forward_to_stable,96.84181195998207,0.9454071100583987,-0.2989695506161386
section_forward_to_stable,96.96807247101202,0.945407171143608,-0.29896994317985504
section_forward_to_stable,97.09433298204199,0.9454072314279519,-0.29897033059717876
section_forward_to_stable,97.22059349307196,0.9454072909219314,-0.2989707129355796
section_forward_to_stable,97.34685400410191,0.9454073496359096,-0.29897109026164165
section_forward_to_stable,97.47311451513188,0.9454074075801135,-0.29897146264107743
section_forward_to_stable,97.59937502616185,0.9454074647646367,-0.2989718301387367
section_forward_to_stable,97.7256355371918,0.9454075211994395,-0.29897219281861975
section_forward_to_stable,97.85189604822178,0.9454075768943522,-0.2989725507438874
section_forward_to_stable,97.97815655925174,0.945407631859076,-0.298972903976873
section_forward_to_stable,98.1044170702817,0.9454076861031848,-0.2989732525790916
section_forward_to_stable,98.23067758131167,0.9454077396361271,-0.2989735966112527
section_forward_to_stable,98.35693809234162,0.9454077924672274,-0.2989739361332695
section_forward_to_stable,98.48319860337159,0.9454078446056878,-0.29897427120426967
section_forward_to_stable,98.60945911440156,0.9454078960605901,-0.29897460188260594
section_forward_to_stable,98.73571962543151,0.9454079468408966,-0.29897492822586524
section_forward_to_stable,98.86198013646148,0.9454079969554523,-0.29897525029088096
section_forward_to_stable,98.98824064749145,0.9454080464129861,-0.29897556813374
section_forward_to_stable,99.1145011585214,0.9454080952221127,-0.29897588180979456
section_forward_to_stable,99.24076166955138,0.9454081433913334,-0.2989761913736709
section_forward_to_stable,99.36702218058133,0.9454081909290383,-0.29897649687927935
section_forward_to_stable,99.4932826916113,0.9454082378435074,-0.29897679837982327
section_forward_to_stable,99.61954320264127,0.9454082841429122,-0.29897709592780897
section_forward_to_stable,99.74580371367122,0.945408329835317,-0.2989773895750537
section_forward_to_stable,99.87206422470119,0.9454083749286801,-0.29897767937269554
section_forward_to_stable,99.99832473573116,0.945408419430856,-0.2989779653712023
section_forward_to_stable,100.12458524676111,0.9454084633495956,-0.2989782476203802
section_forward_to_stable,100.25084575779108,0.9454085066925487,-0.29897852616938214
section_forward_to_stable,100.37710626882105,0.9454085494672644,-0.2989788010667173
section_forward_to_stable,100.503366779851,0.9454085916811928,-0.29897907236025784
section_forward_to_stable,100.62962729088098,0.9454086333416868,-0.29897934009724936
section_forward_to_stable,100.75588780191093,0.9454086744560021,-0.2989796043243174
section_forward_to_stable,100.8821483129409,0.9454087150313001,-0.2989798650874765
section_forward_to_stable,101.00840882397087,0.9454087550746476,-0.29898012243213773
section_forward_to_stable,101.13466933500082,0.9454087945930191,-0.2989803764031172
section_forward_to_stable,101.26092984603079,0.9454088335932976,-0.2989806270446427
section_forward_to_stable,101.38719035706076,0.9454088720822758,-0.2989808744003631
section_forward_to_stable,101.51345086809071,0.9454089100666573,-0.2989811185133544
section_forward_to_stable,101.63971137912068,0.9454089475530578,-0.2989813594261284
section_forward_to_stable,101.76597189015064,0.9454089845480064,-0.298981597180639
section_forward_to_stable,101.8922324011806,0.9454090210579464,-0.2989818318182905
section_forward_to_stable,102.01849291221058,0.9454090570892368,-0.2989820633799434
section_forward_to_stable,102.14475342324053,0.945409092648153,-0.2989822919059244
section_forward_to_stable,102.2710139342705,0.9454091277408881,-0.2989825174360298
section_forward_to_stable,102.39727444530047,0.9454091623735544,-0.2989827400095351
section_forward_to_stable,102.52353495633042,0.9454091965521837,-0.29898295966520033
section_forward_to_stable,102.64979546736039,0.9454092302827286,-0.29898317644127764
section_forward_to_stable,102.77605597839036,0.945409263571064,-0.29898339037551785
section_forward_to_stable,102.90231648942031,0.9454092964229874,-0.29898360150517644
section_forward_to_stable,103.02857700045028,0.9454093288442208,-0.2989838098670207
section_forward_to_stable,103.15483751148024,0.9454093608404106,-0.2989840154973363
section_forward_to_stable,103.2810980225102,0.9454093924171295,-0.2989842184319325
section_forward_to_stable,103.40735853354018,0.9454094235798771,-0.2989844187061496
section_forward_to_stable,103.53361904457013,0.9454094543340806,-0.29898461635486384
section_forward_to_stable,103.6598795556001,0.9454094846850966,-0.2989848114124953
section_forward_to_stable,103.78614006663007,0.9454095146382109,-0.2989850039130122
section_forward_to_stable,103.91240057766002,0.9454095441986403,-0.298985193889938
section_forward_to_stable,104.03866108868999,0.9454095733715333,-0.29898538137635555
section_forward_to_stable,104.16492159971995,0.9454096021619705,-0.29898556640491486
section_forward_to_stable,104.29118211074992,0.9454096305749662,-0.2989857490078374
section_forward_to_stable,104.41744262177988,0.9454096586154689,-0.29898592921692313
section_forward_to_stable,104.54370313280984,0.9454096862883621,-0.2989861070635539
section_forward_to_stable,104.66996364383981,0.9454097135984653,-0.29898628257870097
section_forward_to_stable,104.79622415486978,0.945409740550535,-0.2989864557929291
section_forward_to_stable,104.92248466589973,0.9454097671492651,-0.29898662673640275
section_forward_to_stable,105.0487451769297,0.945409793399288,-0.29898679543889056
section_forward_to_stable,105.17500568795967,0.9454098193051756,-0.2989869619297714
section_forward_to_stable,105.30126619898962,0.9454098448714395,-0.29898712623803814
section_forward_to_stable,105.42752671001959,0.9454098701025325,-0.29898728839230454
section_forward_to_stable,105.55378722104955,0.9454098950028487,-0.29898744842080893
section_forward_to_stable,105.68004773207952,0.9454099195767246,-0.2989876063514189
section_forward_to_stable,105.80630824310948,0.9454099438284401,-0.29898776221163714
section_forward_to_stable,105.93256875413944,0.945409967762219,-0.298987916028606
section_forward_to_stable,106.05882926516941,0.9454099913822293,-0.29898806782911125
section_forward_to_stable,106.18508977619938,0.9454100146925845,-0.2989882176395882
section_forward_to_stable,106.31135028722933,0.9454100376973446,-0.29898836548612534
section_forward_to_stable,106.4376107982593,0.9454100604005159,-0.2989885113944694
section_forward_to_stable,106.56387130928925,0.9454100828060523,-0.2989886553900292
section_forward_to_stable,106.69013182031922,0.9454101049178562,-0.2989887974978804
section_forward_to_stable,106.81639233134919,0.945410126739778,-0.29898893774277036
section_forward_to_stable,106.94265284237915,0.9454101482756184,-0.29898907614912185
section_forward_to_stable,107.06891335340912,0.945410169529128,-0.2989892127410371
section_forward_to_stable,107.19517386443908,0.9454101905040083,-0.2989893475423029
section_forward_to_stable,107.32143437546904,0.9454102112039121,-0.2989894805763938
section_forward_to_stable,107.44769488649901,0.9454102316324443,-0.298989611866477
section_forward_to_stable,107.57395539752896,0.9454102517931628,-0.2989897414354154
section_forward_to_stable,107.70021590855893,0.9454102716895787,-0.29898986930577265
section_forward_to_stable,107.8264764195889,0.945410291325157,-0.2989899954998163
section_forward_to_stable,107.95273693061885,0.9454103107033173,-0.2989901200395223
section_forward_to_stable,108.07899744164882,0.9454103298274343,-0.2989902429465782
section_forward_to_stable,108.20525795267879,0.9454103487008388,-0.2989903642423874
section_forward_to_stable,108.33151846370875,0.9454103673268175,-0.2989904839480725
section_forward_to_stable,108.45777897473872,0.9454103857086142,-0.29899060208448
section_forward_to_stable,108.58403948576868,0.9454104038494303,-0.29899071867218163
section_forward_to_stable,108.71029999679864,0.945410421752425,-0.2989908337314806
section_forward_to_stable,108.83656050782861,0.9454104394207161,-0.29899094728241365
section_forward_to_stable,108.96282101885856,0.9454104568573806,-0.2989910593447548
section_forward_to_stable,109.08908152988853,0.9454104740654552,-0.29899116993801883
section_forward_to_stable,109.2153420409185,0.9454104910479367,-0.2989912790814641
section_forward_to_stable,109.34160255194845,0.9454105078077827,-0.2989913867940981
section_forward_to_stable,109.46786306297842,0.945410524347912,-0.2989914930946774
section_forward_to_stable,109.59412357400839,0.9454105406712048,-0.2989915980017139
section_forward_to_stable,109.72038408503835,0.9454105567805042,-0.29899170153347604
section_forward_to_stable,109.84664459606832,0.9454105726786154,-0.29899180370799305
section_forward_to_stable,109.97290510709827,0.9454105883683074,-0.2989919045430576
section_forward_to_stable,110.09916561812824,0.9454106038523122,-0.29899200405622967
section_forward_to_stable,110.22542612915821,0.9454106191333266,-0.29899210226483885
section_forward_to_stable,110.35168664018816,0.9454106342140117,-0.2989921991859865
section_forward_to_stable,110.47794715121813,0.9454106490969938,-0.29899229483655126
section_forward_to_stable,110.6042076622481,0.9454106637848649,-0.29899238923318994
section_forward_to_stable,110.73046817327806,0.9454106782801829,-0.29899248239234033
section_forward_to_stable,110.85672868430802,0.9454106925854721,-0.2989925743302262
section_forward_to_stable,110.98298919533799,0.9454107067032237,-0.2989926650628571
section_forward_to_stable,111.10924970636795,0.9454107206358964,-0.2989927546060334
section_forward_to_stable,111.23551021739792,0.9454107343859166,-0.29899284297534845
section_forward_to_stable,111.36177072842787,0.9454107479556788,-0.29899293018619094
section_forward_to_stable,111.48803123945784,0.9454107613475462,-0.2989930162537478
section_forward_to_stable,111.61429175048781,0.945410774563851,-0.29899310119300715
section_forward_to_stable,111.74055226151776,0.9454107876068948,-0.2989931850187601
section_forward_to_stable,111.86681277254773,0.945410800478949,-0.29899326774560453
section_forward_to_stable,111.9930732835777,0.9454108131822553,-0.29899334938794647
section_forward_to_stable,112.11933379460766,0.9454108257190259,-0.29899342996000317
section_forward_to_stable,112.24559430563762,0.9454108380914441,-0.29899350947580583
section_forward_to_stable,112.37185481666758,0.9454108503016645,-0.2989935879492011
section_forward_to_stable,112.49811532769755,0.9454108623518136,-0.2989936653938541
section_forward_to_stable,112.62437583872752,0.94541087424399,-0.2989937418232518
section_forward_to_stable,112.75063634975747,0.9454108859802645,-0.29899381725070345
section_forward_to_stable,112.87689686078744,0.9454108975626809,-0.2989938916893439
section_forward_to_stable,113.00315737181741,0.9454109089932564,-0.2989939651521358
section_forward_to_stable,113.12941788284736,0.9454109202739817,-0.298994037651873
section_forward_to_stable,113.25567839387733,0.9454109314068211,-0.29899410920117964
section_forward_to_stable,113.3819389049073,0.9454109423937135,-0.2989941798125156
section_forward_to_stable,113.50819941593726,0.9454109532365721,-0.29899424949817716
section_forward_to_stable,113.63445992696722,0.9454109639372853,-0.29899431827029965
section_forward_to_stable,113.76072043799718,0.9454109744977166,-0.29899438614085905
section_forward_to_stable,113.88698094902715,0.945410984919705,-0.29899445312167444
section_forward_to_stable,114.01324146005712,0.9454109952050654,-0.29899451922440945
section_forward_to_stable,114.13950197108707,0.9454110053555892,-0.29899458446057575
section_forward_to_stable,114.26576248211704,0.9454110153730437,-0.2989946488415337
section_forward_to_stable,114.39202299314701,0.9454110252591739,-0.2989947123784945
section_forward_to_stable,114.51828350417696,0.945411035015701,-0.2989947750825224
section_forward_to_stable,114.64454401520693,0.9454110446443242,-0.2989948369645365
section_forward_to_stable,114.77080452623689,0.9454110541467203,-0.29899489803531326
section_forward_to_stable,114.89706503726686,0.9454110635245443,-0.29899495830548783
section_forward_to_stable,115.02332554829682,0.9454110727794289,-0.2989950177855551
section_forward_to_stable,115.14958605932678,0.9454110819129862,-0.2989950764858733
section_forward_to_stable,115.27584657035675,0.9454110909268065,-0.29899513441666453
section_forward_to_stable,115.40210708138672,0.9454110998224596,-0.2989951915880171
section_forward_to_stable,115.52836759241667,0.9454111086014948,-0.2989952480098859
section_forward_to_stable,115.65462810344664,0.9454111172654408,-0.29899530369209726
section_forward_to_stable,115.7808886144766,0.9454111258158063,-0.29899535864434745
section_forward_to_stable,115.90714912550656,0.9454111342540805,-0.29899541287620574
section_forward_to_stable,116.03340963653653,0.9454111425817328,-0.298995466397116
section_forward_to_stable,116.15967014756649,0.9454111508002133,-0.29899551921639855
section_forward_to_stable,116.28593065859646,0.9454111589109534,-0.29899557134325083
section_forward_to_stable,116.41219116962642,0.9454111669153654,-0.29899562278675135
section_forward_to_stable,116.53845168065638,0.9454111748148434,-0.2989956735558574
section_forward_to_stable,116.66471219168635,0.945411182610763,-0.2989957236594103
section_forward_to_stable,116.79097270271632,0.9454111903044815,-0.29899577310613534
section_forward_to_stable,116.91723321374627,0.9454111978973392,-0.2989958219046429
section_forward_to_stable,117.04349372477624,0.945411205390658,-0.2989958700634311
section_forward_to_stable,117.1697542358062,0.9454112127857431,-0.29899591759088523
section_forward_to_stable,117.29601474683616,0.9454112200838821,-0.2989959644952829
section_forward_to_stable,117.42227525786613,0.9454112272863461,-0.29899601078479154
section_forward_to_stable,117.54853576889609,0.9454112343943891,-0.29899605646747235
section_forward_to_stable,117.67479627992606,0.9454112414092493,-0.29899610155128026
section_forward_to_stable,117.80105679095603,0.945411248332148,-0.2989961460440663
section_forward_to_stable,117.92731730198598,0.9454112551642908,-0.2989961899535778
section_forward_to_stable,118.05357781301595,0.9454112619068676,-0.298996233287462
section_forward_to_stable,118.1798383240459,0.9454112685610526,-0.2989962760532651
section_forward_to_stable,118.30609883507587,0.9454112751280045,-0.29899631825843365
section_forward_to_stable,118.43235934610584,0.9454112816088669,-0.2989963599103176
section_forward_to_stable,118.5586198571358,0.9454112880047684,-0.2989964010161703
section_forward_to_stable,118.68488036816576,0.9454112943168228,-0.29899644158314914
section_forward_to_stable,118.81114087919573,0.9454113005461294,-0.29899648161832004
section_forward_to_stable,118.93740139022569,0.9454113066937728,-0.29899652112865316
section_forward_to_stable,119.06366190125566,0.9454113127608238,-0.29899656012102926
section_forward_to_stable,119.18992241228563,0.9454113187483388,-0.2989965986022388
section_forward_to_stable,119.31618292331558,0.9454113246573607,-0.2989966365789828
section_forward_to_stable,119.44244343434555,0.9454113304889181,-0.29899667405787467
section_forward_to_stable,119.5687039453755,0.945411336244027,-0.2989967110454404
section_forward_to_stable,119.69496445640547,0.9454113419236891,-0.29899674754812144
section_forward_to_stable,119.82122496743544,0.9454113475288939,-0.2989967835722742
section_forward_to_stable,119.9474854784654,0.9454113530606173,-0.2989968191241721
section_forward_to_stable,120.07374598949536,0.9454113585198227,-0.29899685421000594
section_forward_to_stable,120.20000650052533,0.9454113639074608,-0.29899688883588565
section_forward_to_stable,120.32626701155529,0.9454113692244697,-0.29899692300784064
section_forward_to_stable,120.45252752258526,0.9454113744717754,-0.2989969567318219
section_forward_to_stable,120.57878803361521,0.9454113796502917,-0.2989969900137023
section_forward_to_stable,120.70504854464518,0.9454113847609203,-0.2989970228592771
section_forward_to_stable,120.83130905567515,0.9454113898045513,-0.29899705527426634
section_forward_to_stable,120.9575695667051,0.9454113947820629,-0.29899708726431456
section_forward_to_stable,121.08383007773507,0.9454113996943221,-0.29899711883499314
section_forward_to_stable,121.21009058876504,0.945411404542184,-0.29899714999179855
section_forward_to_stable,121.336351099795,0.945411409326493,-0.29899718074015713
section_forward_to_stable,121.46261161082496,0.9454114140480824,-0.2989972110854235
section_forward_to_stable,121.58887212185493,0.9454114187077742,-0.2989972410328818
section_forward_to_stable,121.71513263288489,0.94541142330638,-0.298997270587747
section_forward_to_stable,121.84139314391486,0.9454114278447004,-0.29899729975516587
section_forward_to_stable,121.96765365494481,0.945411432323526,-0.2989973285402175
section_forward_to_stable,122.09391416597478,0.9454114367436365,-0.29899735694791435
section_forward_to_stable,122.22017467700475,0.9454114411058019,-0.29899738498320394
section_forward_to_stable,122.3464351880347,0.9454114454107816,-0.2989974126509677
section_forward_to_stable,122.47269569906467,0.9454114496593253,-0.2989974399560239
section_forward_to_stable,122.59895621009464,0.945411453852173,-0.29899746690312756
section_forward_to_stable,122.7252167211246,0.9454114579900547,-0.2989974934969711
section_forward_to_stable,122.85147723215456,0.945411462073691,-0.29899751974218536
section_forward_to_stable,122.97773774318452,0.945411466103793,-0.2989975456433409
section_forward_to_stable,123.10399825421449,0.9454114700810626,-0.29899757120494813
section_forward_to_stable,123.23025876524446,0.9454114740061924,-0.29899759643145823
section_forward_to_stable,123.35651927627441,0.945411477879866,-0.2989976213272641
section_forward_to_stable,123.48277978730438,0.9454114817027578,-0.29899764589670125
section_forward_to_stable,123.60904029833435,0.9454114854755336,-0.29899767014404827
section_forward_to_stable,123.7353008093643,0.9454114891988503,-0.2989976940735269
section_forward_to_stable,123.86156132039427,0.9454114928733566,-0.29899771768930494
section_forward_to_stable,123.98782183142424,0.945411496499692,-0.2989977409954945
section_forward_to_stable,124.1140823424542,0.9454115000784883,-0.2989977639961541
section_forward_to_stable,124.24034285348417,0.9454115036103685,-0.29899778669528954
section_forward_to_stable,124.36660336451412,0.9454115070959477,-0.29899780909685253
section_forward_to_stable,124.49286387554409,0.9454115105358328,-0.29899783120474516
section_forward_to_stable,124.61912438657406,0.9454115139306232,-0.29899785302281673
section_forward_to_stable,124.74538489760401,0.9454115172809096,-0.2989978745548668
section_forward_to_stable,124.87164540863398,0.9454115205872756,-0.29899789580464486
section_forward_to_stable,124.99790591966395,0.9454115238502971,-0.2989979167758513
section_forward_to_stable,125.1241664306939,0.9454115270705423,-0.29899793747213826
section_forward_to_stable,125.25042694172387,0.9454115302485717,-0.2989979578971093
section_forward_to_stable,125.37668745275383,0.9454115333849391,-0.2989979780543216
section_forward_to_stable,125.5029479637838,0.9454115364801905,-0.2989979979472854
section_forward_to_stable,125.62920847481377,0.9454115395348649,-0.29899801757946454
section_forward_to_stable,125.75546898584372,0.9454115425494942,-0.29899803695427785
section_forward_to_stable,125.88172949687369,0.9454115455246034,-0.29899805607509944
section_forward_to_stable,126.00799000790366,0.9454115484607106,-0.2989980749452587
section_forward_to_stable,126.13425051893361,0.9454115513583272,-0.29899809356804197
section_forward_to_stable,126.26051102996358,0.9454115542179576,-0.2989981119466917
section_forward_to_stable,126.38677154099354,0.9454115570401,-0.29899813008440873
section_forward_to_stable,126.5130320520235,0.9454115598252457,-0.29899814798435154
section_forward_to_stable,126.63929256305347,0.9454115625738797,-0.29899816564963677
section_forward_to_stable,126.76555307408343,0.9454115652864807,-0.29899818308334164
section_forward_to_stable,126.8918135851134,0.945411567963521,-0.2989982002885012
section_forward_to_stable,127.01807409614337,0.9454115706054669,-0.29899821726811165
section_forward_to_stable,127.14433460717332,0.9454115732127785,-0.29899823402512965
section_forward_to_stable,127.27059511820329,0.9454115757859096,-0.29899825056247353
section_forward_to_stable,127.39685562923326,0.9454115783253084,-0.2989982668830231
section_forward_to_stable,127.52311614026321,0.9454115808314173,-0.2989982829896208
section_forward_to_stable,127.64937665129318,0.9454115833046726,-0.2989982988850709
section_forward_to_stable,127.77563716232314,0.9454115857455048,-0.29899831457214116
section_forward_to_stable,127.9018976733531,0.9454115881543392,-0.29899833005356335
section_forward_to_stable,128.02815818438307,0.9454115905315952,-0.29899834533203373
section_forward_to_stable,128.15441869541303,0.9454115928776867,-0.298998360410213
section_forward_to_stable,128.28067920644298,0.9454115951930223,-0.2989983752907266
section_forward_to_stable,128.40693971747297,0.9454115974780052,-0.29899838997616607
section_forward_to_stable,128.53320022850292,0.9454115997330333,-0.29899840446908826
section_forward_to_stable,128.65946073953288,0.9454116019584994,-0.2989984187720172
section_forward_to_stable,128.78572125056286,0.9454116041547908,-0.29899843288744365
section_forward_to_stable,128.9119817615928,0.9454116063222902,-0.2989984468178255
section_forward_to_stable,129.03824227262277,0.9454116084613748,-0.298998460565589
section_forward_to_stable,129.16450278365275,0.9454116105724175,-0.29899847413312763
section_forward_to_stable,129.2907632946827,0.9454116126557855,-0.2989984875228043
section_forward_to_stable,129.41702380571266,0.9454116147118419,-0.29899850073695045
section_forward_to_stable,129.54328431674264,0.9454116167409445,-0.2989985137778674
section_forward_to_stable,129.6695448277726,0.9454116187434468,-0.298998526647826
section_forward_to_stable,129.79580533880255,0.9454116207196974,-0.2989985393490676
section_forward_to_stable,129.92206584983253,0.9454116226700406,-0.2989985518838035
section_forward_to_stable,130.0483263608625,0.945411624594816,-0.2989985642542169
section_forward_to_stable,130.17458687189244,0.9454116264943587,-0.298998576462462
section_forward_to_stable,130.30084738292243,0.9454116283689995,-0.2989985885106644
section_forward_to_stable,130.42710789395238,0.9454116302190648,-0.29899860040092235
section_forward_to_stable,130.55336840498234,0.945411632044877,-0.2989986121353063
section_forward_to_stable,130.6796289160123,0.9454116338467538,-0.2989986237158602
section_forward_to_stable,130.80588942704227,0.9454116356250091,-0.29899863514459984
section_forward_to_stable,130.93214993807223,0.9454116373799525,-0.298998646423516
section_forward_to_stable,131.05841044910218,0.9454116391118896,-0.2989986575545726
section_forward_to_stable,131.18467096013217,0.9454116408211221,-0.29899866853970786
section_forward_to_stable,131.31093147116212,0.9454116425079475,-0.29899867938083485
section_forward_to_stable,131.43719198219208,0.9454116441726598,-0.2989986900798414
section_forward_to_stable,131.56345249322206,0.9454116458155485,-0.29899870063859024
section_forward_to_stable,131.689713004252,0.9454116474369001,-0.2989987110589209
section_forward_to_stable,131.81597351528197,0.9454116490369966,-0.2989987213426473
section_forward_to_stable,131.94223402631195,0.9454116506161168,-0.29899873149156053
section_forward_to_stable,132.0684945373419,0.9454116521745357,-0.29899874150742795
section_forward_to_stable,132.19475504837186,0.9454116537125247,-0.298998751391993
section_forward_to_stable,132.32101555940184,0.9454116552303515,-0.2989987611469784
section_forward_to_stable,132.4472760704318,0.9454116567282806,-0.29899877077408166
section_forward_to_stable,132.57353658146175,0.9454116582065728,-0.2989987802749797
section_forward_to_stable,132.69979709249174,0.9454116596654855,-0.29899878965132665
section_forward_to_stable,132.8260576035217,0.9454116611052726,-0.2989987989047556
section_forward_to_stable,132.95231811455164,0.9454116625261849,-0.2989988080368777
section_forward_to_stable,133.0785786255816,0.9454116639284701,-0.2989988170492837
section_forward_to_stable,133.20483913661158,0.9454116653123721,-0.2989988259435426
section_forward_to_stable,133.33109964764154,0.9454116666781318,-0.29899883472120325
section_forward_to_stable,133.4573601586715,0.9454116680259874,-0.29899884338379423
section_forward_to_stable,133.58362066970147,0.9454116693561734,-0.2989988519328241
section_forward_to_stable,133.70988118073143,0.9454116706689214,-0.29899886036978146
section_forward_to_stable,133.83614169176138,0.9454116719644601,-0.2989988686961355
section_forward_to_stable,133.96240220279137,0.9454116732430151,-0.29899887691333654
section_forward_to_stable,134.08866271382132,0.9454116745048089,-0.2989988850228152
section_forward_to_stable,134.21492322485128,0.9454116757500615,-0.29899889302598354
section_forward_to_stable,134.34118373588126,0.9454116769789895,-0.2989989009242352
section_forward_to_stable,134.4674442469112,0.945411678191807,-0.2989989087189457
section_forward_to_stable,134.59370475794117,0.9454116793887253,-0.2989989164114727
section_forward_to_stable,134.71996526897115,0.9454116805699526,-0.29899892400315514
section_forward_to_stable,134.8462257800011,0.9454116817356948,-0.29899893149531537
section_forward_to_stable,134.97248629103106,0.9454116828861547,-0.29899893888925816
section_forward_to_stable,135.09874680206104,0.945411684021533,-0.29899894618627093
section_forward_to_stable,135.225007313091,0.945411685142027,-0.29899895338762444
section_forward_to_stable,135.35126782412095,0.9454116862478321,-0.29899896049457253
section_forward_to_stable,135.4775283351509,0.9454116873391407,-0.29899896750835336
section_forward_to_stable,135.6037888461809,0.945411688416143,-0.29899897443018775
section_forward_to_stable,135.73004935721085,0.9454116894790264,-0.2989989812612811
section_forward_to_stable,135.8563098682408,0.945411690527976,-0.298998988002823
section_forward_to_stable,135.98257037927078,0.9454116915631746,-0.29899899465598767
section_forward_to_stable,136.10883089030074,0.9454116925848023,-0.2989990012219335
section_forward_to_stable,136.2350914013307,0.9454116935930371,-0.2989990077018039
section_forward_to_stable,136.36135191236067,0.9454116945880546,-0.2989990140967274
section_forward_to_stable,136.48761242339063,0.9454116955700281,-0.2989990204078174
section_forward_to_stable,136.61387293442058,0.9454116965391284,-0.2989990266361729
section_forward_to_stable,136.74013344545057,0.9454116974955243,-0.2989990327828785
section_forward_to_stable,136.86639395648052,0.9454116984393827,-0.29899903884900464
section_forward_to_stable,136.99265446751048,0.9454116993708674,-0.2989990448356076
section_forward_to_stable,137.11891497854046,0.9454117002901411,-0.2989990507437301
section_forward_to_stable,137.2451754895704,0.9454117011973635,-0.29899905657440085
section_forward_to_stable,137.37143600060037,0.945411702092693,-0.2989990623286349
section_forward_to_stable,137.49769651163035,0.9454117029762852,-0.29899906800743453
section_forward_to_stable,137.6239570226603,0.945411703848294,-0.29899907361178873
section_forward_to_stable,137.75021753369026,0.9454117047088714,-0.29899907914267354
section_forward_to_stable,137.87647804472022,0.945411705558167,-0.2989990846010517
section_forward_to_stable,138.0027385557502,0.9454117063963289,-0.2989990899878739
section_forward_to_stable,138.12899906678015,0.945411707223503,-0.29899909530407837
section_forward_to_stable,138.2552595778101,0.9454117080398334,-0.2989991005505906
section_forward_to_stable,138.3815200888401,0.9454117088454622,-0.29899910572832444
section_forward_to_stable,138.50778059987005,0.9454117096405297,-0.29899911083818137
section_forward_to_stable,138.6340411109,0.9454117104251744,-0.29899911588105155
section_forward_to_stable,138.76030162192998,0.9454117111995328,-0.2989991208578127
section_forward_to_stable,138.88656213295994,0.94541171196374,-0.29899912576933174
section_forward_to_stable,139.0128226439899,0.9454117127179288,-0.2989991306164635
section_forward_to_stable,139.13908315501988,0.9454117134622306,-0.2989991354000527
section_forward_to_stable,139.26534366604983,0.9454117141967752,-0.2989991401209321
section_forward_to_stable,139.39160417707978,0.9454117149216902,-0.2989991447799236
section_forward_to_stable,139.51786468810977,0.9454117156371021,-0.2989991493778383
section_forward_to_stable,139.64412519913972,0.9454117163431355,-0.2989991539154779
section_forward_to_stable,139.77038571016968,0.9454117170399131,-0.29899915839363156
section_forward_to_stable,139.89664622119963,0.9454117177275565,-0.29899916281307937
section_forward_to_stable,140.02290673222961,0.9454117184061852,-0.2989991671745911
section_forward_to_stable,140.14916724325957,0.9454117190759176,-0.2989991714789258
section_forward_to_stable,140.27542775428952,0.9454117197368701,-0.2989991757268339
section_forward_to_stable,140.4016882653195,0.945411720389158,-0.2989991799190543
section_forward_to_stable,140.52794877634946,0.9454117210328947,-0.2989991840563175
section_forward_to_stable,140.65420928737942,0.9454117216681925,-0.2989991881393436
section_forward_to_stable,140.7804697984094,0.945411722295162,-0.29899919216884385
section_forward_to_stable,140.90673030943935,0.9454117229139123,-0.2989991961455197
section_forward_to_stable,141.0329908204693,0.9454117235245512,-0.29899920007006414
section_forward_to_stable,141.1592513314993,0.9454117241271849,-0.29899920394315976
section_forward_to_stable,141.28551184252925,0.9454117247219184,-0.29899920776548194
section_forward_to_stable,141.4117723535592,0.9454117253088554,-0.2989992115376959
section_forward_to_stable,141.53803286458918,0.945411725888098,-0.2989992152604584
section_forward_to_stable,141.66429337561914,0.945411726459747,-0.2989992189344179
section_forward_to_stable,141.7905538866491,0.9454117270239022,-0.29899922256021394
section_forward_to_stable,141.91681439767908,0.9454117275806616,-0.29899922613847824
section_forward_to_stable,142.04307490870903,0.9454117281301222,-0.29899922966983367
section_forward_to_stable,142.16933541973899,0.9454117286723798,-0.2989992331548951
section_forward_to_stable,142.29559593076894,0.9454117292075287,-0.29899923659426986
section_forward_to_stable,142.42185644179892,0.9454117297356621,-0.29899923998855654
section_forward_to_stable,142.54811695282888,0.945411730256872,-0.2989992433383458
section_forward_to_stable,142.67437746385883,0.9454117307712491,-0.2989992466442221
section_forward_to_stable,142.80063797488882,0.9454117312788831,-0.29899924990676024
section_forward_to_stable,142.92689848591877,0.9454117317798624,-0.2989992531265282
section_forward_to_stable,143.05315899694872,0.9454117322742741,-0.2989992563040874
section_forward_to_stable,143.1794195079787,0.9454117327622044,-0.2989992594399907
section_forward_to_stable,143.30568001900866,0.9454117332437382,-0.2989992625347843
section_forward_to_stable,143.43194053003862,0.9454117337189594,-0.2989992655890068
section_forward_to_stable,143.5582010410686,0.9454117341879508,-0.2989992686031907
section_forward_to_stable,143.68446155209855,0.9454117346507939,-0.29899927157786044
section_forward_to_stable,143.8107220631285,0.9454117351075694,-0.2989992745135342
section_forward_to_stable,143.9369825741585,0.945411735558357,-0.2989992774107231
section_forward_to_stable,144.06324308518845,0.945411736003235,-0.2989992802699317
section_forward_to_stable,144.1895035962184,0.9454117364422808,-0.2989992830916577
section_forward_to_stable,144.31576410724838,0.9454117368755712,-0.2989992858763925
section_forward_to_stable,144.44202461827834,0.9454117373031813,-0.29899928862462144
section_forward_to_stable,144.5682851293083,0.9454117377251857,-0.29899929133682274
section_forward_to_stable,144.69454564033825,0.945411738141658,-0.2989992940134688
section_forward_to_stable,144.82080615136823,0.9454117385526705,-0.2989992966550257
section_forward_to_stable,144.94706666239819,0.9454117389582949,-0.29899929926195323
section_forward_to_stable,145.07332717342814,0.9454117393586018,-0.2989993018347059
section_forward_to_stable,145.19958768445812,0.9454117397536609,-0.29899930437373157
section_forward_to_stable,145.32584819548808,0.945411740143541,-0.29899930687947185
section_forward_to_stable,145.45210870651803,0.9454117405283101,-0.29899930935236374
section_forward_to_stable,145.57836921754802,0.9454117409080351,-0.2989993117928375
section_forward_to_stable,145.70462972857797,0.9454117412827823,-0.2989993142013183
section_forward_to_stable,145.83089023960792,0.9454117416526165,-0.2989993165782251
section_forward_to_stable,145.9571507506379,0.9454117420176026,-0.2989993189239727
section_forward_to_stable,146.08341126166786,0.9454117423778039,-0.29899932123896844
section_forward_to_stable,146.20967177269782,0.9454117427332832,-0.2989993235236163
section_forward_to_stable,146.3359322837278,0.9454117430841024,-0.2989993257783138
section_forward_to_stable,146.46219279475775,0.9454117434303224,-0.2989993280034537
section_forward_to_stable,146.5884533057877,0.9454117437720039,-0.29899933019942315
section_forward_to_stable,146.7147138168177,0.945411744109206,-0.29899933236660514
section_forward_to_stable,146.84097432784765,0.9454117444419877,-0.29899933450537663
section_forward_to_stable,146.9672348388776,0.9454117447704068,-0.29899933661611017
section_forward_to_stable,147.09349534990756,0.9454117450945205,-0.29899933869917333
section_forward_to_stable,147.21975586093754,0.9454117454143853,-0.29899934075492884
section_forward_to_stable,147.3460163719675,0.9454117457300569,-0.29899934278373463
section_forward_to_stable,147.47227688299745,0.9454117460415903,-0.29899934478594425
section_forward_to_stable,147.59853739402743,0.9454117463490396,-0.29899934676190615
section_forward_to_stable,147.7247979050574,0.9454117466524584,-0.2989993487119643
section_forward_to_stable,147.85105841608734,0.9454117469518997,-0.29899935063645816
section_forward_to_stable,147.97731892711732,0.9454117472474154,-0.2989993525357233
section_forward_to_stable,148.10357943814728,0.9454117475390571,-0.29899935441008996
section_forward_to_stable,148.22983994917723,0.9454117478268756,-0.29899935625988533
section_forward_to_stable,148.35610046020722,0.945411748110921,-0.2989993580854311
section_forward_to_stable,148.48236097123717,0.9454117483912428,-0.29899935988704474
section_forward_to_stable,148.60862148226713,0.9454117486678896,-0.29899936166504054
section_forward_to_stable,148.7348819932971,0.9454117489409097,-0.298999363419728
section_forward_to_stable,148.86114250432706,0.9454117492103508,-0.29899936515141257
section_forward_to_stable,148.98740301535702,0.9454117494762597,-0.2989993668603959
section_forward_to_stable,149.113663526387,0.9454117497386827,-0.29899936854697556
section_forward_to_stable,149.23992403741696,0.9454117499976654,-0.2989993702114449
section_forward_to_stable,149.3661845484469,0.9454117502532531,-0.29899937185409425
section_forward_to_stable,149.49244505947686,0.9454117505054902,-0.2989993734752095
section_forward_to_stable,149.61870557050685,0.9454117507544205,-0.298999375075073
section_forward_to_stable,149.7449660815368,0.9454117510000877,-0.29899937665396314
section_forward_to_stable,149.87122659256676,0.9454117512425342,-0.2989993782121554
section_forward_to_stable,149.99748710359674,0.9454117514818023,-0.29899937974992047
section_forward_to_stable,150.1237476146267,0.9454117517179339,-0.29899938126752645
section_forward_to_stable,150.25000812565665,0.9454117519509699,-0.2989993827652375
section_forward_to_stable,150.37626863668663,0.9454117521809511,-0.2989993842433146
section_forward_to_stable,150.5025291477166,0.9454117524079172,-0.2989993857020152
section_forward_to_stable,150.62878965874654,0.9454117526319079,-0.298999387141593
section_forward_to_stable,150.75505016977652,0.9454117528529623,-0.29899938856229924
section_forward_to_stable,150.88131068080648,0.9454117530711189,-0.2989993899643805
section_forward_to_stable,151.00757119183643,0.9454117532864155,-0.2989993913480814
section_forward_to_stable,151.13383170286642,0.9454117534988896,-0.2989993927136428
section_forward_to_stable,151.26009221389637,0.9454117537085784,-0.29899939406130255
section_forward_to_stable,151.38635272492633,0.9454117539155183,-0.2989993953912954
section_forward_to_stable,151.51261323595628,0.9454117541197454,-0.2989993967038528
