A,r,psi,discriminant,lambda1_real,lambda1_imag,lambda2_real,lambda2_imag,g_declared_metric,gcrit_declared_metric,R_B_declared_metric,bounded_margin,lambda_transverse
0.17834092261620293,0.820568946180197,-0.21775366368909746,0.0021361825352874553,-0.046362819172765905,0.0,-0.0001439644131826165,0.0,0.0551224820253409,0.05977067557302573,0.6779450182135893,-0.08078110455875209,-0.1641445838654998
0.17834509290050132,0.8195759502242546,-0.21761152310925652,0.0017581205254984088,-0.04413153344804793,0.0,-0.0022015856124208352,0.0,0.05584362459882157,0.05964931298605804,0.6834354707903385,-0.06583191453117676,-0.16397133567374989
0.1783492631847997,0.8191343440783021,-0.21754887508522308,0.0015892534756973848,-0.04306056653066545,0.0,-0.003195124407224914,0.0,0.056163550365624634,0.0595957864164607,0.6858398404763304,-0.059247426430803385,-0.16389432388490144
0.1783534334690981,0.818794590441063,-0.21750091038398348,0.0014590266167783597,-0.04219662333054312,0.0,-0.003999416406759319,0.0,0.05640936375275733,0.05955478967459698,0.6876742094728718,-0.054208363251721625,-0.16383508901804342
0.1783576037533965,0.8185076403009699,-0.2174605577658593,0.0013488311274437812,-0.041436020535151476,0.0,-0.004709584178709529,0.0,0.056616755079603134,0.05952028845364169,0.6892130970791359,-0.0499706136291711,-0.1637850703283319
0.17836177403769488,0.8182544569567707,-0.2174250727963374,0.001251444739890183,-0.04073841408214008,0.0,-0.005362649215636013,0.0,0.056799576315045654,0.05948994078448255,0.6905630457460868,-0.046245359699775945,-0.16374094524597685
0.17836594432199326,0.8180252682911373,-0.21739304668656406,0.001163160099395653,-0.04008292147232706,0.0,-0.0059777884364385775,0.0,0.05696493809004405,0.059462544483493675,0.6917787455466496,-0.042884334419807546,-0.16370100819069633
0.17837011460629165,0.8178142660795407,-0.21736364210634074,0.001081773708521994,-0.03945692964941997,0.0,-0.006566601154222564,0.0,0.05711706672602068,0.059437385024201705,0.692892701635229,-0.03979940804126714,-0.1636642454193031
0.17837428489059004,0.8176176645794931,-0.21733631329707206,0.0010058493704513498,-0.03885199682464795,0.0,-0.007136868408522137,0.0,0.05725871689474657,0.05941399669308212,0.693926100012744,-0.03693313544220633,-0.16362999618256052
0.17837845517488843,0.8174328335264237,-0.21731068107901597,0.0009343892562418705,-0.03826201773145495,0.0,-0.007694236388317344,0.0,0.05739180249025691,0.05939205592620218,0.6948936599557076,-0.03424560270672272,-0.16359780140289265
0.17838262545918682,0.8172578574687147,-0.21728646932250653,0.0008666667219864657,-0.03768228348672635,0.0,-0.008243079659406793,0.0,0.0575177172767546,0.0593713270967164,0.69580610029311,-0.03170774158978917,-0.16356732676298338
0.17838679574348518,0.8170912901758614,-0.21726346954216832,0.0008021331348836685,-0.03710894744418482,0.0,-0.008786992446627374,0.0,0.05763751359236139,0.05935163230131553,0.6966715138993608,-0.029297603442345554,-0.16353831984139236
0.17839096602778357,0.8169320079339538,-0.21724151974731756,0.0007403622160491209,-0.03653869304474966,0.0,-0.009329095178387835,0.0,0.05775200909793729,0.05933283331226069,0.6974961887401362,-0.02699813338596857,-0.16351058450744752
0.17839513631208195,0.8167791170232362,-0.21722049110355166,0.0006810149392999943,-0.03596850754610145,0.0,-0.009872244608661603,0.0,0.05786185410055583,0.059314820195116566,0.6982851256775224,-0.02479576651505344,-0.16348396477280297
0.17839930659638034,0.8166318927590199,-0.21720027914467327,0.0006238164046061725,-0.03539551103722656,0.0,-0.010419194162911954,0.0,0.05796757591005317,0.059297503809513936,0.6990423796261104,-0.02267950297332999,-0.16345833415190836
0.17840347688067873,0.8164897378549942,-0.21718079777022145,0.0005685400421281874,-0.03481681041272486,0.0,-0.010972732696692591,0.0,0.058069609135730685,0.059280810687005484,0.6997712925691362,-0.020640276192240847,-0.16343358839491717
0.17840764716497712,0.8163521531128664,-0.21716197502001924,0.000514996492648084,-0.03422935645611941,0.0,-0.011535822296626218,0.0,0.05816831701386401,0.05926467942533227,0.7004746575898272,-0.018670508148828757,-0.16340964037197525
0.1784118174492755,0.8162187162508615,-0.2171437500220503,0.00046302557570873995,-0.03362978375510242,0.0,-0.012111754669966862,0.0,0.058264006813016175,0.059249058083942395,0.7011548373533881,-0.016763788111887723,-0.1633864163780288
0.1784159877335739,0.8160890662684523,-0.21712607073845747,0.0004124903580751578,-0.033014208879817375,0.0,-0.012704350237395495,0.0,0.058356941210942,0.05923390226058157,0.7018138516056098,-0.014914635388998176,-0.16336385340390228
0.17842015801787228,0.8159628916749667,-0.21710889226856928,0.00036327268806602385,-0.03237795010349441,0.0,-0.013318236357846992,0.0,0.05844734685996408,0.059219173643216765,0.7024534430478014,-0.01311832070057839,-0.16334189708176072
0.17842432830217067,0.8158399214746871,-0.21709217554930965,0.00031526977561894057,-0.031715105473682434,0.0,-0.013959267683847358,0.0,0.05853542094660321,0.05920483890106254,0.7030751277851647,-0.0113707293797487,-0.16332050011167898
0.17842849858646906,0.8157199181588527,-0.21707588634492692,0.0002683915337242781,-0.03101786864714673,0.0,-0.014635209103462263,0.0,0.058621336290898204,0.05919086882249363,0.7036802345440061,-0.009668255024185224,-0.1632996210384881
0.17843266887076745,0.8156026721838541,-0.21705999445097482,0.0002225584836748236,-0.030275328902506747,0.0,-0.015356934763899856,0.0,0.058705245364307296,0.05917723763578551,0.7042699355717678,-0.008007715699476226,-0.16327922328801558
0.17843683915506584,0.8154879975676373,-0.21704447305949612,0.00017770008452834898,-0.029471158980624145,0.0,-0.016140739462531223,0.0,0.058787283493951153,0.059163922467414795,0.7048452712792621,-0.0063862871105268,-0.16325927439849428
0.17844100943936422,0.8153757283395019,-0.21702929824723222,0.00013375338632013248,-0.028578566510265205,0.0,-0.0170133866015853,0.0,0.05886757144589019,0.0591509029053405,0.705407170107189,-0.00480144872273458,-0.1632397454009193
0.1784451797236626,0.8152657156496158,-0.21701444855893798,9.066193355454152e-05,-0.02754702886089936,0.0,-0.018025372830851726,0.0,0.05894621752836153,0.05913816064344199,0.7059564647008588,-0.003250939894130167,-0.1632206103145498
0.178449350007961,0.8151578253936553,-0.21699990466495672,4.837486410231087e-05,-0.026254212438961214,0.0,-0.019299008336829362,0.0,0.05902331932019155,0.05912567918932411,0.706493905201983,-0.0017327238249029708,-0.16320184573231916
0.1784535202922594,0.8150519362456649,-0.21698564907764434,6.846162977639653e-06,-0.024075453262386616,0.0,-0.02145893592484919,0.0,0.05909896510216755,0.059113443622340486,0.7070201702563569,-0.00024495770134425054,-0.16318343047749428
0.17845421487754967,0.8150344863116681,-0.21698330159872772,-8.864436962241484e-16,-0.022765642618469972,1.4921894770976197e-08,-0.022765642618469972,-1.4921894770976197e-08,0.05911142863539431,0.059111428635392434,0.7071067811865587,3.1530333899354446e-14,-0.16318039587002112
0.17845769057655778,0.8149479380156553,-0.21697166591460726,-3.3965960702602924e-05,-0.02275794384651278,0.0029140161591264925,-0.02275794384651278,-0.0029140161591264925,0.059173235052117384,0.05910144039156307,0.707535876204116,0.0012140322318521246,-0.16316534531701393
0.17846186086085616,0.8148457302690014,-0.21695794069968113,-7.409959744397558e-05,-0.022748849381401336,0.004304056152165534,-0.022748849381401336,-0.004304056152165534,0.05924620224949273,0.05908965714595748,0.7080415848049547,0.002645771626223814,-0.16314757272052094
0.17846603114515455,0.8147452211586693,-0.21694446019459085,-0.00011358958035437988,-0.022739903182546248,0.005328920630727672,-0.022739903182546248,-0.005328920630727672,0.059317933525087414,0.05907808259073829,0.7085378097725226,0.004051655754486738,-0.16313009665654069
0.17847020142945294,0.8146463264309597,-0.21693121225562387,-0.00015246786230810327,-0.022731097896883514,0.006173893874778364,-0.022731097896883514,-0.006173893874778364,0.05938849018449939,0.05906670636506961,0.7090250223376707,0.005432964601868928,-0.16311290241894513
0.17847437171375133,0.8145489685747672,-0.21691818571099292,-0.00019076383866001648,-0.022722426759778768,0.00690586415048865,-0.022722426759778768,-0.00690586415048865,0.05945792862716351,0.0590555189374191,0.709503656008754,0.0067908757795764885,-0.16309597647846552
0.1784785419980497,0.814453076089453,-0.2169053702552974,-0.00022850462496825166,-0.02271388353113482,0.007558184718704772,-0.02271388353113482,-0.007558184718704772,0.05952630087907722,0.059044511515503,0.7099741106681089,0.00812647563794422,-0.1630793063549075
0.17848271228234808,0.8143585828518898,-0.21689275635828126,-0.0002657152970945015,-0.022705462440154058,0.008150387983011986,-0.022705462440154058,-0.008150387983011986,0.059593655053363476,0.0590336759684305,0.7104367561136059,0.009440768874446226,-0.16306288050667586
0.17848688256664647,0.8142654275668055,-0.21688033518559874,-0.0003024190997029663,-0.02269715813737007,0.008695100627694956,-0.02269715813737007,-0.008695100627694956,0.05966003575022231,0.05902300475909425,0.7108919351341474,0.010734686877545752,-0.16304668823483776
0.17849105285094485,0.8141735532872029,-0.2168680985296821,-0.00033863762817974187,-0.022688965652794678,0.009201054670250362,-0.022688965652794678,-0.009201054670250362,0.05972548440589266,0.05901249088518118,0.711339966192972,0.012009095006837223,-0.16303071959941692
0.17849522313524324,0.8140829069943749,-0.2168560387492004,-0.00037439098794407773,-0.022680880359266214,0.009674592858927902,-0.022680880359266214,-0.009674592858927902,0.059790039598249786,0.05900212782751363,0.71178114577751,0.013264798968689817,-0.1630149653460899
0.17849939341954163,0.8139934392287462,-0.21684414871584506,-0.00040969793447638396,-0.022672897940232764,0.010120498190262023,-0.022672897940232764,-0.010120498190262023,0.05985373731541844,0.05899190950464324,0.7122157504648688,0.014502550420472549,-0.16299941684175287
0.17850356370384002,0.8139051037639691,-0.2168324217673509,-0.0004445759969450482,-0.022665014361310735,0.010542485439224597,-0.022665014361310735,-0.010542485439224597,0.05991661119291464,0.058981830232764404,0.7126440387451922,0.01572305191811796,-0.16298406601763876
0.1785077339881384,0.813817857318774,-0.21682085166595924,-0.000479041587499094,-0.022657225845137914,0.010943509349142679,-0.022657225845137914,-0.010943509349142679,0.05997869272331286,0.05897188469027261,0.713066252633975,0.01692696129091975,-0.16296890531902297
0.1785119042724368,0.8137316593005536,-0.21680943256145616,-0.0005131100985386588,-0.022649528848996035,0.011325966830017834,-0.022649528848996035,-0.011325966830017834,0.06004001144282513,0.058962067886225863,0.7134826191065234,0.018114895534208753,-0.16295392766046912
0.17851607455673518,0.8136464715773817,-0.2167981589583092,-0.0005467959891851532,-0.022641920044914783,0.011691834642017864,-0.022641920044914783,-0.011691834642017864,0.06010059509718796,0.05895237513230357,0.7138933513735918,0.019287434270837123,-0.1629391263860365
0.17852024484103357,0.8135622582739438,-0.21678702568625124,-0.0005801128626926385,-0.022634396301862605,0.012042766113861032,-0.022634396301862605,-0.012042766113861032,0.060160469790151626,0.05894280201770685,0.7142986500229893,0.020445122849329866,-0.16292449523366204
0.17852441512533196,0.8134789855890631,-0.21677602787397734,-0.0006130735356560339,-0.022626954669822064,0.012380160900166373,-0.022626954669822064,-0.012380160900166373,0.060219660116254355,0.0589333443867153,0.7146987040405777,0.021588475114562522,-0.16291002830331086
0.17852858540963035,0.8133966216314947,-0.21676516092547485,-0.0006456901002993565,-0.022619592365459594,0.012705216451317879,-0.022619592365459594,-0.012705216451317879,0.060278189280305094,0.05892399831849031,0.7150936917288716,0.022717975900852894,-0.16289572002831582
0.17853275569392874,0.8133151362721682,-0.2167544204987251,-0.0006779739805206804,-0.022612306759230524,0.013018966745873857,-0.022612306759230524,-0.013018966745873857,0.06033607920489735,0.05891476010890205,0.7154837815336784,0.02383408327546488,-0.16288156514958757
0.17853692597822712,0.8132345010108456,-0.21674380248648237,-0.0007099359824675466,-0.022605095363742278,0.013322311947139131,-0.022605095363742278,-0.013322311947139131,0.06039335062743313,0.05890562625412951,0.7158691327901019,0.0249372305633051,-0.16286755869234099
0.1785410962625255,0.8131546888554675,-0.2167333029988823,-0.0007415863403006494,-0.022597955823224773,0.01361604146127506,-0.022597955823224773,-0.01361604146127506,0.060450023187915584,0.0588965934358208,0.7162498963975533,0.026027828179011836,-0.16285369594503588
0.1785452665468239,0.813075674212635,-0.21672291834765556,-0.0007729347577369924,-0.02259088590397277,0.013900852111804095,-0.02259088590397277,-0.013900852111804095,0.060506115508638644,0.058887658507623425,0.716626215432374,0.027106265289854825,-0.16283997244026177
0.1785494368311223,0.8129974327883887,-0.21671264503182555,-0.0008039904456771507,-0.022583883485686587,0.014177362639760913,-0.022583883485686587,-0.014177362639760913,0.06056164526638266,0.05887881848298148,0.7169982257030342,0.02817291132259836,-0.16282638393741927
0.17855360711542068,0.8129199414974191,-0.21670247972462195,-0.000834762156650461,-0.022576946553548954,0.014446125403118114,-0.022576946553548954,-0.014446125403118114,0.06061662925847739,0.05887007052396899,0.7173660562578578,0.029228117341904003,-0.16281292640687392
0.17855777739971906,0.8128431783807372,-0.2166924192616131,-0.0008652582160340871,-0.022570073191039954,0.014707635908211844,-0.022570073191039954,-0.014707635908211844,0.060671083462707186,0.05886141193116471,0.7177298298457447,0.030272217300803428,-0.16279959601558586
0.17856194768401745,0.8127671225301355,-0.21668246062981789,-0.0008954865507067155,-0.022563261573344665,0.01496234064833036,-0.022563261573344665,-0.01496234064833036,0.06072502309227572,0.05885284013436175,0.7180896633386884,0.031305529187741765,-0.16278638911392515
0.17856611796831584,0.8126917540190913,-0.21667260095774601,-0.0009254547152570073,-0.022556509961322975,0.015210643602893726,-0.022556509961322975,-0.015210643602893726,0.06077846264608364,0.05884435268406929,0.7184456681182978,0.03232835607589468,-0.16277330222361167
0.1785702882526142,0.8126170538394963,-0.21666283750627807,-0.0009551699159781844,-0.022549816695987848,0.015452911667208408,-0.022549816695987848,-0.015452911667208408,0.06083141595476569,0.05883594724373166,0.7187979504297806,0.0333409870841066,-0.16276033202667128
0.1785744585369126,0.8125430038433061,-0.2166531676602548,-0.0009846390330053249,-0.0225431801934131,0.015689479221801167,-0.0225431801934131,-0.015689479221801167,0.06088389622314953,0.05882762158255177,0.7191466117082435,0.034343698262894184,-0.1627474753552517
0.17857862882121098,0.8124695866892527,-0.21664358892079622,-0.00101386864051764,-0.02253659894008282,0.015920652000763334,-0.02253659894008282,-0.015920652000763334,0.060935916069028345,0.05881937356893779,0.7194917488769411,0.035336753403998555,-0.16273472918232101
0.17858279910550937,0.8123967857933835,-0.21663409889817237,-0.0010428650255028971,-0.02253007148857479,0.01614671038867434,-0.02253007148857479,-0.01614671038867434,0.06098748755915111,0.05881120116442009,0.7198334546238602,0.03632040479144183,-0.16272209061303483
0.17858696938980775,0.8123245852834831,-0.21662469530523368,-0.0010716342050462214,-0.022523596453582942,0.01636791224504687,-0.022523596453582942,-0.01636791224504687,0.06103862224238673,0.05880310241804621,0.7201718176566217,0.03729489389368479,-0.16270955687678104
0.17859113967410614,0.8122529699571919,-0.21661537595137434,-0.0011001819422088218,-0.02251717250826214,0.016584495336072366,-0.02251717250826214,-0.016584495336072366,0.06108933118019815,0.05879507546122995,0.7205069229368798,0.03826045199994166,-0.16269712531986938
0.17859530995840453,0.8121819252429779,-0.21660613873690654,-0.0011285137608342474,-0.022510798380822206,0.016796679439953634,-0.022510798380822206,-0.016796679439953634,0.06113962497504095,0.05878711850295172,0.7208388518985488,0.03921730081283603,-0.16268479339871939
0.17859948024270292,0.812111437164112,-0.2165969816478683,-0.0011566349592101715,-0.02250447285138385,0.01700466817678437,-0.02250447285138385,-0.01700466817678437,0.06118951379657562,0.05877922982532839,0.7211676826493297,0.0401656529956087,-0.16267255867357255
0.1786036505270013,0.8120414923052393,-0.21658790275120504,-0.0011845506227464303,-0.022498194749061458,0.0172086506062099,-0.022498194749061458,-0.0172086506062099,0.06123900740599179,0.05877140777950201,0.7214934901577107,0.041105712679909256,-0.1626604188026577
0.1786078208112997,0.8119720777812783,-0.2165789001902867,-0.0012122656357713268,-0.02249196294924871,0.017408802628062395,-0.02249196294924871,-0.017408802628062395,0.0612881151786378,0.0587636507818153,0.7218163464269003,0.04203767593815777,-0.1626483715367621
0.17861199109559808,0.8119031812085442,-0.21656997218074567,-0.0012397846924834775,-0.022485776371098477,0.01760528821464928,-0.022485776371098477,-0.01760528821464928,0.061336846125033186,0.05875595731026029,0.7221363206563635,0.042961731222220356,-0.16263641471419152
0.17861616137989647,0.811834790677897,-0.2165611170066065,-0.0012671123071330906,-0.02247963397517945,0.0177982604988036,-0.02247963397517945,-0.0177982604988036,0.06138520891040542,0.05874832590117649,0.7224534793920381,0.043878059771323974,-0.16262454625608336
0.17862033166419486,0.8117668947296064,-0.21655233301666302,-0.0012942528235578392,-0.022473534761282422,0.017987862738231542,-0.022473534761282422,-0.017987862738231542,0.061433211872980606,0.058740755146159514,0.7227678866668856,0.04478683599383215,-0.1626127641620192
0.17862450194849325,0.8116994823299838,-0.21654361862111013,-0.0013212104240440323,-0.022467477766381028,0.01817422917240255,-0.022467477766381028,-0.01817422917240255,0.06148086304098606,0.058733243689187455,0.7230796041316082,0.045688227822246574,-0.1626010665059463
0.17862867223279164,0.8116325428495649,-0.21653497228839938,-0.0013479891375993303,-0.022461462062727543,0.018357485786453232,-0.022461462062727543,-0.018357485786453232,0.06152817014852496,0.058725790223938285,0.7233886911766991,0.04658239704467548,-0.16258945143236925
0.17863284251709002,0.8115660660425644,-0.21652639254227735,-0.0013745928477494809,-0.022455486756060072,0.0185377509945886,-0.022455486756060072,-0.0185377509945886,0.06157514065052681,0.05871839349126294,0.7236952050472729,0.04746949961682878,-0.16257791715276418
0.1786370128013884,0.8115000420279536,-0.21651787795905875,-0.0014010252997067284,-0.022449550983950795,0.01871513625188667,-0.022449550983950795,-0.01871513625188667,0.06162178173651494,0.05871105227685844,0.7239992009490507,0.04834968594972766,-0.1625664619422755
0.1786411830856868,0.8114344612713714,-0.21650942716501892,-0.0014272901072363495,-0.0224436539142276,0.018889746605211203,-0.0224436539142276,-0.018889746605211203,0.06166810034376882,0.058703765409043845,0.7243007321493928,0.04922310118429296,-0.16255508413655906
0.1786453533699852,0.8113693145683715,-0.2165010388339792,-0.0014533907590092762,-0.022437794743511822,0.019061681189032603,-0.022437794743511822,-0.019061681189032603,0.061714103169514936,0.058696531756699345,0.7245998500710414,0.0500898854459515,-0.1625437821288574
0.17864952365428358,0.8113045930286985,-0.21649271168504083,-0.0014793306245622327,-0.022431972695846097,0.01923103367322094,-0.022431972695846097,-0.01923103367322094,0.061759796682366155,0.05868935022733381,0.7248966043800795,0.05095017408353897,-0.16253255436725583
0.17865369393858196,0.8112402880614847,-0.2164844444804512,-0.0015051129599126817,-0.022426187021402342,0.019397892668487748,-0.022426187021402342,-0.019397892668487748,0.06180518713309459,0.0586822197652634,0.7251910430687448,0.05180409789426821,-0.1625213993520982
0.17865786422288035,0.8111763913612138,-0.21647623602358082,-0.00153074091288531,-0.02242043699525674,0.019562342094476506,-0.02242043699525674,-0.019562342094476506,0.06185028056484395,0.058675139349886385,0.7254832125338294,0.052651783336810976,-0.1625103156335369
0.1786620345071787,0.811112894894776,-0.21646808515705762,-0.0015562175280157617,-0.022414721916260184,0.01972446151366217,-0.022414721916260184,-0.01972446151366217,0.06189508282254909,0.05866810799409055,0.7257731576492137,0.053493352728220867,-0.1624993018092737
0.1786662047914771,0.8110497908889767,-0.21645999076096653,-0.0015815457512930921,-0.0224090411059479,0.019884326436248052,-0.0224090411059479,-0.019884326436248052,0.06193959956202485,0.058661124742717945,0.7260609218355948,0.05432892443350745,-0.16248835652237903
0.1786703750757755,0.8109870718190836,-0.21645195175119886,-0.0016067284344961266,-0.022403393907539978,0.020042008597544108,-0.022403393907539978,-0.020042008597544108,0.061983836258299015,0.05865418867115623,0.7263465471246843,0.05515861303990244,-0.16247747845929306
0.17867454536007388,0.8109247303976489,-0.21644396707784122,-0.00163176833944104,-0.02239777968496589,0.020197576212512742,-0.02239777968496589,-0.020197576212512742,0.06202779821374668,0.05864729888396409,0.7266300742215522,0.05598252952643712,-0.1624666663478748
0.17867871564437227,0.8108627595643192,-0.21643603572370682,-0.0016566681418389295,-0.022392197821975168,0.020351094207922398,-0.022392197821975168,-0.020351094207922398,0.062071490565504206,0.05864045451361837,0.7269115425617488,0.056800781419002355,-0.16245591895562322
0.17868288592867065,0.8108011524759827,-0.21642815670291546,-0.0016814304350349016,-0.022386647721277443,0.02050262443587956,-0.022386647721277443,-0.02050262443587956,0.06211491829263825,0.05863365471930264,0.7271909903663419,0.05761347293996244,-0.1624452350879577
0.17868705621296904,0.8107399024975601,-0.21642032905956632,-0.0017060577334992028,-0.022381128803738756,0.02065222586974103,-0.022381128803738756,-0.02065222586974103,0.06215808622284691,0.05862689868577452,0.7274684546934536,0.058420705148162666,-0.1624346135866102
0.17869122649726743,0.8106790031931833,-0.21641255186646638,-0.0017305524761751928,-0.022375640507611715,0.020799954784657564,-0.022375640507611715,-0.020799954784657564,0.062200999038878234,0.05862018562228145,0.7277439714875221,0.059222576072862854,-0.16242405332808602
0.17869539678156582,0.8106184483180111,-0.21640482422395116,-0.001754917029579488,-0.022370182287821217,0.020945864923532564,-0.022370182287821217,-0.020945864923532564,0.062243661284485476,0.05861351476155379,0.7280175756251556,0.06001918083825819,-0.16241355322223494
0.1786995670658642,0.8105582318103658,-0.216397145258751,-0.0017791536907841628,-0.02236475361527815,0.021090007650450014,-0.02236475361527815,-0.021090007650450014,0.06228607737014823,0.0586068853588386,0.7282893009590806,0.060810611782932567,-0.1624031122108787
0.1787037373501626,0.8104983477842302,-0.21638951412291013,-0.0018032646902656092,-0.02235935397622458,0.02123243209258897,-0.02235935397622458,-0.02123243209258897,0.062328251578532626,0.058600296690976335,0.7285591803600472,0.061596958573807425,-0.16239272926650142
0.17870790763446098,0.8104387905223067,-0.21638192999278608,-0.0018272521945311947,-0.02235398287162793,0.021373185271100766,-0.02235398287162793,-0.021373185271100766,0.062370188069540644,0.05859374805554831,0.7288272457557248,0.062378308311751285,-0.16238240339103807
0.17871207791875937,0.8103795544692141,-0.2163743920680691,-0.0018511183087050413,-0.02234863981658742,0.021512312222916892,-0.02234863981658742,-0.021512312222916892,0.06241189088526181,0.058587238770039046,0.7290935281686621,0.06315474563485535,-0.16237213361468691
0.17871624820305776,0.8103206342252499,-0.21636689957088348,-0.0018748650788872022,-0.022343324339789482,0.02164985611318931,-0.022343324339789482,-0.02164985611318931,0.062453363954510156,0.05858076817107051,0.7293580577512516,0.06392635281335624,-0.16236191899482094
0.17872041848735615,0.8102620245402425,-0.21635945174490118,-0.0018984944944905723,-0.02233803598297128,0.02178585834027761,-0.02233803598297128,-0.02178585834027761,0.06249461109729878,0.05857433561364547,0.729620863820019,0.06469320984294136,-0.16235175861491444
0.17872458877165454,0.810203720307927,-0.2163520478545314,-0.0019220084903687068,-0.02233277430042984,0.021920358632836656,-0.02233277430042984,-0.021920358632836656,0.06253563602893199,0.05856794047045601,0.7298819748871729,0.06545539453039928,-0.16234165158356145
0.17872875905595292,0.8101457165603773,-0.21634468718411828,-0.0019454089489311464,-0.02232753885853621,0.022053395140721254,-0.02232753885853621,-0.022053395140721254,0.0625764423640558,0.05856158213119938,0.7301414186916327,0.06621298257806019,-0.16233159703350408
0.1787329293402513,0.8100880084629039,-0.21633736903720524,-0.0019686977020751534,-0.02232232923529002,0.022185004519242015,-0.02232232923529002,-0.022185004519242015,0.06261703362037169,0.058555260001950035,0.7303992222276532,0.06696604766152148,-0.16232159412074162
0.1787370996245497,0.8100305913090201,-0.2163300927358098,-0.0019918765330975627,-0.02231714501988029,0.02231522200818065,-0.02231714501988029,-0.02231522200818065,0.06265741322229854,0.058548973504541316,0.7306554117728842,0.0677146615060058,-0.16231164202365203
0.1787412699088481,0.8099734605158516,-0.21632285761976194,-0.00201494717843005,-0.02231198581228466,0.022444081505098693,-0.02231198581228466,-0.022444081505098693,0.06269758450431231,0.058542722076000794,0.7309100129141487,0.06845889395632199,-0.16230173994219066
0.17874544019314648,0.809916611619501,-0.2163156630460359,-0.002037911329403761,-0.022306851222864917,0.022571615634485294,-0.022306851222864917,-0.022571615634485294,0.06273755071432031,0.0585365051679802,0.7311630505732404,0.06919881304713371,-0.1622918870970811
0.17874961047744486,0.8098600402708418,-0.21630850838814414,-0.0020607706338400984,-0.022301740872000007,0.022697855811948966,-0.022301740872000007,-0.022697855811948966,0.06277731501672042,0.05853032224623854,0.7314145490305046,0.06993448506699296,-0.16228208272908118
0.17875378076174323,0.809803742231437,-0.21630139303554916,-0.0020835266975981794,-0.022296654389729637,0.022822832304504714,-0.022296654389729637,-0.022822832304504714,0.06281688049537106,0.058524172790140175,0.7316645319476681,0.07066597462040058,-0.1622723260982703
0.1787579510460416,0.8097477133696158,-0.21629431639309807,-0.0021061810860634918,-0.02229159141541194,0.02294657428715388,-0.02229159141541194,-0.02294657428715388,0.06285625015644619,0.0585180562921725,0.7319130223897579,0.07139334468742042,-0.16226261648336482
0.17876212133034,0.8096919496567611,-0.21628727788048743,-0.0021287353255546974,-0.022286551597399534,0.023069109895890522,-0.022286551597399534,-0.023069109895890522,0.0628954269311362,0.058511972257489483,0.7321600428458711,0.07211665668013567,-0.16225295318106991
0.1787662916146384,0.8096364471636847,-0.21628027693174104,-0.0021511909047011377,-0.022281534592723105,0.023190466277659947,-0.022281534592723105,-0.023190466277659947,0.0629344136782859,0.05850592020346603,0.732405615249385,0.07283597049766022,-0.16224333550544695
0.17877046189893678,0.8095812020573356,-0.21627331299473546,-0.002173549275685624,-0.02227654006680411,0.02331066963691531,-0.02227654006680411,-0.02331066963691531,0.0629732131867891,0.05849989965929328,0.7326497609964663,0.07355134457635826,-0.16223376278733884
0.17877463218323517,0.8095262105974501,-0.2162663855307172,-0.0021958118555190087,-0.022271567693162405,0.02342974527987345,-0.022271567693162405,-0.02342974527987345,0.06301182817802652,0.05849391016556667,0.7328925009647151,0.07426283594062988,-0.16222423437378533
0.17877880246753355,0.8094714691334262,-0.21625949401385236,-0.002217980027225685,-0.022266617153143577,0.02354771765599421,-0.022266617153143577,-0.02354771765599421,0.06305026130813998,0.058487951273901814,0.73313385553063,0.07497050025041352,-0.1622147496274776
0.17878297275183194,0.8094169741014653,-0.21625263793081473,-0.0022400551409213418,-0.022261688135669304,0.02366461039675777,-0.022261688135669304,-0.02366461039675777,0.06308851517011146,0.05848202254658306,0.7333738445857043,0.07567439184483349,-0.16220530792625892
0.17878714303613033,0.8093627220215607,-0.21624581678035157,-0.0022620385149625475,-0.02225678033697464,0.023780446352847068,-0.02225678033697464,-0.023780446352847068,0.06312659229595564,0.05847612355619317,0.7336124875531221,0.07637456378775953,-0.16219590866259948
0.17879131332042872,0.8093087094948394,-0.21623903007290093,-0.0022839314369505793,-0.022251893460375923,0.023895247628715723,-0.022251893460375923,-0.023895247628715723,0.06316449515865304,0.058470253885286476,0.7338498034026901,0.07707106790833396,-0.16218655124313194
0.1787954836047271,0.8092549332009725,-0.21623227733021808,-0.0023057351647115393,-0.022247027216044924,0.024009035615323752,-0.022247027216044924,-0.024009035615323752,0.0632022261740342,0.05846441312607088,0.734085810665346,0.07776395484039633,-0.16217723508819987
0.1787996538890255,0.8092013898955804,-0.21622555808500163,-0.0023274509272845287,-0.02224218132078222,0.024121831021320334,-0.02224218132078222,-0.024121831021320334,0.06323978770266864,0.058458600880088356,0.7343205274475945,0.07845327406182667,-0.16216795963140435
0.17880382417332388,0.8091480764078579,-0.21621887188055156,-0.0023490799258199645,-0.022237355497809988,0.024233653902269708,-0.022237355497809988,-0.024233653902269708,0.06327718205159216,0.058452816757923194,0.734553971444817,0.0791390739307063,-0.1621587243191898
0.17880799445762227,0.8090949896382531,-0.21621221827043435,-0.0023706233344599707,-0.02223254947656946,0.024344523688398425,-0.02223254947656946,-0.024344523688398425,0.06331441147599594,0.05844706037891669,0.7347861599542415,0.07982140172060026,-0.16214952861043863
0.17881216474192066,0.8090421265562839,-0.21620559681816864,-0.0023920823011642917,-0.022227762992530296,0.024454459210767138,-0.022227762992530296,-0.024454459210767138,0.06335147818081502,0.058441331370898866,0.7350171098871863,0.0805003036538241,-0.16214037197609021
0.17881633502621905,0.80898948419833,-0.21619900709690673,-0.0024134579485513633,-0.022222995786997893,0.024563478726309124,-0.022222995786997893,-0.024563478726309124,0.06338838432233544,0.05843562936991661,0.7352468377813343,0.08117582493490327,-0.1621312538987553
0.17882050531051744,0.8089370596656588,-0.21619244868915033,-0.0024347513746427723,-0.02221824760694114,0.02467159994124201,-0.02221824760694114,-0.02467159994124201,0.06342513200963008,0.058429954019991404,0.7354753598118395,0.08184800978070972,-0.16212217387237166
0.17882467559481582,0.8088848501223858,-0.21618592118645663,-0.0024559636536402273,-0.022213518204814306,0.024778840033586255,-0.022213518204814306,-0.024778840033586255,0.0634617233060431,0.05842430497286825,0.7357026918026631,0.0825169014513687,-0.16211313140184788
0.1788288458791142,0.8088328527936882,-0.21617942418918065,-0.0024770958365973334,-0.02220880733840123,0.02488521567415748,-0.02220880733840123,-0.02488521567415748,0.06349816023048932,0.05841868188779649,0.7359288492366626,0.08318254227759692,-0.16210412600275165
0.1788330161634126,0.8087810649638162,-0.21617295730618885,-0.0024981489521824062,-0.022204114770641693,0.024990743047088496,-0.022204114770641693,-0.024990743047088496,0.06353444475890221,0.058413084431284706,0.7361538472665479,0.08384497369067967,-0.16209515720096246
0.178837186447711,0.8087294839745116,-0.2161665201546312,-0.0025191240072688897,-0.022199440269493446,0.025095437868609155,-0.022199440269493446,-0.025095437868609155,0.06357057882538317,0.058407512276906916,0.736377700723883,0.08450423624678516,-0.16208622453239585
0.17884135673200938,0.8086781072232202,-0.21616011235968352,-0.00254002198761857,-0.02219478360777615,0.025199315405475667,-0.02219478360777615,-0.025199315405475667,0.06360656432350313,0.058401965105082713,0.7366004241289816,0.08516036965399132,-0.16207732754269116
0.17884552701630774,0.8086269321614876,-0.21615373355431644,-0.0025608438584891376,-0.022190144563031373,0.025302390492249614,-0.022190144563031373,-0.025302390492249614,0.06364240310746987,0.058396442602879545,0.7368220316998938,0.0858134127967185,-0.16206846578693151
0.17884969730060613,0.8085759562934658,-0.21614738337907993,-0.002581590565196268,-0.02218552291739225,0.02540467754763023,-0.02218552291739225,-0.02540467754763023,0.06367809699321379,0.058390944463829975,0.7370425373608183,0.08646340375854633,-0.16205963882938318
0.1788538675849045,0.8085251771742761,-0.21614106148186762,-0.0026022630337417044,-0.022180918457440663,0.025506190590431667,-0.022180918457440663,-0.025506190590431667,0.06371364775958033,0.05838547038772959,0.7372619547511259,0.0871103798469024,-0.16205084624320984
0.1788580378692029,0.8084745924086696,-0.21613476751772387,-0.002622862171315011,-0.022176330974090212,0.025606943254296338,-0.022176330974090212,-0.025606943254296338,0.06374905714930361,0.05838002008047295,0.7374802972329535,0.08775437761361093,-0.16204208761023886
0.1788622081535013,0.8084241996495934,-0.21612850114863674,-0.002643388866839097,-0.022171760262461197,0.025706948802021862,-0.022171760262461197,-0.025706948802021862,0.06378432687004992,0.05837459325387714,0.7376975778991823,0.08839543287664031,-0.1620333625207107
0.17886637843779968,0.8083739965968613,-0.21612226204334684,-0.0026638439914736245,-0.022167206121764475,0.025806220139113857,-0.022167206121764475,-0.025806220139113857,0.06381945859538536,0.058369189625518195,0.7379138095808901,0.08903358074036438,-0.1620246705730472
0.17887054872209807,0.8083239809958219,-0.2161160498771551,-0.0026842283991210854,-0.02216266835518539,0.025904769826815114,-0.02216266835518539,-0.025904769826815114,0.0638544539657443,0.05836380891856773,0.7381290048547564,0.08966885561574611,-0.16201601137361896
0.17887471900639645,0.8082741506361333,-0.21610986433174642,-0.0027045429268905755,-0.022158146769776635,0.026002610094424075,-0.022158146769776635,-0.026002610094424075,0.06388931458932166,0.05835845086164185,0.7383431760499469,0.09030129123904573,-0.16200738453653127
0.17887888929069484,0.8082245033505122,-0.2161037050950095,-0.002724788395573347,-0.022153641176349183,0.026099752851192606,-0.022153641176349183,-0.026099752851192606,0.06392404204298227,0.05835311518864805,0.7385563352550524,0.09093092069074671,-0.16199878968340634
0.17888305957499323,0.8081750370136465,-0.21609757186087963,-0.00274496561005207,-0.022149151389377425,0.02619620969745467,-0.022149151389377425,-0.02619620969745467,0.0639586378730531,0.05834780163865066,0.7387684943242618,0.0915577764122737,-0.16199022644319266
0.17888722985929162,0.8081257495409859,-0.21609146432916507,-0.0027650753597622847,-0.022144677226893512,0.026291991935579368,-0.022144677226893512,-0.026291991935579368,0.06399310359620193,0.05834250995572321,0.7389796648840217,0.09218189022420198,-0.16198169445195476
0.17889140014359,0.8080766388877022,-0.21608538220539675,-0.002785118419085396,-0.022140218510396638,0.02638711058019331,-0.022140218510396638,-0.02638711058019331,0.06402744070019535,0.05833723988881958,0.7391898583389124,0.09280329334220272,-0.1619731933526909
0.1788955704278884,0.808027703047617,-0.216079325200674,-0.0028050955477551855,-0.022135775064759496,0.02648157636808646,-0.022135775064759496,-0.02648157636808646,0.06406165064467766,0.05833199119164314,0.739399085877606,0.09342201639327885,-0.1619647227951465
0.17889974071218678,0.8079789400522001,-0.21607329303152012,-0.00282500749123738,-0.02213134671814084,0.026575399767629935,-0.02213134671814084,-0.026575399767629935,0.06409573486190029,0.05832676362252302,0.7396073584784869,0.09403808943105019,-0.16195628243563912
0.17890391099648517,0.8079303479696086,-0.216067285419744,-0.0028448549810927634,-0.022126933301901595,0.026668590987774177,-0.022126933301901595,-0.026668590987774177,0.0641296947574209,0.05832155694429623,0.7398146869150423,0.09465154195040393,-0.16194787193689053
0.17890808128078356,0.8078819249036501,-0.21606130209229046,-0.002864638735374958,-0.02212253465051439,0.026761159986886617,-0.02212253465051439,-0.026761159986886617,0.0641635317108581,0.05831637092418006,0.7400210817615646,0.09526240290311239,-0.161939490967846
0.17891225156508195,0.8078336689929679,-0.21605534278112334,-0.002884359458933547,-0.02211815060149247,0.026853116480836728,-0.02211815060149247,-0.026853116480836728,0.0641972470764835,0.05831120533367221,0.7402265533978106,0.0958707007104036,-0.16193113920353205
0.17891642184938034,0.8077855784101498,-0.21604940722309648,-0.002904017843752431,-0.022113780995311784,0.026944469950958533,-0.022113780995311784,-0.026944469950958533,0.0642308421838707,0.058306059948441014,0.740431112013983,0.09647646327652692,-0.16192281632490052
0.17892059213367872,0.8077376513607284,-0.21604349515981036,-0.002923614569336229,-0.022109425675323934,0.027035229651957027,-0.022109425675323934,-0.027035229651957027,0.0642643183386229,0.05830093454820262,0.7406347676161639,0.09707971800369819,-0.16191452201865475
0.1789247624179771,0.8076898860825515,-0.21603760633752053,-0.0029431503029381766,-0.02210508448770109,0.027125404618817118,-0.02210508448770109,-0.027125404618817118,0.06429767682283032,0.05829582891664365,0.740837530030049,0.09768049180204752,-0.16190625597713898
0.1789289327022755,0.8076422808448399,-0.21603174050700252,-0.002962625699924908,-0.022100757281353748,0.02721500367409908,-0.022100757281353748,-0.02721500367409908,0.06433091889575658,0.058290742841305296,0.741039408906068,0.0982788111037094,-0.16189801789817418
0.1789331029865739,0.807594833947452,-0.21602589742344575,-0.0029820414040524212,-0.022096443907866626,0.027304035434585587,-0.022096443907866626,-0.027304035434585587,0.06436404579437285,0.058285676113493105,0.7412404137235348,0.0988747018740741,-0.16188980748492987
0.17893727327087225,0.8075475437201491,-0.2160200768463473,-0.0030013980477442,-0.022092144221434462,0.02739250831771434,-0.022092144221434462,-0.02739250831771434,0.06439705873389337,0.05828062852818647,0.7414405537947817,0.09946818962302517,-0.1618816244457954
0.17894144355517064,0.8075004085218187,-0.21601427853940053,-0.0030206962523876835,-0.02208785807879426,0.027480430547881147,-0.02208785807879426,-0.027480430547881147,0.06442995890833994,0.058275599883943305,0.741639838269444,0.10005929941665426,-0.16187346849424492
0.17894561383946903,0.8074534267397896,-0.21600850227039592,-0.003039936628592952,-0.02208358533916556,0.027567810162365765,-0.02208358533916556,-0.027567810162365765,0.0644627474910406,0.058270589982815715,0.7418382761383145,0.10064805588773251,-0.16186533934871736
0.1789497841237674,0.8074065967891689,-0.2160027478111259,-0.003059119776442531,-0.02207932586419245,0.027654655017024406,-0.02207932586419245,-0.027654655017024406,0.06449542563511172,0.0582655986302689,0.7420358762370705,0.10123448324583384,-0.1618572367325011
0.1789539544080658,0.8073599171121806,-0.21599701493728923,-0.0030782462857424364,-0.022075079517885947,0.027740972791804,-0.022075079517885947,-0.027740972791804,0.06452799447393964,0.058260625635099185,0.742232647249979,0.10181860528742326,-0.16184916037361796
0.1789581246923642,0.8073133861774155,-0.21599130342838316,-0.0030973167363119343,-0.022070846166558526,0.02782677099625439,-0.022070846166558526,-0.02782677099625439,0.06456045512172642,0.058255670809342394,0.7424285977139664,0.10240044540705306,-0.16184111000469303
0.17896229497666258,0.8072670024793913,-0.21598561306763986,-0.0031163316981400527,-0.02206662567878561,0.027912056974272126,-0.02206662567878561,-0.027912056974272126,0.0645928086738092,0.05825073396821973,0.7426237360212804,0.10298002660440875,-0.16183308536287708
0.17896646526096097,0.8072207645377809,-0.2159799436419155,-0.003135291731687532,-0.022062417925338362,0.02799683790934047,-0.022062417925338362,-0.02799683790934047,0.06462505620722259,0.058245814930042786,0.7428180704236212,0.10355737149574384,-0.16182508618971253
0.17897063554525935,0.807174670896917,-0.21597429494161846,-0.0031541973880696884,-0.022058222779140366,0.028081120829080545,-0.022058222779140366,-0.028081120829080545,0.0646571987810589,0.05824091351615239,0.7430116090350145,0.10413250232160243,-0.16181711223104642
0.17897480582955774,0.8071287201251878,-0.21596866676062265,-0.003173049209286752,-0.022054040115214904,0.028164912609871293,-0.022054040115214904,-0.028164912609871293,0.06468923743690738,0.058236029550844996,0.7432043598351428,0.10470544095592871,-0.16180916323692537
0.17897897611385613,0.8070829108144981,-0.21596305889618964,-0.0031918477284279077,-0.02204986981063791,0.02824821998121256,-0.02204986981063791,-0.02824821998121256,0.06472117319924685,0.0582311628613059,0.7433963306723794,0.10527620891431533,-0.16180123896150128
0.17898314639815452,0.8070372415797094,-0.21595747114888802,-0.003210593469884733,-0.02204571174448909,0.028331049529997706,-0.02204571174448909,-0.028331049529997706,0.06475300707585313,0.05822631327754062,0.7435875292668901,0.10584482736247636,-0.16179333916293356
0.1789873166824529,0.8069917110581443,-0.215951903322522,-0.003229286949537431,-0.02204156579780873,0.028413407704539036,-0.02204156579780873,-0.028413407704539036,0.06478474005815918,0.05822148063231385,0.7437779632134294,0.106411317123835,-0.16178546360330273
0.1789914869667513,0.806946317909076,-0.21594635522405792,-0.003247928674948431,-0.022037431853553075,0.028495300818505306,-0.022037431853553075,-0.028495300818505306,0.06481637312162662,0.058216664761087215,0.7439676399841872,0.10697569868728252,-0.16177761204852129
0.17899565725104968,0.8069010608132305,-0.21594082666355244,-0.0032665191455519757,-0.02203330979655087,0.028576735054725792,-0.02203330979655087,-0.028576735054725792,0.06484790722610842,0.05821186550195734,0.744156566931569,0.10753799221475724,-0.16176978426824676
0.17899982753534807,0.8068559384722913,-0.21593531745408118,-0.003285058852842436,-0.022029199513460208,0.02865771646887814,-0.022029199513460208,-0.02865771646887814,0.064879343316209,0.058207082695595595,0.744344751290938,0.10809821754873683,-0.16176198003579534
0.17900399781964646,0.806810949608498,-0.21592982741168093,-0.0033035482805229242,-0.022025100892733365,0.028738250992896768,-0.022025100892733365,-0.028738250992896768,0.06491068232157583,0.05820231618519838,0.7445322001829311,0.1086563942184724,-0.16175419912807157
0.17900816810394485,0.8067660929640962,-0.21592435635527027,-0.0033219879047197767,-0.02202101382456901,0.028818344438567994,-0.02202101382456901,-0.028818344438567994,0.06494192515730073,0.058197565816419716,0.7447189206164208,0.1092125414481735,-0.16174644132547275
0.17901233838824324,0.8067213673009935,-0.21591890410660033,-0.0033403781941069785,-0.022016938200881894,0.02889800250063565,-0.022016938200881894,-0.02889800250063565,0.06497307272416887,0.05819283143732905,0.7449049194905398,0.10976667816241514,-0.16173870641182841
0.17901650867254162,0.8066767714002883,-0.2159134704901864,-0.0033587196100880942,-0.022012873915261952,0.02897723076006441,-0.022012873915261952,-0.02897723076006441,0.06500412590900294,0.05818811289835307,0.74509020359727,0.11031882299324236,-0.16173099417431847
0.17902067895684,0.806632304061837,-0.21590805533324595,-0.0033770126069608934,-0.022008820862936453,0.029056034687138983,-0.022008820862936453,-0.029056034687138983,0.06503508558497717,0.058183410052222634,0.745274779623833,0.11086899428670582,-0.16172330440339733
0.1790248492411384,0.8065879641039203,-0.21590265846565046,-0.0033952576320398064,-0.0220047789407408,0.029134419644296184,-0.0220047789407408,-0.029134419644296184,0.06506595261186018,0.05817872275393199,0.7454586541546354,0.11141721010808059,-0.16171563689273594
0.17902901952543676,0.8065437503627753,-0.21589727971985792,-0.003413455125838169,-0.02200074804707781,0.029212390889133702,-0.02200074804707781,-0.029212390889133702,0.0650967278363561,0.05817405086068081,0.7456418336737983,0.11196348824884872,-0.16170799143913983
0.17903318980973515,0.8064996616922517,-0.21589191893086346,-0.0034316055221956052,-0.02199672808188763,0.029289953577103914,-0.02199672808188763,-0.029289953577103914,0.06512741209235363,0.058169394231832504,0.7458243245671141,0.11250784623198395,-0.16170036784248934
0.17903736009403354,0.8064556969634297,-0.21588657593614408,-0.0034497092484244776,-0.021992718946614427,0.029367112764215005,-0.021992718946614427,-0.029367112764215005,0.06515800620120549,0.05816475272886676,0.7460061331241784,0.11305030131777882,-0.16169276590567289
0.17904153037833193,0.8064118550642997,-0.2158812505756126,-0.003467766725428048,-0.02198872054417838,0.029443873409539908,-0.02198872054417838,-0.029443873409539908,0.06518851097195992,0.05816012621534041,0.746187265540217,0.11359087050877248,-0.1616851854345307
0.1790457006626303,0.8063681348993347,-0.21587594269155613,-0.003485778367867641,-0.021984732778938487,0.029520240377864663,-0.021984732778938487,-0.029520240377864663,0.06521892720167316,0.058155514556834875,0.7463677279183922,0.11412957055612627,-0.16167762623778076
0.1790498709469287,0.8063245353892446,-0.21587065212860068,-0.0035037445842493603,-0.021980755556670846,0.02959621844192835,-0.021980755556670846,-0.02959621844192835,0.06524925567558672,0.0581509176209262,0.7465475262712807,0.11466641796353727,-0.16167008812697542
0.1790540412312271,0.8062810554705087,-0.21586537873364348,-0.00352166577711064,-0.021976788784528252,0.029671812285023327,-0.021976788784528252,-0.029671812285023327,0.06527949716746986,0.05814633527712684,0.7467266665233401,0.115201428994119,-0.1616625709164201
0.17905821151552548,0.8062376940952055,-0.21586012235582894,-0.003539542343073958,-0.021972832371024986,0.029747026502971504,-0.021972832371024986,-0.029747026502971504,0.06530965243974073,0.05814176739686575,0.7469051545120249,0.1157346196732636,-0.16165507442314342
0.17906238179982387,0.8061944502306,-0.21585488284648885,-0.0035573746730101705,-0.021968886226000912,0.029821865606506622,-0.021968886226000912,-0.029821865606506622,0.06533972224376848,0.05813721385343703,0.7470829959899885,0.11626600579475443,-0.1616475984668252
0.17906655208412225,0.8061513228588726,-0.21584966005910342,-0.0035751631521386846,-0.02196495026059791,0.029896334023332544,-0.02196495026059791,-0.029896334023332544,0.06536970732006979,0.05813267452196668,0.7472601966266372,0.11679560292496105,-0.16164014286974906
0.17907072236842064,0.8061083109767624,-0.21584445384924997,-0.0035929081601660945,-0.021961024387228623,0.029970436100289294,-0.021961024387228623,-0.029970436100289294,0.06539960839856872,0.05812814927936908,0.7474367620100535,0.11732342640814664,-0.16163270745674044
0.17907489265271903,0.8060654135953874,-0.2158392640745768,-0.003610610071348018,-0.021957108519560814,0.030044176105145638,-0.021957108519560814,-0.030044176105145638,0.06542942619872752,0.058123638004324255,0.7476126976481394,0.11784949136945677,-0.1616252920551347
0.17907906293701742,0.8060226297398523,-0.21583409059474687,-0.00362826925464336,-0.02195320257248313,0.030117558228728327,-0.02195320257248313,-0.030117558228728327,0.06545916142983145,0.0581191405772306,0.747788008970669,0.11837381272063463,-0.16161789649470923
0.1790832332213158,0.8059799584490233,-0.21582893327140548,-0.003645886073797417,-0.021949306462085403,0.030190586586705384,-0.021949306462085403,-0.030190586586705384,0.06548881479115334,0.05811465688017637,0.7479627013306176,0.11889640516358924,-0.16161052060764367
0.1790874035056142,0.8059373987752558,-0.2158237919681407,-0.0036634608874446303,-0.021945420105634987,0.030263265221405933,-0.021945420105634987,-0.030263265221405933,0.06551838697215125,0.05811018679690679,0.7481367800056741,0.11941728319451683,-0.16160316422847276
0.17909157378991258,0.8058949497841147,-0.2158186665504432,-0.003680994049216282,-0.021941543421552214,0.030335598103615347,-0.021941543421552214,-0.030335598103615347,0.06554787865267271,0.058105730212789135,0.7483102501997909,0.11993646110814726,-0.1615958271940371
0.17909574407421097,0.8058526105541048,-0.21581355688566767,-0.003698485907842523,-0.021937676329387,0.030407589134303793,-0.021937676329387,-0.030407589134303793,0.06557729050314971,0.05810128701478014,0.7484831170446647,0.12045395300179451,-0.16158850934343655
0.17909991435850936,0.8058103801764962,-0.2158084628430072,-0.003715936807214538,-0.02193381874980341,0.030479242146149797,-0.02193381874980341,-0.030479242146149797,0.06560662318472654,0.058096857091404386,0.7486553856008104,0.12096977277819598,-0.16158121051799926
0.17910408464280775,0.805768257755,-0.21580338429344706,-0.0037333470865122034,-0.021929970604551596,0.030550560905293546,-0.021929970604551596,-0.030550560905293546,0.06563587734949551,0.05809244033271427,0.748827060859273,0.1214839341502747,-0.16157393056122554
0.17910825492710614,0.8057262424055225,-0.2157983211097287,-0.0037507170802979443,-0.021926131816446176,0.03062154911291205,-0.021926131816446176,-0.03062154911291205,0.06566505364067633,0.05808803663025989,0.7489981477429936,0.12199645064487052,-0.16156666931874464
0.17911242521140452,0.8056843332560412,-0.21579327316633254,-0.003768047118556578,-0.02192230230935547,0.03069221040653709,-0.02192230230935547,-0.03069221040653709,0.06569415269270519,0.05808364587707387,0.7491686511076306,0.1225073356048536,-0.1615594266382931
0.1791165954957029,0.8056425294462051,-0.2157882403394199,-0.0037853375268578487,-0.02191848200816657,0.030762548361838674,-0.02191848200816657,-0.030762548361838674,0.06572317513152678,0.058079267967622306,0.7493385757435825,0.12301660219484156,-0.1615522023696452
0.17912076578000127,0.8056008301273088,-0.2157832225068294,-0.003802588626353954,-0.02191467083878315,0.030832566493700923,-0.02191467083878315,-0.030832566493700923,0.0657521215746122,0.058074902797801524,0.7495079263763722,0.12352426340201883,-0.16154499636460826
0.17912493606429966,0.8055592344619227,-0.21577821954802376,-0.0038198007339297346,-0.0219108687280931,0.0309022682578874,-0.0219108687280931,-0.0309022682578874,0.065780992631229,0.05807055026489218,0.7496767076685267,0.12403033204144331,-0.161537808476958
0.17912910634859805,0.805517741623745,-0.2157732313440686,-0.0038369741622539272,-0.021907075603955696,0.03097165705227092,-0.021907075603955696,-0.03097165705227092,0.06580978890254777,0.05806621026754215,0.7498449242204724,0.12453482075841205,-0.16153063856241312
0.17913327663289644,0.8054763507974236,-0.21576825777760625,-0.0038541092198457715,-0.02190329139518598,0.031040736218096433,-0.02190329139518598,-0.031040736218096433,0.06583851098177244,0.058061882705743605,0.750012580571573,0.12503774203126072,-0.1615234864786036
0.17913744691719483,0.8054350611782971,-0.21576329873281908,-0.003871206211176372,-0.021899516031532205,0.0311095090413541,-0.021899516031532205,-0.0311095090413541,0.06586715945432851,0.05805756748080172,0.7501796812014987,0.12553910817516445,-0.16151635208502596
0.17914161720149321,0.8053938719722039,-0.21575835409540156,-0.0038882654367411035,-0.021895749443659185,0.031177978754006404,-0.021895749443659185,-0.031177978754006404,0.06589573489800232,0.058053264495310904,0.7503462305313036,0.12603893134507227,-0.16150923524300978
0.1791457874857916,0.8053527823953576,-0.2157534237525426,-0.0039052871931021145,-0.021891991563137363,0.03124614853506794,-0.021891991563137363,-0.03124614853506794,0.065924237883031,0.05804897365313992,0.7505122329241994,0.12653722353773555,-0.16150213581569603
0.17914995777009,0.8053117916740763,-0.21574850759288636,-0.00392227177299637,-0.021888242322419156,0.03131402151192165,-0.021888242322419156,-0.03131402151192165,0.06595266897229975,0.05804469485939828,0.7506776926869658,0.1270339965956535,-0.16149505366798955
0.17915412805438838,0.8052708990446454,-0.21574360550651245,-0.003939219465385165,-0.021884501654827172,0.03138160076137436,-0.021884501654827172,-0.03138160076137436,0.06598102872144215,0.05804042802041938,0.7508426140707763,0.12752926220927363,-0.16148798866653546
0.17915829833868677,0.8052301037531305,-0.21573871738490913,-0.003956130555525066,-0.021880769494537586,0.03144888931077323,-0.021880769494537586,-0.03144888931077323,0.0660093176789757,0.05803617304373772,0.7510070012722285,0.12802303191981013,-0.16148094067968616
0.17916246862298515,0.8051894050552171,-0.21573384312095023,-0.003973005325027833,-0.0218770457765664,0.0315158901390546,-0.0218770457765664,-0.0315158901390546,0.06603753638641842,0.05803192983806914,0.7511708584342576,0.12851531712171882,-0.1614739095774737
0.17916663890728354,0.8051488022160079,-0.21572898260886575,-0.003989844051939532,-0.021873330436751645,0.03158260617784546,-0.021873330436751645,-0.03158260617784546,0.06606568537843677,0.05802769831328579,0.7513341896472303,0.1290061290657205,-0.1614668952315741
0.17917080919158193,0.8051082945098829,-0.2157241357442219,-0.004006647010791535,-0.021869623411741125,0.031649040312431015,-0.021869623411741125,-0.031649040312431015,0.06609376518294696,0.05802347838039916,0.7514969989497571,0.12949547886098234,-0.16145989751528297
0.17917497947588032,0.8050678812203141,-0.21571930242389425,-0.0040234144726726,-0.021865924638976374,0.03171519538278379,-0.021865924638976374,-0.03171519538278379,0.06612177632125038,0.05801926995153694,0.7516592903297022,0.12998337747790312,-0.16145291630348335
0.1791791497601787,0.8050275616397441,-0.21571448254605038,-0.004040146705272075,-0.021862234056681938,0.03178107418445795,-0.021862234056681938,-0.03178107418445795,0.06614971930812144,0.0580150729399286,0.7518210677249064,0.13046983575003668,-0.16144595147262436
0.1791833200444771,0.8049873350693826,-0.21570967601012053,-0.004056843972960201,-0.021858551603847642,0.031846679469609535,-0.021858551603847642,-0.031846679469609535,0.06617759465195572,0.058010887259880003,0.7519823350242631,0.13095486437708637,-0.16143900290068566
0.17918749032877548,0.8049472008190909,-0.21570488271678087,-0.004073506536829436,-0.02185487722021855,0.031912013947843515,-0.02185487722021855,-0.031912013947843515,0.06620540285485395,0.05800671282675949,0.7521430960684101,0.13143847392674735,-0.1614320704671574
0.17919166061307387,0.8049071582072251,-0.215700102567931,-0.0040901346547547665,-0.02185121084628127,0.03197708028711645,-0.02185121084628127,-0.03197708028711645,0.06623314441273646,0.0580025495569782,0.7523033546505982,0.13192067483708736,-0.16142515405301272
0.17919583089737226,0.8048672065604747,-0.21569533546667063,-0.004106728581455414,-0.02184755242324979,0.032041881114626414,-0.02184755242324979,-0.032041881114626414,0.06626081981546031,0.05799839736797082,0.7524631145175671,0.13240147741895458,-0.16141825354067965
0.17920000118167065,0.8048273452137236,-0.2156905813172797,-0.0041232885685475035,-0.021843901893053477,0.03210641901764933,-0.021843901893053477,-0.03210641901764933,0.06628842954692034,0.05799425617817807,0.7526223793703286,0.1328808918581097,-0.16141136881401694
0.17920417146596904,0.8047875735099439,-0.2156858400252029,-0.004139814864582356,-0.021840259198327706,0.032170696544302366,-0.021840259198327706,-0.032170696544302366,0.0663159740851268,0.05799012590703369,0.7527811528648044,0.13335892821692807,-0.1614044997582953
0.17920834175026742,0.8047478908000164,-0.21568111149702393,-0.004156307715116832,-0.021836624282398173,0.0322347162044155,-0.021836624282398173,-0.0322347162044155,0.06634345390233541,0.057986006474942696,0.7529394386127662,0.13383559643701526,-0.16139764626016612
0.17921251203456579,0.8047082964426137,-0.21567639564044855,-0.00417276736275716,-0.021832997089270834,0.032298480470283594,-0.021832997089270834,-0.032298480470283594,0.06637086946513318,0.057981897803266645,0.7530972401825174,0.1343109063410488,-0.16139080820764132
0.17921668231886417,0.8046687898040846,-0.2156716923642881,-0.004189194047201326,-0.021829377563621626,0.03236199177739731,-0.021829377563621626,-0.03236199177739731,0.06639822123452174,0.05797779981430963,0.7532545610995521,0.13478486763455777,-0.16138398549007282
0.17922085260316256,0.8046293702583024,-0.2156670015784375,-0.004205588005298274,-0.02182576565078336,0.03242525252522434,-0.02182576565078336,-0.03242525252522434,0.06642550966602816,0.05797371243129969,0.7534114048473725,0.13525748990818265,-0.1613771779981262
0.17922502288746095,0.8045900371865679,-0.21566232319386128,-0.004221949471082814,-0.02182216129673723,0.03248826507788162,-0.02182216129673723,-0.03248826507788162,0.06645273520977531,0.05796963557837678,0.7535677748680676,0.13572878263922128,-0.16137038562376385
0.17922919317175934,0.8045507899774362,-0.21565765712256868,-0.004238278675844882,-0.02181856444809771,0.032551031764925985,-0.02181856444809771,-0.032551031764925985,0.06647989831060838,0.057965569180571413,0.7537236745632152,0.13619875519415103,-0.16136360826021467
0.17923336345605773,0.8045116280266653,-0.21565300327760628,-0.004254575848144093,-0.021814975052107957,0.032613554881920234,-0.021814975052107957,-0.032613554881920234,0.0665069994081316,0.05796151316379856,0.7538791072942544,0.13666741682956407,-0.16135684580196505
0.17923753374035611,0.8044725507370493,-0.215648361573034,-0.004270841213876296,-0.021811393056625356,0.03267583669118625,-0.021811393056625356,-0.03267583669118625,0.0665340389368298,0.057957467454837173,0.7540340763833534,0.13713477669459362,-0.16135009814472975
0.1792417040246545,0.8044335575183346,-0.21564373192391276,-0.004287074996303607,-0.021807818410114185,0.03273787942240459,-0.021807818410114185,-0.03273787942240459,0.06656101732612964,0.05795343198131951,0.7541885851139204,0.13760084383227422,-0.16134336518543732
0.1792458743089529,0.8043946477870646,-0.2156391142462824,-0.00430327741611581,-0.02180425106163212,0.032799685273321624,-0.02180425106163212,-0.032799685273321624,0.06658793500051252,0.05794940667171259,0.7543426367314112,0.1380656271817957,-0.16133664682220308
0.17925004459325128,0.8043558209665065,-0.21563450845715107,-0.0043194486914559065,-0.021800690960823692,0.032861256410307516,-0.021800690960823692,-0.032861256410307516,0.06661479237956783,0.0579453914553086,0.7544962344437892,0.1385291355797147,-0.1613299429543161
0.17925421487754967,0.8043170764865688,-0.21562991447448335,-0.00433558903794903,-0.0217971380579132,0.032922594968915454,-0.0217971380579132,-0.032922594968915454,0.06664158987805231,0.0579413862622156,0.7546493814220132,0.13899137776125436,-0.16132325348222504
0.17970077430821882,0.8005530588189452,-0.21519311404107472,-0.005919610432470688,-0.021450334712872138,0.03846950231180111,-0.021450334712872138,-0.03846950231180111,0.06923129494447852,0.057559270248776655,0.7689498840324588,0.18256784830706363,-0.1606742283458425
0.180147333738888,0.797323421068467,-0.21483275044979278,-0.007303869706298538,-0.02115028342661035,0.042731340098043205,-0.02115028342661035,-0.042731340098043205,0.07143249384156139,0.057241888070276574,0.7803575364778116,0.21791576947543811,-0.1601187073270187
0.18059389316955715,0.7944373060914673,-0.2145213930365486,-0.008560408146767961,-0.020880314523417765,0.0462612368694568,-0.020880314523417765,-0.0462612368694568,0.0733840255934878,0.05696589484607157,0.7899286605818259,0.24797457761719488,-0.1596233510743329
0.1810404526002263,0.7917960116549168,-0.21424486948601934,-0.00972642199879645,-0.02063180496350754,0.04931131208657007,-0.02063180496350754,-0.04931131208657007,0.07515768517177629,0.05671923959892912,0.7982072360863116,0.27426958348109753,-0.159170913508212
0.18148701203089546,0.7893406183238931,-0.21399472765394306,-0.010824079799500296,-0.020399605962286536,0.052019418969026114,-0.020399605962286536,-0.052019418969026114,0.07679632647762605,0.056494741441863894,0.8055165597099024,0.29771385593375355,-0.15875109705946955
0.18193357146156464,0.7870326144407781,-0.21376544803589131,-0.011867848548427273,-0.020180351240669768,0.0544698277682867,-0.020180351240669768,-0.0544698277682867,0.07832795797298878,0.056287715028338806,0.8120669821935949,0.31890556713802454,-0.15835716916993556
0.1823801308922338,0.7848451900025859,-0.21355319172311646,-0.012867783424266775,-0.01997169675355181,0.056718126344817626,-0.01997169675355181,-0.056718126344817626,0.0797720762878743,0.056094904396136944,0.8180042462009707,0.3382618936056365,-0.15798444174939918
0.18282669032290294,0.7827587929119625,-0.21335516160249993,-0.013831205765164554,-0.019771932590722643,0.0588030734000455,-0.019771932590722643,-0.0588030734000455,0.08114289888138511,0.05591393920645862,0.8234341204679331,0.35608750150159696,-0.15762949497744044
0.18327324975357212,0.7807586447118575,-0.21316924538304077,-0.01476364050479564,-0.01957976598687794,0.06075286105360726,-0.01957976598687794,-0.06075286105360726,0.08245117118716565,0.055743030989859034,0.8284361494904792,0.37261290756522314,-0.15728974332345058
0.18371980918424127,0.7788332530941455,-0.21299380193919082,-0.015669377099127916,-0.0193941913811442,0.06258869126912607,-0.0193941913811442,-0.06258869126912607,0.08370524863068791,0.055580791408033244,0.8330718728540704,0.38801749068117686,-0.1569631756656827
0.18416636861491043,0.7769734720294186,-0.21282752636645813,-0.016551823710180585,-0.0192144083052177,0.06432694557916727,-0.0192144083052177,-0.06432694557916727,0.08491178027691137,0.05542611751015336,0.8373900098491249,0.402444057190235,-0.15664819106752925
0.1846129280455796,0.7751718815926669,-0.2126693609739268,-0.017413740758410165,-0.01903976719580066,0.06598056675720923,-0.01903976719580066,-0.06598056675720923,0.08607615992008563,0.0552781160766683,0.8414298746116848,0.4160084677780713,-0.15634349040239476
0.18505948747624876,0.7734223638464107,-0.21251843443928894,-0.018257400534962217,-0.018869732333435602,0.06755997434680204,-0.018869732333435602,-0.06755997434680204,0.08720283455850067,0.0551360519197438,0.8452237074659616,0.42880623132501094,-0.15604800223136245
0.1855060469069179,0.7717198039663351,-0.2123740189486102,-0.01908469960515544,-0.018703855722706917,0.06907369181742685,-0.018703855722706917,-0.06907369181742685,0.08829552176850666,0.054999311478271924,0.8487983148140547,0.4409171584623581,-0.15576083056360637
0.18595260633758706,0.7700598741727331,-0.2122354992231911,-0.019897240015439282,-0.018541758207108197,0.07052878847576938,-0.018541758207108197,-0.07052878847576938,0.08935736684767788,0.05486737651911801,0.8521762524583878,0.45240873050804375,-0.1554812170861085
0.18639916576825624,0.7684388740445018,-0.21210234963791086,-0.020696389269611818,-0.01838311551040574,0.07193119849830777,-0.01838311551040574,-0.07193119849830777,0.09039105894783989,0.05473980471566291,0.8553766984613169,0.4633385925411653,-0.15520851324640222
0.1868457251989254,0.7668536102138539,-0.21197411698929614,-0.021483325483990234,-0.018227647719248754,0.07328595616485847,-0.018227647719248754,-0.07328595616485847,0.09139891856511564,0.054616215026996165,0.8584161094555,0.47375643394543365,-0.15494215921778798
0.18729228462959455,0.7653013041855721,-0.21185040729722593,-0.022259071963316564,-0.018075111223620287,0.07459737254641842,-0.018075111223620287,-0.07459737254641842,0.09238296457455356,0.05449627650357477,0.8613087225159873,0.4837054309642441,-0.15468166778023076
0.1877388440602637,0.7637795206401846,-0.21173087554355247,-0.023024524075443212,-0.017925292447555204,0.07586917041104906,-0.017925292447555204,-0.07586917041104906,0.09334496636688158,0.05437969958700996,0.8640669447102605,0.49322336988184867,-0.15442661178180023
0.18818540349093288,0.7622861109184648,-0.21161521758668064,-0.023780470421364677,-0.017778002906801184,0.0771045887437393,-0.017778002906801184,-0.0771045887437393,0.09428648494424496,0.05426622925724767,0.8667016595226634,0.5023435332386776,-0.1541766142539919
0.18863196292160203,0.7608191679344685,-0.21150316371371541,-0.024527609712971354,-0.01763307526548938,0.07830646479214114,-0.01763307526548938,-0.07830646479214114,0.09520890570446187,0.054155639569653996,0.8692224707942415,0.5110954074672922,-0.15393134052506788
0.18907852235227118,0.7593769898135568,-0.21139447344240594,-0.02526656437562598,-0.017490360155551624,0.0794772992363637,-0.017490360155551624,-0.0794772992363637,0.096113464880146,0.054047729252583415,0.871637899030838,0.5195052540537866,-0.153690491858892
0.18952508178294036,0.7579580502767006,-0.21128893128915122,-0.02599789161963346,-0.01734972358595486,0.08061930851172296,-0.01734972358595486,-0.08061930851172296,0.09700127107181286,0.053942318124446165,0.873955540937987,0.527596575072419,-0.15345380027339806
0.18997164121360952,0.7565609743017979,-0.21118634329243838,-0.02672209253286703,-0.01721104481333506,0.08173446722905067,-0.01721104481333506,-0.08173446722905067,0.09787332294355197,0.05383924415141857,0.876182200236315,0.5353904960219,-0.15322102428185808
0.19041820064427867,0.7551845179564363,-0.21108653413326128,-0.027439619609958218,-0.01707421457739595,0.0828245428752224,-0.01707421457739595,-0.0828245428752224,0.09873052388531246,0.05373836101128039,0.8783239958100163,0.542906083231347,-0.15299194536367944
0.19086476007494785,0.7538275515603529,-0.21098934473190986,-0.028150883034169225,-0.01693913362749159,0.08389112443245891,-0.01693913362749159,-0.08389112443245891,0.09957369425396845,0.05363953606101085,0.8803864517915455,0.5501606089962146,-0.15276636501757035
0.191311319505617,0.752489045529426,-0.2108946302282815,-0.028856255955281046,-0.016805711483730362,0.08493564616119818,-0.016805711483730362,-0.08493564616119818,0.10040358166453499,0.05354264862935606,0.8823745731224901,0.5571697745861934,-0.15254410228374748
0.19175787893628615,0.751168058397128,-0.21080225827352517,-0.029556078952637118,-0.016673865388531356,0.08595940750237449,-0.016673865388531356,-0.08595940750237449,0.10122086969810748,0.053447588573124365,0.8842929093404842,0.5639478990197158,-0.15232499164704905
0.1922044383669553,0.749863726617564,-0.21071210757633785,-0.03025066383184611,-0.01654351941402092,0.08696358984058516,-0.01654351941402092,-0.08696358984058516,0.10202618531440732,0.053354255049136025,0.8861456087487226,0.5705080798092883,-0.15210888125172772
0.19265099779762448,0.7485752558366434,-0.21062406665904598,-0.03094029687265737,-0.016414603697861754,0.08794927070854165,-0.016414603697861754,-0.08794927070854165,0.1028201051968753,0.05326255546377925,0.8879364646738038,0.5768623305948266,-0.151895631373109
0.19309755722829364,0.7473019133810646,-0.21053803278764932,-0.03162524162181877,-0.01628705378562519,0.08891743589113829,-0.01628705378562519,-0.08891743589113829,0.10360316121233792,0.05317240456980472,0.8896689551722063,0.5830216995944106,-0.15168511310233543
0.1935441166589628,0.7460430217636715,-0.21045391104700828,-0.032305741306391904,-0.016160810062090924,0.08986898979402169,-0.016160810062090924,-0.08986898979402169,0.1043758451317269,0.053083723685930916,0.8913462772784909,0.5889963720364488,-0.1514772072089665
0.19399067608963197,0.7447979530420813,-0.21037161353784503,-0.03298202092857744,-0.016035817257209834,0.09080476436919131,-0.016035817257209834,-0.09080476436919131,0.10513861273045119,0.052996440019490304,0.8929713766795431,0.5947957591379167,-0.15127180315290384
0.19443723552030112,0.743566123897351,-0.2102910586765072,-0.033654289091953095,-0.015912024015077054,0.09172552683407316,-0.015912024015077054,-0.09172552683407316,0.1058918873652962,0.052910486075978404,0.8945469735355026,0.6004285757230543,-0.15106879822233793
0.19488379495097027,0.7423469913236125,-0.2102121705819009,-0.03432273959988619,-0.015789382516375225,0.09263198637604367,-0.015789382516375225,-0.09263198637604367,0.10663606310715781,0.05282579914229596,0.8960755850375796,0.6059029082008809,-0.1508680967786338
0.19533035438163943,0.7411400488383632,-0.21013487853668597,-0.034987552859931215,-0.015667848146387532,0.09352479999969422,-0.015667848146387532,-0.09352479999969422,0.10737150749527635,0.05274232083275614,0.897559545189769,0.6112262743225299,-0.15066960959235795
0.1957769138123086,0.7399448231386031,-0.21005911651204298,-0.03564889712216673,-0.015547379202036625,0.09440457764611672,-0.015547379202036625,-0.09440457764611672,0.10809856396736545,0.05265999668880465,0.899001022217916,0.6164056758977159,-0.15047325325735578
0.19622347324297776,0.7387608711403559,-0.20998482274708913,-0.03630692957480755,-0.015427936632484669,0.09527188669120541,-0.015427936632484669,-0.09527188669120541,0.10881755401104709,0.052578775824901655,0.9004020339423607,0.6214476454550804,-0.15027894967195138
0.1966700326736469,0.7375877773492081,-0.2099119393754658,-0.03696179731664652,-0.0153094838087123,0.09612725591195055,-0.0153094838087123,-0.09612725591195055,0.10952877907466567,0.05249861061423713,0.9017644613957021,0.6263582876725613,-0.1500866255781062
0.1971165921043161,0.7364251515176762,-0.20984041209278528,-0.03761363822284636,-0.015191986318211222,0.0969711789951612,-0.015191986318211222,-0.0969711789951612,0.11023252226961161,0.05241945640894067,0.9030900609226324,0.6311433162744879,-0.14989621215080362
0.19756315153498524,0.7352726265521545,-0.20977018985962315,-0.03826258171794978,-0.015075411781529597,0.09780411765098362,-0.015075411781529597,-0.09780411765098362,0.1109290498912302,0.05234127129028865,0.9043804749618386,0.6358080869844016,-0.14970764463113995
0.1980097109656544,0.7341298566376411,-0.20970122463551485,-0.03890874946799551,-0.014959729687888352,0.09862650438395795,-0.014959729687888352,-0.09862650438395795,0.11161861278143899,0.052264015845072,0.9056372416798861,0.640357627035105,-0.14952086199755704
0.19845627039632358,0.7329965155532019,-0.20963347114010014,-0.03955225600181272,-0.014844911247501414,0.09943874496620109,-0.014844911247501414,-0.09943874496620109,0.1123014475527096,0.052187652964861386,0.9068618036017071,0.6447966616634824,-0.1493358066704827
0.19890282982699273,0.7318722951549974,-0.2095668866381097,-0.040193209270129884,-0.014730929258571435,0.10024122065065084,-0.014730929258571435,-0.10024122065065084,0.1129777776902631,0.052112147665376835,0.9080555153613784,0.6491296379564371,-0.14915242424632236
0.19934938925766188,0.7307569040069181,-0.209501430745347,-0.04083171114994275,-0.01461775798721488,0.1010342901567863,-0.01461775798721488,-0.1010342901567863,0.11364781454698508,0.05203746692355639,0.909219650679389,0.6533607463631004,-0.1489706632573088
0.19979594868833103,0.7296500661416969,-0.20943706525322486,-0.041467857900499665,-0.01450537305881641,0.10181829145652029,-0.01450537305881641,-0.10181829145652029,0.11431175824351034,0.05196357953026175,0.9103554086577312,0.6574939401447697,-0.1487904749542114
0.2002425081190002,0.728551519937571,-0.20937375396972752,-0.04210174057648615,-0.01439375135950601,0.1025935433841796,-0.01439375135950601,-0.1025935433841796,0.11496979848433414,0.05189045595682181,0.9114639194718903,0.6615329529981211,-0.14861181310929017
0.20068906754966936,0.7274610170976209,-0.20931146257496455,-0.04273344540318219,-0.014282870946632015,0.10336034709111394,-0.014282870946632015,-0.10336034709111394,0.11562211529930255,0.05181806823386672,0.9125462495281227,0.6654813150556855,-0.14843463383724173
0.20113562698033852,0.7263783217205574,-0.20925015848971762,-0.04336305411776628,-0.014172710967246567,0.10411898736273598,-0.014172710967246567,-0.10411898736273598,0.11626887971864541,0.05174638984110162,0.9136034061455254,0.6693423674414116,-0.1482588954321704
0.20158218641100767,0.7253032094531064,-0.20918981075557516,-0.04399064428044333,-0.014063251583741512,0.10486973381348325,-0.014063251583741512,-0.10486973381348325,0.11691025438871352,0.05167539560683476,0.914636341814823,0.6731192755368034,-0.14808455821885988
0.20202874584167685,0.7242354667154313,-0.2091303899254383,-0.04461628955856252,-0.01395447390588466,0.10561284197312666,-0.01395447390588466,-0.10561284197312666,0.11754639413463903,0.05160506161623367,0.9156459580791747,0.6768150410934595,-0.14791158441684574
0.202475305272346,0.7231748899920469,-0.2090718679633226,-0.04524005998653249,-0.01384635992859599,0.10634855427617775,-0.01384635992859599,-0.10634855427617775,0.11817744647540682,0.051535365127400826,0.9166331090767691,0.6804325133114881,-0.14773993801596796
0.20292186470301515,0.7221212851815575,-0.20901421815250648,-0.04586202220401786,-0.013738892474879638,0.10707710096469958,-0.013738892474879638,-0.10707710096469958,0.11880355209618165,0.05146628449446962,0.917598604780169,0.6839743989890255,-0.1475695846622348
0.20336842413368433,0.7210744669994137,-0.20895741501120155,-0.046482239674550126,-0.013632055143403328,0.10779870091349679,-0.013632055143403328,-0.10779870091349679,0.11942484528210881,0.051397799097024535,0.9185432139631111,0.6874432718353634,-0.14740049155298177
0.20381498356435349,0.7200342584284473,-0.20890143421499768,-0.047100772886523604,-0.013525832260266282,0.10851356238568016,-0.013525832260266282,-0.10851356238568016,0.12004145431740151,0.0513298892752156,0.9194676669220184,0.6908415810300397,-0.14723262734040723
0.20426154299502264,0.7190004902126287,-0.20884625252543657,-0.04771767953824557,-0.013420208834556331,0.10922188372556754,-0.013420208834556331,-0.10922188372556754,0.12065350185302044,0.0512625362700229,0.9203726579762137,0.6941716591004008,-0.1470659620426869
0.20470810242569182,0.7179730003899463,-0.20879184772412948,-0.048333014708574984,-0.01331517051733744,0.10992385399513499,-0.01331517051733744,-0.10992385399513499,0.1212611052459319,0.051195722168177527,0.9212588477682021,0.6974357291823907,-0.1469004669619487
0.20515466185636097,0.7169516338608122,-0.20873819855190914,-0.04894683101445913,-0.01321070356375195,0.11061965355945923,-0.01321070356375195,-0.11061965355945923,0.12186437687255025,0.05112942985131144,0.9221268653829219,0.7006359117218666,-0.1467361146084773
0.20560122128703012,0.7159362419886826,-0.20868528465254413,-0.049559178756629865,-0.013106794797948304,0.11130945462608946,-0.013106794797948304,-0.11130945462608946,0.12246342441877883,0.051063642948936665,0.9229773103029452,0.7037742306681183,-0.14657287863056953
0.2060477807176993,0.7149266822300773,-0.20863308652061674,-0.05017010605446474,-0.01300343158058664,0.11199342174260139,-0.01300343158058664,-0.11199342174260139,0.12305835114869021,0.05099834579491928,0.9238107542145915,0.7068526192050646,-0.14641073374954577
0.20649434014836845,0.7139228177913393,-0.20858158545318586,-0.05077965897102283,-0.012900601778690105,0.11267171225625225,-0.012900601778690105,-0.11267171225625225,0.12364925615377964,0.05093352338712987,0.9246277426784979,0.709872925061469,-0.1462496556994523
0.2069408995790376,0.7129245173098422,-0.20853076350490965,-0.05138788162909223,-0.012798293737640215,0.1133444767391559,-0.012798293737640215,-0.1133444767391559,0.12423623458445954,0.05086916134999476,0.9254287966766828,0.7128369154369061,-0.1460896211710521
0.20738745900970676,0.7119316545575346,-0.20848060344632854,-0.05199481631903201,-0.012696496255131966,0.11401185938207482,-0.012696496255131966,-0.11401185938207482,0.1248193778653252,0.0508052458996985,0.9262144140469349,0.715746281576614,-0.14593060775973513
0.20783401844037594,0.7109441081649681,-0.2084310887250454,-0.05260050359908394,-0.0125951985569257,0.11467399835957141,-0.0125951985569257,-0.11467399835957141,0.12539877389554083,0.0507417638118147,0.9269850708142329,0.7186026430249366,-0.14577259391702216
0.2082805778710451,0.7099617613640484,-0.20838220342955235,-0.05320498238883044,-0.01249439027424189,0.11533102616905656,-0.01249439027424189,-0.11533102616905656,0.1259745072356261,0.05067870239115443,0.9277412224280273,0.7214075515845007,-0.1456155589053541
0.20872713730171424,0.7089845017480503,-0.20833393225549865,-0.053808290056301736,-0.012394061422670655,0.1159830699458996,-0.012394061422670655,-0.1159830699458996,0.12654665928169967,0.050616049443661146,0.9284833049131893,0.7241624950050369,-0.1454594827559112
0.2091736967323834,0.7080122210474493,-0.20828626047419294,-0.054410462499296805,-0.012294202382469116,0.11663025175666988,-0.012294202382469116,-0.11663025175666988,0.12711530842823637,0.0505537932501752,0.9292117359418429,0.7268689004241065,-0.1453043462292077
0.20962025616305258,0.7070448149203424,-0.20823917390316685,-0.05501153422135195,-0.012194803880139157,0.11727268887229451,-0.012194803880139157,-0.11727268887229451,0.12768053022022516,0.050491922541925874,0.9299269158324827,0.7295281375794265,-0.14515013077824737
0.21006681559372173,0.7060821827562952,-0.2081926588786342,-0.055611538402800094,-0.012095856971183651,0.1179104940227969,-0.012095856971183651,-0.1179104940227969,0.1282423974955771,0.05043042647760946,0.930629228482261,0.7321415218109768,-0.1449968185140359
0.21051337502439088,0.7051242274926098,-0.20814670222970458,-0.05621050696727177,-0.011997353023952584,0.11854377563507053,-0.011997353023952584,-0.11854377563507053,0.1288009805185088,0.050369294621935505,0.9313190422377029,0.7347103168691045,-0.14484439217327333
0.21095993445506006,0.7041708554420202,-0.20810129125420887,-0.05680847064403137,-0.011899283704492737,0.1191726380550831,-0.011899283704492737,-0.1191726380550831,0.12935634710462934,0.05030851692552174,0.9319967107087245,0.7372357375437637,-0.1446928350880532
0.2114064938857292,0.7032219761310174,-0.20805641369602532,-0.057405459026408964,-0.011801640962330091,0.11979718175567507,-0.011801640962330091,-0.11979718175567507,0.1299085627383039,0.050248083706043944,0.9326625735302673,0.7397189521282024,-0.14454213115742745
0.21185305331639837,0.7022775021479472,-0.20801205772378356,-0.058001500626679886,-0.011704417017110494,0.12041750353113108,-0.011704417017110494,-0.12041750353113108,0.13045769068292223,0.05018798563053754,0.9333169570756185,0.7421610847297837,-0.14439226482068784
0.21229961274706755,0.7013373490002319,-0.2079682119108558,-0.05859662292759518,-0.01160760434604141,0.1210336966794735,-0.01160760434604141,-0.1210336966794735,0.13100379208453825,0.05012821369877575,0.9339601751249785,0.7445632174389611,-0.14424322103224924
0.2127461721777367,0.7004014349800125,-0.20792486521653444,-0.0591908524308488,-0.011511195672072887,0.12164585117344613,-0.011511195672072887,-0.12164585117344613,0.13154692606939705,0.05006875922763827,0.9345925294926583,0.7469263923669707,-0.14409498523801173
0.21319273160840585,0.6994696810376277,-0.20788200696831466,-0.05978421470268243,-0.011415183952766873,0.12225405382101082,-0.011415183952766873,-0.12225405382101082,0.13208714983576866,0.05000961383640342,0.9352143106159161,0.7492516135616063,-0.14394754335309928
0.21363929103907503,0.6985420106623778,-0.20783962684520282,-0.06037673441683569,-0.011319562369806397,0.12285838841613105,-0.011319562369806397,-0.12285838841613105,0.132624518740493,0.04995076943289718,0.935825798108222,0.7515398488097813,-0.1438008817408779
0.21408585046974418,0.6976183497700785,-0.20779771486198215,-0.060968435395013704,-0.011224324319100892,0.1234589358805325,-0.011224324319100892,-0.1234589358805325,0.13315908638059146,0.04989221820044075,0.9364272612794825,0.7537920313347843,-0.14365498719316647
0.21453240990041333,0.6966986265969066,-0.20775626135436276,-0.06155934064507828,-0.011129463401444401,0.12405577439712175,-0.011129463401444401,-0.12405577439712175,0.13369090467031436,0.04983395258553662,0.9370189596256028,0.756009061395694,-0.14350984691155302
0.2149789693310825,0.695782771599151,-0.2077152569649648,-0.06214947239707378,-0.011034973413692356,0.1246489795356081,-0.011034973413692356,-0.1246489795356081,0.13422002391389445,0.04977596528624988,0.9376011432894767,0.7581918077954679,-0.14336544848974847
0.21542552876175164,0.694870717358452,-0.20767469263007257,-0.0627388521372634,-0.010940848340420658,0.12523862437090183,-0.010940848340420658,-0.12523862437090183,0.13474649287431983,0.04971824924123211,0.9381740534954209,0.760341109304058,-0.14322177989690468
0.21587208819242082,0.6939623984921619,-0.2076345595671094,-0.0633275006403039,-0.010847082346034724,0.12582477959478403,-0.010847082346034724,-0.12582477959478403,0.13527035883838584,0.049660797619346525,0.9387379229588523,0.7624577760022002,-0.14307882946183237
0.21631864762308997,0.6930577515685044,-0.20759484926278804,-0.06391543799967506,-0.010753669767300002,0.12640751362129848,-0.010753669767300002,-0.12640751362129848,0.1357916676782635,0.0496036038098563,0.9392929762728801,0.7645425905511307,-0.14293658585806251
0.21676520705375912,0.6921567150262274,-0.2075555534618919,-0.06450268365647185,-0.01066060510626764,0.1269868926862846,-0.01066060510626764,-0.1269868926862846,0.1363104639098047,0.04954666141313866,0.9398394302733463,0.7665963093930561,-0.14279503808969737
0.2172117664844283,0.6912592290984311,-0.2075166641566436,-0.06508925642669366,-0.010567883023566845,0.12756298094146834,-0.010567883023566845,-0.12756298094146834,0.13682679074781723,0.04948996423188792,0.9403774943837686,0.7686196638869895,-0.1426541754779953
0.21765832591509746,0.6903652357403653,-0.20747817357663184,-0.06567517452707301,-0.010475498332046107,0.12813584054341803,-0.010475498332046107,-0.12813584054341803,0.13734069015845568,0.04943350626278367,0.9409073709414435,0.7706133613838784,-0.14251398764865342
0.2181048853457666,0.6894746785608779,-0.20744007417924973,-0.06626045559960148,-0.010383445990735523,0.1287055317377632,-0.010383445990735523,-0.1287055317377632,0.13785220290896433,0.04937728168858533,0.941429255505991,0.772578086245129,-0.1423744645197318
0.2185514447764358,0.6885875027573507,-0.2074023586406245,-0.06684511673477553,-0.010291721099115527,0.12927211293892385,-0.010291721099115527,-0.12927211293892385,0.13836136861488535,0.04932128487063467,0.941943337151411,0.7745145008078733,-0.1422355962901914
0.21899800420710494,0.6877036550538641,-0.20736501984699876,-0.06742917449368675,-0.010200318891669573,0.12983564080568052,-0.010200318891669573,-0.12983564080568052,0.1388682257849264,0.049265510341735146,0.9424497987427307,0.7764232463004272,-0.14209737342899903
0.2194445636377741,0.6868230836424435,-0.2073280508865463,-0.06801264492897753,-0.010109234732707544,0.13039617031279863,-0.010109234732707544,-0.13039617031279863,0.13937281186358677,0.049209952799391804,0.9429488171981669,0.778304943710844,-0.14195978666477455
0.21989112306844327,0.685945738127144,-0.20729144504158425,-0.06859554360479043,-0.010018464111439017,0.13095375481901084,-0.010018464111439017,-0.13095375481901084,0.1398751632717266,0.04915460709938153,0.9434405637377529,0.7801601946116179,-0.14182282697593704
0.22033768249911242,0.6850715694708671,-0.20725519578116972,-0.06917788561571189,-0.009928002637286517,0.1315084461315241,-0.009928002637286517,-0.1315084461315241,0.1403753154451509,0.04909946824964243,0.9439252041192048,0.7819895819429648,-0.1416864855813316
0.22078424192978158,0.6842005299446984,-0.20721929675404915,-0.06975968560481799,-0.009837846035420629,0.13206029456730928,-0.009837846035420629,-0.13206029456730928,0.14087330287136463,0.04904453140445661,0.944402898861848,0.7837936707573239,-0.1415507539312994
0.22123080136045073,0.6833325730796554,-0.2071837417819461,-0.07034095778084132,-0.00974799014250701,0.13260934901133606,-0.00974799014250701,-0.13260934901133606,0.14136915912457734,0.048989791858914236,0.9448738034592876,0.785573008927241,-0.1414156236991717
0.2216773607911199,0.6824676536206965,-0.20714852485316565,-0.07092171593452193,-0.009658430902652181,0.1331556569719457,-0.009658430902652181,-0.1331556569719457,0.141862916899067,0.04893524504364015,0.9453380685815049,0.7873281278188202,-0.14128108677316165
0.22212392022178906,0.6816057274828501,-0.2071136401164958,-0.07150197345419916,-0.009569164363536003,0.13369926463354165,-0.009569164363536003,-0.13369926463354165,0.14235460804100514,0.04888088651976776,0.9457958402670132,0.7890595429327714,-0.14114713524862885
0.22257047965245821,0.6807467517093713,-0.20707908187539303,-0.07208174334066401,-0.00948018667272241,0.1342402169067303,-0.00948018667272241,-0.1342402169067303,0.14284426357880958,0.04882671197414815,0.9462472601056273,0.7907677545148135,-0.14101376142070124
0.22301703908312737,0.6798906844317886,-0.20704484458243233,-0.07266103822133649,-0.009391494074136423,0.13477855747608417,-0.009391494074136423,-0.13477855747608417,0.14333191375212617,0.048772717214779146,0.9466924654124149,0.7924532481372728,-0.1408809577772288
0.22346359851379655,0.6790374848317519,-0.20701092283400954,-0.07323987036379082,-0.009303082904699611,0.1353143288456463,-0.009303082904699611,-0.1353143288456463,0.14381758803950231,0.04871889816644354,0.9471315893933153,0.7941164952534152,-0.14074871699205477
0.2239101579444657,0.6781871131045828,-0.20697731136528189,-0.07381825168866614,-0.00921494959111537,0.13584757238230843,-0.00921494959111537,-0.13584757238230843,0.14430131518482528,0.04866525086654494,0.9475647613029059,0.7957579537260662,-0.14061703191858585
0.22435671737513485,0.6773395304244197,-0.2069440050453313,-0.07439619378201097,-0.009127090646794655,0.1363783283571944,-0.009127090646794655,-0.1363783283571944,0.1447831232226038,0.048611771461127974,0.9479921065947645,0.7973780683319587,-0.140485895583644
0.22480327680580403,0.6764946989109015,-0.20691099887254352,-0.07497370790706352,-0.009039502668916904,0.13690663598513358,-0.009039502668916904,-0.13690663598513358,0.14526303950213182,0.04855845620107818,0.9484137470648168,0.7989772712430527,-0.14035530118158807
0.22524983623647318,0.6756525815972819,-0.20687828797018679,-0.07555080501552461,-0.008952182335617037,0.13743253346235437,-0.008952182335617037,-0.13743253346235437,0.14574109071061456,0.048505301438486366,0.9488298009880806,0.8005559824861612,-0.1402252420686879
0.22569639566714234,0.6748131423999122,-0.20684586758218182,-0.07612749575833738,-0.008865126403292824,0.13795605800248265,-0.008865126403292824,-0.13795605800248265,0.14621730289530163,0.04845230362317188,0.9492403832491525,0.8021146103819958,-0.140095711757739
0.22614295509781152,0.6739763460890168,-0.20681373306905282,-0.07670379049600347,-0.00877833170402608,0.13847724587094037,-0.00877833170402608,-0.13847724587094037,0.1466917014846814,0.04839945929935599,0.9496456054667822,0.8036535519647428,-0.1399667039129051
0.22658951452848067,0.6731421582607072,-0.2067818799040508,-0.07727969930845091,-0.00869179514311292,0.13899613241782205,-0.00869179514311292,-0.13899613241782205,0.14716431130877783,0.0483467651024776,0.9500455761128441,0.8051731933831718,-0.13983821234477833
0.22703607395914982,0.6723105453101464,-0.20675030366943845,-0.07785523200449575,-0.00860551369669518,0.1395127521093464,-0.00860551369669518,-0.1395127521093464,0.14763515661861054,0.048294217756142704,0.9504404006260166,0.8066739102842861,-0.13971023100564245
0.227482633389819,0.6714814744058341,-0.20671900005293056,-0.07843039813089753,-0.008519484409490689,0.14002713855793947,-0.008519484409490689,-0.14002713855793947,0.14810426110484431,0.04824181406920264,0.9508301815204363,0.8081560681803717,-0.139582753984933
0.22792919282048815,0.6706549134649439,-0.20668796484428237,-0.07900520698103315,-0.008433704392615985,0.1405393245510248,-0.008433704392615985,-0.1405393245510248,0.14857164791567112,0.04818955093295491,0.9512150184895876,0.8096200228002928,-0.13945577550488314
0.2283757522511573,0.6698308311296414,-0.20665719393201332,-0.07957966760323681,-0.008348170821495676,0.1410493420786116,-0.008348170821495676,-0.1410493420786116,0.14903733967398602,0.04813742531845554,0.9515950085057023,0.8110661204259353,-0.13932928991634208
0.22882231168182646,0.6690091967443913,-0.20662668330027043,-0.0801537888087575,-0.008262880933858519,0.1415572223596853,-0.008262880933858519,-0.1415572223596853,0.14950135849383933,0.048085434273947146,0.9519702459148455,0.8124946982143426,-0.13920329169476733
0.2292688711124956,0.6681899803341175,-0.2065964290258092,-0.08072757917944666,-0.008177832027809053,0.14206299586754345,-0.008177832027809053,-0.14206299586754345,0.14996372599627536,0.04803357492238411,0.9523408225279801,0.8139060845065396,-0.13907777543636798
0.2297154305431648,0.6673731525832792,-0.20656642727510316,-0.0813010470750827,-0.008093021459979605,0.14256669235403716,-0.008093021459979605,-0.14256669235403716,0.15042446332450213,0.04798184445906398,0.9527068277081352,0.8153005991233968,-0.13895273585440865
0.23016198997383394,0.6665586848157246,-0.20653667430156128,-0.08187420064044422,-0.008008446643750874,0.14306834087285367,-0.008008446643750874,-0.14306834087285367,0.15088359115849964,0.04793024014934847,0.9530683484539393,0.8166785536494388,-0.13882816777565077
0.2306085494045031,0.6657465489753438,-0.20650716644285708,-0.08244704781208778,-0.007924105047543125,0.14356796980183967,-0.007924105047543125,-0.14356796980183967,0.15134112972904773,0.04787875932647491,0.9534254694796633,0.8180402517050329,-0.1387040661369348
0.23105510883517227,0.6649367176074681,-0.20647790011836126,-0.08301959632485646,-0.007839994193172762,0.14406560686442177,-0.007839994193172762,-0.14406560686442177,0.15179709883121173,0.04782739938945611,0.953778273291948,0.8193859892075397,-0.13858042598189366
0.23150166826584143,0.6641291638409766,-0.2064488718266735,-0.08359185371813777,-0.0077561116542715115,0.14456127915017367,-0.0077561116542715115,-0.14456127915017367,0.15225151783731478,0.04777615780105952,0.9541268402633883,0.8207160546219947,-0.13845724245779073
0.23194822769651058,0.6633238613710671,-0.20642007814324587,-0.08416382734189462,-0.0076724550547642,0.1450550131345816,-0.0076724550547642,-0.1450550131345816,0.15270440570943034,0.0477250320858629,0.9544712487031308,0.8220307292018276,-0.13833451081247564
0.23239478712717976,0.6625207844427011,-0.20639151571810108,-0.08473552436243596,-0.007589022067405528,0.14554683469800708,-0.007589022067405528,-0.14554683469800708,0.15315578101138252,0.04767401982838839,0.9548115749246006,0.8233302872199921,-0.13821222639145786
0.2328413465578489,0.661719907834633,-0.20636318127363093,-0.08530695176800127,-0.007505810412368884,0.14603676914393962,-0.007505810412368884,-0.14603676914393962,0.1536056619203253,0.04762311867130247,0.955147893310534,0.8246149961911022,-0.13809038463508416
0.23328790598851806,0.6609212068440519,-0.2063350716024807,-0.08587811637411152,-0.007422817855888749,0.1465248412165251,-0.007422817855888749,-0.1465248412165251,0.1540540662378757,0.04757232631368697,0.9554802763754122,0.8258851170848682,-0.13796898107582345
0.23373446541918724,0.6601246572717769,-0.2063071835655107,-0.08644902482872903,-0.0073400422089519735,0.14701107511742867,-0.0073400422089519735,-0.14701107511742867,0.15450101140084602,0.04752164050937311,0.9558087948254337,0.8271409045312961,-0.13784801133564947
0.2341810248498564,0.6593302354079891,-0.20627951408983122,-0.0870196836172284,-0.007257481326036555,0.14749549452206023,-0.007257481326036555,-0.14749549452206023,0.15494651449158764,0.047471059065336635,0.9561335176161391,0.8283826070180234,-0.1377274711235182
0.23462758428052555,0.6585379180184808,-0.20625206016691092,-0.08759009906717789,-0.007175133103895724,0.14797812259518117,-0.007175133103895724,-0.14797812259518117,0.155390592247957,0.04742057984015341,0.9564545120077915,0.8296104670801252,-0.1376073562329361
0.23507414371119473,0.6577476823313957,-0.2062248188507524,-0.08816027735295169,-0.007092995480385562,0.14845898200593294,-0.007092995480385562,-0.14845898200593294,0.1558332610729288,0.047370200742509694,0.9567718436186218,0.8308247214827529,-0.13748766253961534
0.23552070314186388,0.6569595060244326,-0.20619778725613222,-0.08873022450017858,-0.007011066433333461,0.1489380949423103,-0.007011066433333461,-0.1489380949423103,0.15627453704387084,0.0473199197297662,0.9570855764760364,0.832025601396934,-0.1373683859992107
0.23596726257253303,0.6561733672125168,-0.20617096255690656,-0.08929994639001397,-0.0069293439794474955,0.1494154831250881,-0.0069293439794474955,-0.1494154831250881,0.15671443592147952,0.04726973480657596,0.9573957730658654,0.8332133325687723,-0.13724952264513834
0.23641382200320218,0.6553892444358776,-0.20614434198437234,-0.0898694487632856,-0.006847826173262265,0.14989116782126088,-0.006847826173262265,-0.14989116782126088,0.1571529731584227,0.047219644023547266,0.9577024943797681,0.8343881354824594,-0.13713106858646745
0.23686038143387134,0.6546071166485586,-0.2061179228256879,-0.09043873722447085,-0.006766511106122454,0.15036516985697757,-0.006766511106122454,-0.15036516985697757,0.15759016390766656,0.04716964547595729,0.9580057999608469,0.8355502255172444,-0.1370130200058866
0.23730694086454052,0.6538269632073177,-0.2060917024223544,-0.0910078172455397,-0.006685396905199717,0.15083750963001522,-0.006685396905199717,-0.15083750963001522,0.15802602303052016,0.0471197373025101,0.9583057479475661,0.836699813098688,-0.13689537315774147
0.23775350029520967,0.653048763860903,-0.20606567816873214,-0.09157669416966907,-0.006604481732546314,0.15130820712181237,-0.006604481732546314,-0.15130820712181237,0.15846056510440895,0.047069917684136243,0.9586023951160505,0.8378371038444572,-0.1367781243661342
0.23820005972587882,0.6522724987396872,-0.20603984751062954,-0.09214537321483136,-0.0065237637841754305,0.15177728190907835,-0.0065237637841754305,-0.15177728190907835,0.15889380443038725,0.04702018484283435,0.9588957969208332,0.8389622987048795,-0.13666127002309203
0.238646619156548,0.65149814834567,-0.2060142079439259,-0.0927138594772387,-0.006443241289177647,0.15224475317497702,-0.006443241289177647,-0.15224475317497702,0.15932575504038204,0.046970537040555,0.9591860075341028,0.8400755940984237,-0.136544806586796
0.23909317858721715,0.6507256935427853,-0.20598875701324346,-0.09328215793470282,-0.006362912508862855,0.1527106397199478,-0.006362912508862855,-0.1527106397199478,0.15975643070421977,0.04692097257811765,0.9594730798835529,0.8411771820424614,-0.13642873057986601
0.2395397380178863,0.6499551155475616,-0.205963492310667,-0.0938502734498445,-0.0062827757359335285,0.15317495997212185,-0.0062827757359335285,-0.15317495997212185,0.16018584493639276,0.04687148979416951,0.959757065688846,0.8422672502793278,-0.1363130385877069
0.23998629744855549,0.6491863959200573,-0.20593841147450057,-0.09441821077323133,-0.006202829293682599,0.15363773199740954,-0.006202829293682599,-0.15363773199740954,0.16061401100262993,0.04682208706417403,0.9600380154967965,0.8433459823980545,-0.136197727256904
0.24043285687922464,0.6484195165551252,-0.20591351218807602,-0.0949859745463728,-0.006123071535218906,0.1540989735092132,-0.006123071535218906,-0.1540989735092132,0.161040941926225,0.04677276279943892,0.9603159787152844,0.8444135579517891,-0.13608279329367678
0.2408794163098938,0.6476544596739221,-0.20588879217857914,-0.09555356930466004,-0.006043500842717933,0.15455870187784643,-0.006043500842717933,-0.15455870187784643,0.16146665049419154,0.04672351544616904,0.9605910036459985,0.8454701525712534,-0.1359682334623738
0.24132597574056297,0.6468912078157357,-0.20586424921594582,-0.09612099948015801,-0.005964115626694775,0.15501693413959491,-0.005964115626694775,-0.15501693413959491,0.1618911492631826,0.046674343484558664,0.9608631375160042,0.8465159380741991,-0.13585404458402767
0.2417725351712321,0.6461297438300293,-0.20583988111175858,-0.09668826940435704,-0.005884914325302867,0.15547368700551634,-0.005884914325302867,-0.15547368700551634,0.16231445056525828,0.046625245427905415,0.9611324265082412,0.8475510825712391,-0.13574022353494342
0.24221909460190127,0.6453700508687734,-0.20581568571820763,-0.09725538331079336,-0.005805895403652665,0.15592897686991447,-0.005805895403652665,-0.15592897686991447,0.1627365665134396,0.04657621982175892,0.9613989157909462,0.8485757505680136,-0.13562676724534203
0.24266565403257045,0.644612112378998,-0.2057916609270715,-0.09782234533761133,-0.005727057353152103,0.15638281981855562,-0.005727057353152103,-0.15638281981855562,0.16315750900710632,0.04652726524309318,0.9616626495460775,0.8495901030639637,-0.13551367269804104
0.24311221346323958,0.6438559120955886,-0.205767804668724,-0.09838915953003036,-0.005648398690870168,0.15683523163660512,-0.005648398690870168,-0.15683523163660512,0.16357728973721636,0.0464783802995074,0.9619236709967648,0.8505942976477845,-0.13540093692717614
0.24355877289390876,0.6431014340343012,-0.20574411491119182,-0.09895582984273914,-0.005569917958915579,0.15728622781631196,-0.005569917958915579,-0.15728622781631196,0.16399592019136677,0.04642956362845073,0.9621820224338308,0.8515884885897136,-0.13528855701696657
0.2440053323245779,0.6423486624849918,-0.20572058965922052,-0.09952236014221562,-0.005491613723838771,0.15773582356444563,-0.005491613723838771,-0.15773582356444563,0.16441341165869977,0.046380813896471966,0.9624377452414193,0.8525728269307744,-0.13517653010051303
0.24445189175524706,0.6415975820050632,-0.20569722695338136,-0.10008875420896204,-0.005413484576050777,0.15818403380948573,-0.005413484576050777,-0.15818403380948573,0.16482977523464917,0.04633212979849355,0.9626908799217624,0.8535474605690743,-0.1350648533586366
0.24489845118591624,0.6408481774130965,-0.20567402486920452,-0.10065501573968932,-0.0053355291292584,0.15863087320859806,-0.0053355291292584,-0.15863087320859806,0.1652450218255564,0.046283510057106514,0.9629414661191306,0.8545125343433213,-0.13495352401875094
0.2453450106165854,0.6401004337826893,-0.20565098151633926,-0.10122114834941497,-0.005257746019917853,0.1590763561543756,-0.005257746019917853,-0.1590763561543756,0.1656591621531328,0.04623495342188862,0.9631895426429835,0.8554681901135994,-0.1348425393537699
0.24579157004725455,0.6393543364364699,-0.20562809503773033,-0.1017871555735092,-0.005180133906705579,0.159520496781377,-0.005180133906705579,-0.159520496781377,0.1660722067587974,0.04618645866874249,0.9634351474903659,0.856414566839566,-0.1347318966810449
0.24623812947792373,0.6386098709402941,-0.20560536360883352,-0.10235304086967278,-0.005102691470002448,0.15996330897245842,-0.005102691470002448,-0.15996330897245842,0.16648416600788074,0.04613802459925435,0.9636783178675704,0.8573518006561403,-0.13462159336133775
0.24668468890859288,0.6378670230976162,-0.20558278543684824,-0.10291880761985192,-0.0050254174113946535,0.16040480636490598,-0.0050254174113946535,-0.16040480636490598,0.1668950500937021,0.046089650040072434,0.9639190902110953,0.8582800249467715,-0.13451162679782225
0.24713124833926203,0.6371257789440159,-0.20556035875996415,-0.10348445913210859,-0.004948310453190084,0.16084500235639013,-0.004948310453190084,-0.16084500235639013,0.167304869041536,0.04604133384230263,0.9641575002079329,0.8591993704144203,-0.1344019944351122
0.2475778077699312,0.6363861247419035,-0.20553808184665032,-0.10404999864241128,-0.004871369337946501,0.16128391011072005,-0.004871369337946501,-0.16128391011072005,0.16771363271244583,0.0459930748809248,0.9643935828151966,0.8601099651502628,-0.13429269375832456
0.24802436720060037,0.6356480469753618,-0.20551595299494485,-0.10461542931639423,-0.004794592828015837,0.16172154256344007,-0.004794592828015837,-0.16172154256344007,0.1681213508070215,0.045944872054224234,0.9646273722791322,0.8610119347002869,-0.13418372229216283
0.24847092663126952,0.6349115323451404,-0.20549397053177654,-0.10518075425106065,-0.004717979705099611,0.1621579124272546,-0.004717979705099611,-0.1621579124272546,0.16852803286900625,0.045896724283239314,0.9648589021535269,0.8619054021298183,-0.1340750776000299
0.2489174860619387,0.6341765677638087,-0.2054721328123054,-0.10574597647641629,-0.00464152876981885,0.16259303219727492,-0.00464152876981885,-0.16259303219727492,0.16893368828880548,0.045848630511229234,0.9650882053175264,0.8627904880860078,-0.133966757283168
0.24936404549260782,0.6334431403510242,-0.205450438219278,-0.10631109895708514,-0.0045652388412946165,0.1630269141561334,-0.0045652388412946165,-0.1630269141561334,0.1693383263069166,0.04580058970315202,0.9653153139929107,0.8636673108584636,-0.1338587589798191
0.249810604923277,0.6327112374289544,-0.20542888516240565,-0.10687612459385237,-0.00448910875674167,0.1634595703789261,-0.00448910875674167,-0.1634595703789261,0.16974195601724346,0.04575260084516204,0.9655402597608201,0.864535986437984,-0.13375108036441277
0.2502571643539462,0.6319808465178148,-0.20540747207775734,-0.10744105622517912,-0.0044131373710726216,0.16389101273802287,-0.0044131373710726216,-0.16389101273802287,0.17014458637032892,0.04570466294411916,0.9657630735779688,0.8653966285735302,-0.13364371914677425
0.2507037237846153,0.631251955331543,-0.20538619742717204,-0.10800589662866185,-0.004337323556514051,0.16432125290772787,-0.004337323556514051,-0.16432125290772787,0.1705462261764884,0.045656775027113725,0.9659837857923568,0.8662493488274676,-0.1335366730713567
0.2511502832152845,0.6305245517735811,-0.20536505969768581,-0.10857064852246125,-0.004261666202232198,0.16475030236881302,-0.004261666202232198,-0.16475030236881302,0.1709468841088642,0.04560893614100346,0.966202426158506,0.8670942566291666,-0.13342993991649255
0.2515968426459536,0.629798623932787,-0.2053440574009762,-0.10913531456667973,-0.004186164213970066,0.16517817241291277,-0.004186164213970066,-0.16517817241291277,0.17134656870638765,0.04556114535196512,0.9664190238522252,0.8679314593269758,-0.13332351749366783
0.2520434020766228,0.62907416007945,-0.20532318907282174,-0.10969989736470515,-0.004110816513693776,0.16560487414679642,-0.004110816513693776,-0.16560487414679642,0.17174528837666353,0.0455134017450578,0.9666336074849344,0.8687610622386766,-0.13321740364681484
0.25248996150729197,0.628351148661417,-0.20530245327257587,-0.11026439946451982,-0.004035622039248635,0.16603041849652117,-0.004035622039248635,-0.16603041849652117,0.1721430513987774,0.04546570442379792,0.9668462051175568,0.8695831687004414,-0.1331115962516241
0.25293652093796115,0.6276295783003251,-0.205281848582656,-0.11082882335996752,-0.003960579744024712,0.16645481621146288,-0.003960579744024712,-0.16645481621146288,0.1725398659260231,0.04541805250974712,0.9670568442739945,0.8703978801143537,-0.13300609321487583
0.2533830803686303,0.6269094377879373,-0.2052613736080465,-0.11139317149198585,-0.00388568859663139,0.16687807786823428,-0.00388568859663139,-0.16687807786823428,0.17293573998855696,0.04537044514211115,0.9672655519542022,0.8712052959945347,-0.13290089247378883
0.25382963979929946,0.626190716082576,-0.20524102697581523,-0.1119574462498045,-0.003810947580580765,0.16730021387449306,-0.003810947580580765,-0.16730021387449306,0.17333068149598035,0.045322881477349405,0.9674723546468759,0.8720055140119407,-0.1327959919953871
0.2542761992299686,0.6254734023056455,-0.20522080733464215,-0.11252164997211812,-0.0037363556939787436,0.16772123447264967,-0.0037363556939787436,-0.16772123447264967,0.17372469823985898,0.045275360688795514,0.967677278341769,0.872798630037867,-0.13269138977588263
0.25472275866063776,0.6247574857382595,-0.20520071335436255,-0.11308578494821131,-0.003661911949225466,0.1681411497434606,-0.003661911949225466,-0.1681411497434606,0.1741177978961638,0.04522788196628841,0.9678803485416431,0.873584738186185,-0.13258708384007567
0.25516931809130694,0.6240429558179444,-0.20518074372552036,-0.11364985341907079,-0.0035876153727225912,0.16855996960953598,-0.0035876153727225912,-0.16855996960953598,0.1745099880276601,0.045180444515812115,0.9680815902738782,0.874363930854402,-0.1324830722407695
0.2556158775219761,0.6233298021354379,-0.2051608971589348,-0.11421385757845476,-0.0035134650045887863,0.16897770383874228,-0.0035134650045887863,-0.16897770383874228,0.17490127608622502,0.04513304755914692,0.9682810281017407,0.8751362987635278,-0.13237935305820142
0.25606243695264524,0.6226180144315688,-0.20514117238527818,-0.1147777995739366,-0.003439459898382565,0.16939436204751376,-0.003439459898382565,-0.16939436204751376,0.17529166941510663,0.04508569033352904,0.9684786861353277,0.8759019309968212,-0.13227592439948854
0.2565089963833144,0.6219075825942134,-0.205121568154664,-0.11534168150792767,-0.003365599120831839,0.1698099537040804,-0.003365599120831839,-0.1698099537040804,0.1756811752511292,0.04503837209131845,0.9686745880422035,0.8766609150374653,-0.13217278439808666
0.25695555581398355,0.62119849665534,-0.20510208323624718,-0.11590550543865935,-0.0032918817515712696,0.17022448813159882,-0.0032918817515712696,-0.17022448813159882,0.17606980072683245,0.044991092099677374,0.9688687570577232,0.8774133368051551,-0.1320699312132651
0.25740211524465273,0.620490746788119,-0.20508271641783343,-0.11646927338115184,-0.0032183068828854217,0.17063797451120885,-0.0032183068828854217,-0.17063797451120885,0.17645755287256437,0.04494384964025542,0.9690612159950727,0.8781592806916978,-0.131967363029593
0.2578486746753219,0.6197843233041127,-0.20506346650549936,-0.11703298730815112,-0.0031448736194590954,0.1710504218850038,-0.0031448736194590954,-0.1710504218850038,0.1768444386185164,0.04489664400888375,0.9692519872550206,0.8788988295956133,-0.13186507805643993
0.25829523410599103,0.6190792166505354,-0.20504433232322228,-0.11759664915104129,-0.003071581078133632,0.1714618391589228,-0.003071581078133632,-0.1714618391589228,0.17723046479670718,0.044849474515277696,0.9694410928353969,0.8796320649557774,-0.13176307452748856
0.2587417935366602,0.6183754174075816,-0.2050253127125194,-0.11816026080073552,-0.0029984283876694686,0.1718722351055687,-0.0029984283876694686,-0.1718722351055687,0.17761563814291725,0.04480234048274533,0.9696285543403104,0.8803590667841605,-0.1316613507002598
0.25918835296732934,0.6176729162858199,-0.20500640653209568,-0.11872382410854478,-0.0029254146885144506,0.17228161836695227,-0.0029254146885144506,-0.17228161836695227,0.17799996529857642,0.04475524124790544,0.9698143929891054,0.8810799136976541,-0.13155990485564933
0.2596349123979985,0.6169717041236585,-0.20498761265750226,-0.1192873408870159,-0.0028525391325784164,0.17268999745716013,-0.0028525391325784164,-0.17268999745716013,0.17838345281259804,0.044708176160411825,0.9699986296250737,0.8817946829490417,-0.13145873529747684
0.2600814718286677,0.6162717718848636,-0.204968929980801,-0.1198508129107618,-0.002779800883012591,0.17309738076496262,-0.002779800883012591,-0.17309738076496262,0.17876610714317703,0.044661144582683956,0.9701812847239285,0.882503450457145,-0.13135784035204473
0.2605280312593369,0.6155731106561483,-0.20495035741023968,-0.12041424191725683,-0.0027071991139950664,0.17350377655634533,-0.0027071991139950664,-0.17350377655634533,0.17914793465953446,0.044614145889646024,0.9703623784020421,0.8832062908361358,-0.13125721836770926
0.260974590690006,0.6148757116448125,-0.2049318938699335,-0.12097762960762473,-0.0026347330105210235,0.17390919297698493,-0.0026347330105210235,-0.17390919297698493,0.1795289416436276,0.04456717946847052,0.970541930424465,0.8839032774240942,-0.13115686771446072
0.2614211501206752,0.6141795661764525,-0.20491353829955675,-0.12154097764738908,-0.0025624017681987656,0.1743136380546493,-0.0025624017681987656,-0.1743136380546493,0.17990913429180672,0.044520244718330895,0.9707199602127213,0.8845944823107745,-0.1310567867835158
0.2618677095513443,0.6134846656927055,-0.20489528965403817,-0.1221042876672328,-0.002490204593049364,0.17471711970155698,-0.002490204593049364,-0.17471711970155698,0.18028851871645,0.04447334105015652,0.970896486852403,0.8852799763646768,-0.13095697398691658
0.2623142689820135,0.6127910017490747,-0.20487714690326878,-0.12266756126370468,-0.0024181407013129028,0.17511964571665325,-0.0024181407013129028,-0.17511964571665325,0.18066710094753646,0.04442646788639811,0.9710715291005498,0.88595982925936,-0.1308574277571432
0.26276082841268267,0.6120985660127848,-0.20485910903181248,-0.12323079999993605,-0.0023462093192578044,0.17552122378784857,-0.0023462093192578044,-0.17552122378784857,0.18104488693419957,0.04437962466079553,0.9712451053928417,0.8866341094991044,-0.13075814654673257
0.2632073878433518,0.6114073502607026,-0.20484117503862662,-0.12379400540632285,-0.0022744096829957136,0.17592186149418929,-0.0022744096829957136,-0.17592186149418929,0.18142188254623218,0.044332810818153115,0.9714172338505941,0.8873028844438795,-0.13065912882790798
0.26365394727402097,0.6107173463772954,-0.20482334393678675,-0.12435717898120502,-0.0022027410382998956,0.17632156630798532,-0.0022027410382998956,-0.17632156630798532,0.18179809357556548,0.0442860258141189,0.9715879322875733,0.8879662203336844,-0.1305603730922159
0.26410050670469015,0.6100285463526516,-0.2048056147532209,-0.1249203221915113,-0.002131202640428917,0.17672034559687186,-0.002131202640428917,-0.17672034559687186,0.18217352573770068,0.04423926911497145,0.9717572182166269,0.8886241823122338,-0.13046187785017355
0.2645470661353593,0.6093409422805349,-0.20478798652844735,-0.1254834364734065,-0.0020597937539535965,0.177118206625834,-0.0020597937539535965,-0.177118206625834,0.18254818467311928,0.04419254019740926,0.9719251088561465,0.8892768344500643,-0.13036364163092246
0.26499362556602846,0.6086545263564941,-0.204770458316321,-0.12604652323290724,-0.0019885136525885517,0.1775151565591705,-0.0019885136525885517,-0.1775151565591705,0.1829220759486498,0.044145838548347784,0.9720916211363569,0.8899242397670211,-0.1302656629818919
0.26544018499669764,0.6079692908760056,-0.20475302918378363,-0.12660958384650045,-0.0019173616190270495,0.1779112024624226,-0.0019173616190270495,-0.1779112024624226,0.18329520505881414,0.044099163664718305,0.9722567717054484,0.8905664602542009,-0.13016794046846847
0.26588674442736676,0.6072852282326721,-0.20473569821062143,-0.12717261966172794,-0.0018463369447803794,0.17830635130424263,-0.0018463369447803794,-0.17830635130424263,0.18366757742713047,0.044052515053274545,0.9724205769355446,0.8912035568953149,-0.13007047267367472
0.26633330385803594,0.6066023309164534,-0.2047184644892282,-0.12773563199777033,-0.0017754389300205457,0.1787006099582276,-0.0017754389300205457,-0.1787006099582276,0.18403919840739452,0.044005892230401876,0.9725830529285202,0.8918355896875214,-0.1299732581978546
0.26677986328870507,0.6059205915119447,-0.20470132712437367,-0.12829862214600798,-0.0017046668834266067,0.17909398520470193,-0.0017046668834266067,-0.17909398520470193,0.1844100732849258,0.04395929472193235,0.9727442155216689,0.8924626176617341,-0.1298762956583663
0.26722642271937425,0.6052400026966824,-0.2046842852329761,-0.12886159137058242,-0.001634020122034176,0.1794864837324683,-0.001634020122034176,-0.1794864837324683,0.18478020727779415,0.04391272206296216,0.9729040802932314,0.8930846989024368,-0.129779583689281
0.2676729821500434,0.6045605572395029,-0.2046673379438824,-0.12942454090892838,-0.0015634979710889233,0.179878112140505,-0.0015634979710889233,-0.179878112140505,0.18514960553800802,0.04386617379767551,0.9730626625677758,0.8937018905669785,-0.12968312094109008
0.2681195415807126,0.6038822479989332,-0.20465048439765213,-0.1299874719722974,-0.0014930997639032821,0.18026887693962693,-0.0014930997639032821,-0.18026887693962693,0.1855182731526785,0.04381964947917173,0.9732199774214473,0.8943142489044047,-0.12958690608041837
0.26856610101138173,0.6032050679216096,-0.20463372374634534,-0.13055038574628208,-0.0014228248417156395,0.18065878455411608,-0.0014228248417156395,-0.18065878455411608,0.18588621514516546,0.043773148669295145,0.9733760396870877,0.8949218292738381,-0.12949093778974266
0.2690126604420509,0.6025290100407423,-0.2046170551533169,-0.1311132833913131,-0.001352672553553494,0.18104784132330404,-0.001352672553553494,-0.18104784132330404,0.18625343647618844,0.043726670938470644,0.9735308639592233,0.8955246861623833,-0.1293952147671179
0.26945921987272003,0.6018540674746135,-0.2046004777930155,-0.13167616604314533,-0.0012826422560994599,0.1814360535031181,-0.0012826422560994599,-0.1814360535031181,0.18661994204491314,0.043680215865542646,0.9736844645989285,0.8961228732026043,-0.12929973572590941
0.2699057793033892,0.6011802334251007,-0.20458399085078544,-0.13223903481334445,-0.0012127333135599251,0.1818234272675997,-0.0012127333135599251,-0.1818234272675997,0.18698573669002114,0.04363378303761665,0.9738368557385734,0.896716443189582,-0.12920449939452994
0.2703523387340584,0.6005075011762395,-0.20456759352267434,-0.13280189078975288,-0.0011429450975367662,0.18220996871038156,-0.0011429450975367662,-0.18220996871038156,0.1873508251907503,0.04358737204990522,0.9739880512864509,0.8973054480975564,-0.1291095045161832
0.2707988981647275,0.5998358640928177,-0.20455128501524517,-0.1333647350369451,-0.0010732769869020824,0.18259568384613112,-0.0010732769869020824,-0.18259568384613112,0.18771521226791205,0.043540982505577426,0.9741380649312902,0.897889939096157,-0.12901474984861339
0.2712454575953967,0.5991653156189977,-0.20453506454539164,-0.1339275685966754,-0.0010037283676753717,0.18298057861196318,-0.0010037283676753717,-0.18298057861196318,0.1880789025848883,0.04349461401561181,0.9742869101466617,0.8984699665662585,-0.1289202341638595
0.2716920170260658,0.5984958492769666,-0.20451893134015786,-0.13449039248831957,-0.0009342986329032091,0.1833646588688232,-0.0009342986329032091,-0.1833646588688232,0.1884419007486094,0.04344826619865127,0.9744346001952755,0.8990455801154529,-0.12882595624801474
0.272138576456735,0.5978274586656235,-0.20450288463656255,-0.1350532077092955,-0.0008649871825421353,0.18374793040283172,-0.0008649871825421353,-0.18374793040283172,0.18880421131050365,0.04340193868086354,0.9745811481331715,0.8996168285931416,-0.12873191490099217
0.2725851358874042,0.5971601374592845,-0.20448692368142604,-0.1356160152354879,-0.0007957934233433182,0.18413039892660846,-0.0007957934233433182,-0.18413039892660846,0.18916583876743512,0.04335563109580204,0.9747265668138156,0.9001837601052955,-0.12863810893629413
0.27303169531807336,0.5964938794064294,-0.20447104773120298,-0.13617881602164597,-0.0007267167687405353,0.18451207008055462,-0.0007267167687405353,-0.18451207008055462,0.1895267875626101,0.043309343084272714,0.9748708688920882,0.9007464220288299,-0.12854453718078812
0.2734782547487425,0.5958286783284573,-0.2044552560518159,-0.13674161100179488,-0.0006577566387394145,0.1848929494341218,-0.0006577566387394145,-0.1848929494341218,0.1898870620864788,0.04326307429420074,0.9750140668281881,0.9013048610256851,-0.12845119847448544
0.27392481417941167,0.5951645281184842,-0.20443954791849459,-0.13730440108961764,-0.0005889124598100343,0.18527304248703966,-0.0005889124598100343,-0.18527304248703966,0.19024666667760465,0.04321682438050246,0.975156172891435,0.9018591230565405,-0.12835809167032625
0.2743713736100808,0.5945014227401578,-0.20442392261561795,-0.13786718717884097,-0.000520183664781293,0.18565235467052454,-0.000520183664781293,-0.18565235467052454,0.1906056056235232,0.0431705930049589,0.9752971991639859,0.9024092533942314,-0.1282652156339683
0.27481793304075,0.593839356226501,-0.20440837943655984,-0.1384299701436054,-0.00045156969273760575,0.18603089134845688,-0.00045156969273760575,-0.18603089134845688,0.1909638831615783,0.043124379836092526,0.9754371575444634,0.9029552966368444,-0.12817256924358053
0.27526449247141915,0.5931783226787767,-0.20439291768353732,-0.13899275083883197,-0.00038306998891772526,0.18640865781853586,-0.00038306998891772526,-0.18640865781853586,0.19132150347974405,0.04307818454904668,0.9755760597514975,0.903497296720515,-0.1280801513896403
0.27571105190208833,0.592518316265377,-0.20437753666746272,-0.13955553010058122,-0.0003146840046155258,0.1867856593134101,-0.0003146840046155258,-0.1867856593134101,0.1916784707174291,0.04303200682546681,0.9757139173271867,0.9040352969319283,-0.1279879609747355
0.27615761133275746,0.5918593312207362,-0.20436223570779852,-0.14011830874640185,-0.00024641119708312953,0.18716190100178096,-0.00024641119708312953,-0.18716190100178096,0.1920347889662633,0.042985846353384996,0.9758507416404776,0.9045693399205403,-0.12789599691337028
0.27660417076342664,0.5912013618442699,-0.20434701413241618,-0.14068108757566722,-0.00017825102943599264,0.18753738798948014,-0.00017825102943599264,-0.18753738798948014,0.19239046227086487,0.04293970282710717,0.9759865438904632,0.9050994677105022,-0.12780425813177554
0.27705073019409576,0.5905444024993274,-0.20433187127745658,-0.14124386736991654,-0.00011020297055955308,0.18791212532053145,-0.00011020297055955308,-0.18791212532053145,0.19274549462959945,0.042893575947102094,0.9761213351096105,0.9056257217123371,-0.12771274356772228
0.27749728962476494,0.5898884476121691,-0.2043168064871936,-0.14180664889318406,-4.226649501795285e-05,0.18828611797818764,-4.226649501795285e-05,-0.18828611797818764,0.19309988999532043,0.04284746541989197,0.9762551261669116,0.9061481427343447,-0.12762145217033877
0.2777754846476286,0.5894803099638599,-0.2043074606887531,-0.14215724849098849,6.938893903907228e-18,0.18851873149039358,6.938893903907228e-18,-0.18851873149039358,0.19332034888626287,0.042818747888737706,0.9763379736718504,0.9064716776673096,-0.12756469233992948
0.2779438490554341,0.5892334916709727,-0.2043018191139013,-0.14236943289230977,2.5558917034672335e-05,0.1886593708859368,2.5558917034672335e-05,-0.1886593708859368,0.19345365227608724,0.04280137095794747,0.9763879277709586,0.9066667709937335,-0.1275303828999329
0.27839040848610325,0.5885795292248474,-0.20428690851772452,-0.14293222009726025,9.327377994252165e-05,0.18903188890849887,9.327377994252165e-05,-0.18903188890849887,0.19380678533587942,0.04275529227958315,0.9765197504729547,0.9071816461275235,-0.12743953472781683
0.2788369679167724,0.5879265548828746,-0.20427207406654913,-0.14349501122143404,0.00016087860263336307,0.18940367685279638,0.00016087860263336307,-0.18940367685279638,0.1941592929952909,0.042709229108855454,0.9766506046696536,0.9076928072032,-0.12734890663613468
0.27928352734744155,0.5872745633131657,-0.20425731513587783,-0.14405780696196374,0.00022837388870292769,0.1897747394689054,0.00022837388870292769,-0.1897747394689054,0.1945111790322122,0.04266318117546289,0.9767805006062327,0.9082002927291251,-0.12725849761769514
0.27973008677811073,0.5866235492419432,-0.20424263110870772,-0.14462060800000492,0.00029576013649695865,0.19014508145098374,0.00029576013649695865,-0.19014508145098374,0.1948624471824948,0.04261714821464879,0.9769094483791009,0.9087041406647183,-0.1271683066758066
0.2801766462087799,0.5859735074526324,-0.20422802137540955,-0.14518341500103044,0.00036303783919227825,0.19051470743818594,0.00036303783919227825,-0.19051470743818594,0.19521310114060925,0.04257112996710484,0.9770374579386464,0.9092043884304244,-0.12707833282411554
0.2806232056394491,0.585324432784979,-0.20421348533361056,-0.14574622861510694,0.00043020748487571786,0.19088362201555353,0.00043020748487571786,-0.19088362201555353,0.19556314456028323,0.04252512617887808,0.9771645390919185,0.9097010729174428,-0.12698857508644823
0.2810697650701182,0.5846763201341767,-0.20419902238807827,-0.14630904947717666,0.000497269556621955,0.19125182971489227,0.000497269556621955,-0.19125182971489227,0.19591258105513343,0.04247913660127837,0.9772907015052541,0.9101942304972634,-0.12689903249665532
0.2815163245007874,0.5840291644500216,-0.2041846319506088,-0.14687187820731962,0.0005642245325691922,0.19161933501562387,0.0005642245325691922,-0.19161933501562387,0.19626141419927684,0.04243316099078881,0.9774159547068422,0.9106838970309754,-0.12680970409846043
0.2819628839314565,0.5833829607360699,-0.2041703134399142,-0.1474347154110296,0.000631072885994264,0.19198614234563233,0.000631072885994264,-0.19198614234563233,0.1966096475279417,0.04238719910897707,0.9775403080892364,0.9111701078783985,-0.12672058894530985
0.2824094433621257,0.5827377040488272,-0.2041560662815158,-0.14799756167946138,0.0006978150853853074,0.19235225608207812,0.0006978150853853074,-0.19235225608207812,0.19695728453805234,0.04234125072240971,0.9776637709118056,0.9116528979069829,-0.1266316861002273
0.2828560027927949,0.5820933894969385,-0.204141889907636,-0.1485604175896967,0.0007644515945139513,0.19271768055221136,0.0007644515945139513,-0.19271768055221136,0.19730432868881734,0.0422953156025663,0.9777863523031383,0.9121323015005536,-0.1265429946356696
0.28330256222346406,0.581450012240407,-0.20412778375709487,-0.14912328370498412,0.0008309828725052634,0.19308242003415543,0.0008309828725052634,-0.19308242003415543,0.19765078340229353,0.0422493935257575,0.977908061263389,0.9126083525678406,-0.12645451363338656
0.2837491216541332,0.5808075674898221,-0.20411374727520815,-0.14968616057498374,0.000897409373906817,0.19344647875768103,0.000897409373906817,-0.19344647875768103,0.19799665206394512,0.042203484273043254,0.9780289066665749,0.9130810845508319,-0.126366242184283
0.28419568108480237,0.5801660505055953,-0.2040997799136854,-0.15024904873601544,0.0009637315487567889,0.19380986090497007,0.0009637315487567889,-0.19380986090497007,0.19834193802319727,0.0421575876301523,0.9781488972628263,0.9135505304329661,-0.12627817938828262
0.2846422405154715,0.5795254565972275,-0.20408588113053347,-0.15081194871127956,0.0010299498426497682,0.19417257061135054,0.0010299498426497682,-0.19417257061135054,0.19868664459396534,0.0421117033874053,0.9782680416805819,0.9140167227471214,-0.12619032435419622
0.28508879994614067,0.5788857811225727,-0.20407205038995851,-0.15137486101109743,0.00109606469680237,0.19453461196603125,0.00109606469680237,-0.19453461196603125,0.1990307750551887,0.04206583133963688,0.9783863484287441,0.9144796935834636,-0.1261026761995906
0.28553535937680985,0.5782470194871288,-0.20405828716227245,-0.15193778613312822,0.001162076548116793,0.1948959890128118,0.001162076548116793,-0.1948959890128118,0.19937433265134336,0.04201997128612133,0.9785038258987813,0.9149394745971049,-0.12601523405066134
0.285981918807479,0.5776091671433318,-0.20404459092379923,-0.15250072456259606,0.0012279858292438377,0.195256705750786,0.0012279858292438377,-0.195256705750786,0.1997173205929531,0.04197412303049812,0.9786204823667926,0.9153960970156274,-0.1259279970421068
0.28642847823814815,0.5769722195898722,-0.2040309611567847,-0.15306367677250055,0.001293792968644205,0.19561676613502516,0.001293792968644205,-0.19561676613502516,0.20005974205708435,0.04192828638069993,0.9787363259955217,0.9158495916464244,-0.12584096431700564
0.2868750376688173,0.5763361723710162,-0.20401739734930646,-0.15362664322383196,0.0013594983906491075,0.19597617407725354,0.0013594983906491075,-0.19597617407725354,0.20040160018783681,0.04188246114888193,0.9788513648363328,0.9162999888839032,-0.12575413502669536
0.28732159709948646,0.5757010210759451,-0.20400389899518687,-0.15418962436577827,0.0014251025155194164,0.1963349334465076,0.0014251025155194164,-0.1963349334465076,0.2007428980968225,0.041836647151351575,0.9789656068311439,0.9167473187165396,-0.12566750833065438
0.28776815653015564,0.5750667613381045,-0.2039904655939066,-0.1547526206359278,0.0014906057595038442,0.19669304806978297,0.0014906057595038442,-0.19669304806978297,0.2010836388636359,0.04179084420850091,0.9790790598143173,0.917191610733775,-0.12558108339638505
0.2882147159608248,0.5744333888345687,-0.20397709665052122,-0.15531563246046612,0.001556008534896007,0.19705052173266768,0.001556008534896007,-0.19705052173266768,0.20142382553631427,0.0417450521447397,0.9791917315145132,0.9176328941327812,-0.1254948593993003
0.28866127539149394,0.5738008992854071,-0.20396379167557663,-0.15587866025438135,0.0016213112500907817,0.19740735817997093,0.0016213112500907817,-0.19740735817997093,0.20176346113179672,0.041699270788428736,0.9793036295565046,0.9180711977250873,-0.12540883552261028
0.2891078348221631,0.573169288453079,-0.20395055018503025,-0.15644170442164199,0.0016865143096388875,0.19776356111632526,0.0016865143096388875,-0.19776356111632526,0.20210254863636093,0.04165349997181672,0.9794147614629519,0.918506549943062,-0.12532301095721365
0.28955439425283225,0.5725385521418226,-0.20393737170016937,-0.15700476535539631,0.0017516181143012906,0.1981191342067926,0.0017516181143012906,-0.1981191342067926,0.20244109100606686,0.041607739530976226,0.9795251346561434,0.9189389788462718,-0.12523738490158842
0.29000095368350143,0.5719086861970635,-0.20392425574753353,-0.15756784343815364,0.0018166230611022412,0.19847408107745057,0.0018166230611022412,-0.19847408107745057,0.20277909116718368,0.0415619893057416,0.9796347564596996,0.9193685121277098,-0.1251519565616861
0.2904475131141706,0.5712796865048366,-0.20391120185883832,-0.15813093904196113,0.001881529543381083,0.19882840531596654,0.001881529543381083,-0.19882840531596654,0.20311655201660858,0.04151624913964869,0.9797436341002398,0.9197951771198891,-0.12506672515082795
0.2908940725448398,0.5706515489912078,-0.2038982095708987,-0.1586940525285907,0.001946337950843969,0.19918211047216985,0.001946337950843969,-0.19918211047216985,0.20345347642228595,0.04147051887987407,0.9798517747090202,0.9202190008008329,-0.12498168988960176
0.2913406319755089,0.5700242696217206,-0.20388527842555654,-0.1592571842497014,0.0020110486696134494,0.19953520005859957,0.0020110486696134494,-0.19953520005859957,0.20378986722360645,0.041424798377177455,0.9799591853235315,0.9206400097999192,-0.12489685000576235
0.2917871914061781,0.5693978444008395,-0.20387240796960704,-0.15982033454701866,0.00207566208227836,0.19988767755105535,0.00207566208227836,-0.19988767755105535,0.2041257272318111,0.04137908748584342,0.9800658728890698,0.9210582304036286,-0.1248122047341321
0.2922337508368472,0.5687722693714103,-0.20385959775472745,-0.1603835037524992,0.0021401785679420887,0.20023954638913066,0.0021401785679420887,-0.20023954638913066,0.20446105923038127,0.041333386063625056,0.980171844260273,0.9214736885611698,-0.12472775331650422
0.2926803102675164,0.5681475406141269,-0.203846847337407,-0.16094669218849816,0.0022045985022703662,0.20059080997673984,0.0022045985022703662,-0.20059080997673984,0.2047958659754252,0.041287693971688195,0.9802771062026273,0.9218864098899942,-0.12464349500154723
0.2931268696981856,0.5675236542470136,-0.20383415627887883,-0.16150990016792255,0.0022689222575376818,0.2009414716826286,0.0022689222575376818,-0.2009414716826286,0.20513015019605138,0.04124201107455793,0.9803816653939413,0.9222964196811958,-0.12455942904471216
0.2935734291288547,0.5669006064249059,-0.20382152414505136,-0.16207312799440002,0.002333150202673752,0.2012915348408869,0.002333150202673752,-0.2012915348408869,0.20546391459474594,0.04119633724006357,0.9804855284257943,0.9227037429048182,-0.12447555470813956
0.2940199885595239,0.5662783933389526,-0.20380895050644318,-0.16263637596242417,0.0023972827033082733,0.20164100275143956,0.0023972827033082733,-0.20164100275143956,0.20579716184773164,0.041150672339287646,0.9805887018049517,0.923108404215041,-0.12439187126057011
0.294466547990193,0.5656570112161129,-0.20379643493811633,-0.16319964435751863,0.002461320121815696,0.20198987868054094,0.002461320121815696,-0.20198987868054094,0.20612989460533315,0.04110501624651297,0.9806911919547562,0.9235104279552808,-0.12430837797725483
0.2949131074208622,0.5650364563186783,-0.20378397701961393,-0.16376293345637363,0.002525262817358407,0.20233816586124678,0.002525262817358407,-0.20233816586124678,0.20646211549232144,0.041059368839173195,0.9807930052164869,0.9239098381631756,-0.124225074139869
0.29535966685153137,0.5644167249437886,-0.20377157633489634,-0.16432624352700315,0.002589111145929874,0.20268586749389012,0.002589111145929874,-0.20268586749389012,0.20679382710826594,0.041013729997802,0.9808941478506967,0.9243066585754889,-0.12414195903642561
0.29580622628220055,0.5637978134229633,-0.2037592324722795,-0.1648895748288844,0.0026528654603968013,0.20303298674654102,0.0026528654603968013,-0.20303298674654102,0.20712503202787202,0.040968099605985,0.9809946260385184,0.9247009126329051,-0.12405903196119131
0.29625278571286967,0.5631797181216418,-0.20374694502437474,-0.16545292761309954,0.0027165261105403134,0.20337952675546003,0.0027165261105403134,-0.20337952675546003,0.20745573280131507,0.04092247755031148,0.9810944458829487,0.9250926234847403,-0.12397629221460385
0.29669934514353885,0.5625624354387263,-0.20373471358802855,-0.1660163021224766,0.0027800934430968344,0.20372549062554532,0.0027800934430968344,-0.20372549062554532,0.20778593195457035,0.04087686372032704,0.9811936134101065,0.925481813993563,-0.12389373910319039
0.297145904574208,0.5619459618061404,-0.2037225377642647,-0.1665796985917208,0.0028435678017978486,0.20407088143076704,0.0028435678017978486,-0.20407088143076704,0.20811563198973282,0.04083125800848789,0.9812921345704638,0.9258685067397145,-0.12381137193948791
0.29759246400487716,0.5613302936883842,-0.20371041715822577,-0.16714311724755687,0.002906949527409688,0.20441570221460292,0.002906949527409688,-0.20441570221460292,0.20844483538533948,0.04078566031011455,0.9813900152400586,0.926252724025765,-0.1237291900419638
0.29803902343554634,0.560715427582107,-0.2036983513791172,-0.1677065583088563,0.0029702389577717786,0.20475995599045746,0.0029702389577717786,-0.20475995599045746,0.20877354459667868,0.04074007052334727,0.9814872612216782,0.9266344878808614,-0.12364719273493918
0.29848558286621546,0.560101360015688,-0.20368634004015232,-0.1682700219867583,0.003033436427834539,0.2051036457420725,0.003033436427834539,-0.2051036457420725,0.2091017620560924,0.04069448854910338,0.981583878246022,0.9270138200650027,-0.12356537934851322
0.29893214229688464,0.5594880875488076,-0.20367438275849595,-0.16883350848481557,0.003096542269697456,0.20544677442394635,0.003096542269697456,-0.20544677442394635,0.2094294901732885,0.04064891429103179,0.981679871972845,0.9273907420732428,-0.12348374921848697
0.2993787017275538,0.558875606772051,-0.2036624791552124,-0.16939701799909862,0.0031595568126449695,0.2057893449617221,0.0031595568126449695,-0.2057893449617221,0.2097567313356257,0.04060334765547298,0.9817752479920738,0.9277652751397962,-0.12340230168629149
0.29982526115822294,0.5582639143064982,-0.20365062885521226,-0.1699605507183288,0.003222480383183103,0.20613136025258796,0.003222480383183103,-0.20613136025258796,0.21008348790841122,0.0405577885514159,0.9818700118249052,0.928137440242079,-0.12332103609891479
0.3002718205888921,0.5576530068033282,-0.20363883148719986,-0.1705241068239992,0.0032853133050750084,0.20647282316566462,0.0032853133050750084,-0.20647282316566462,0.21040976223518792,0.04051223689045711,0.981964168924884,0.9285072581046763,-0.12323995180883057
0.3007183800195613,0.557042880943431,-0.20362708668362275,-0.17108768649048867,0.0033480558993757466,0.2068137365423829,0.0033480558993757466,-0.2068137365423829,0.21073555663801394,0.04046669258676095,0.9820577246789579,0.9288747492032239,-0.12315904817392864
0.30116493945023043,0.5564335334370236,-0.20361539408062154,-0.1716512898851808,0.0034107084844668747,0.20715410319685973,0.0034107084844668747,-0.20715410319685973,0.21106087341774166,0.04042115555701947,0.982150684408515,0.9292399337682291,-0.12307832455744598
0.3016114988808996,0.5558249610232786,-0.20360375331798133,-0.17221491716856815,0.0034732713760896733,0.20749392591625915,0.0034732713760896733,-0.20749392591625915,0.21138571485428492,0.040375625720414726,0.9822430533703979,0.9296028317888045,-0.12299778032789993
0.30205805831156873,0.555217160469942,-0.20359216403908126,-0.17277856849438328,0.0035357448873794446,0.2078332074611654,0.0035357448873794446,-0.2078332074611654,0.21171008320689821,0.040330102998578435,0.9823348367579066,0.9299634630163658,-0.12291741485901993
0.3025046177422379,0.5546101285729805,-0.2035806258908489,-0.17334224400968945,0.003598129328897321,0.20817195056592605,0.003598129328897321,-0.20817195056592605,0.21203398071442947,0.0402845873155564,0.9824260397017728,0.9303218469682184,-0.12283722752968375
0.3029511771729071,0.5540038621562186,-0.20356913852371264,-0.17390594385499672,0.0036604250086627148,0.20851015793900587,0.0036604250086627148,-0.20851015793900587,0.21235740959558425,0.0402390785977705,0.9825166672711225,0.9306780029311075,-0.12275721772385256
0.3033977366035763,0.5533983580709839,-0.2035577015915551,-0.1744696681643695,0.0037226322321851565,0.20884783226333078,0.0037226322321851565,-0.20884783226333078,0.21268037204918186,0.0401935767739827,0.9826067244744202,0.9310319499646984,-0.12267738483050719
0.3038442960342454,0.5527936131957621,-0.20354631475166826,-0.17503341706552927,0.003784751302495403,0.20918497619662438,0.003784751302495403,-0.20918497619662438,0.21300287025440573,0.04014808177525894,0.9826962162603929,0.931383706904986,-0.12259772824358628
0.3042908554649145,0.5521896244358566,-0.20353497766470904,-0.17559719067995422,0.0038467825201759544,0.2095215923717376,0.0038467825201759544,-0.2095215923717376,0.21332490637104878,0.040102593534934575,0.9827851475189394,0.9317332923676471,-0.12251824736192474
0.3047374148955837,0.5515863887230512,-0.2035236899946552,-0.17616098912298261,0.003908726183391279,0.2098576833969766,0.003908726183391279,-0.2098576833969766,0.21364648253975832,0.040057111988579516,0.982873523082021,0.9320807247513283,-0.12243894158919366
0.3051839743262529,0.5509839030152793,-0.20351245140876198,-0.17672481250391314,0.003970582587917628,0.21019325185642443,0.003970582587917628,-0.21019325185642443,0.21396760088227584,0.04001163707396388,0.9829613477245395,0.932426022240886,-0.12235981033384055
0.30563053375692206,0.5503821642963022,-0.20350126157752046,-0.17728866092609463,0.004032352027171931,0.21052830031025196,0.004032352027171931,-0.21052830031025196,0.2142882635016684,0.03996616873102567,0.9830486261651928,0.9327692028105461,-0.12228085300903149
0.30607709318759124,0.5497811695753809,-0.20349012017461435,-0.1778525344870362,0.004094034792241189,0.21086283129503652,0.004094034792241189,-0.21086283129503652,0.2146084724825685,0.03992070690183617,0.9831353630673235,0.933110284227036,-0.12220206903259254
0.30652365261826037,0.5491809158869732,-0.20347902687688088,-0.17841643327848083,0.004155631171909899,0.21119684732405497,0.004155631171909899,-0.21119684732405497,0.21492822989139057,0.03987525153057004,0.9832215630397417,0.9334492840526256,-0.1221234578269547
0.3069702120489295,0.548581400290413,-0.20346798136426872,-0.17898035738651613,0.004217141452688599,0.21153035088759495,0.004217141452688599,-0.21153035088759495,0.21524753777656577,0.03982980256347087,0.9833072306375439,0.9337862196481519,-0.12204501881909685
0.30741677147959867,0.547982619869609,-0.20345698331979872,-0.1795443068916579,0.004278565918841189,0.21186334445324534,0.004278565918841189,-0.21186334445324534,0.21556639816875886,0.039784359948821686,0.9833923703629085,0.9341211081759595,-0.12196675144049127
0.30786333091026785,0.5473845717327498,-0.20344603242952583,-0.18010828186893027,0.004339904852411355,0.21219583046618185,0.004339904852411355,-0.21219583046618185,0.21588481308108048,0.039738923636914086,0.9834769866658807,0.9344539666028018,-0.12188865512705048
0.30830989034093703,0.5467872530119954,-0.20343512838249814,-0.180672282387976,0.004401158533250217,0.21252781134946555,0.004401158533250217,-0.21252781134946555,0.21620278450931388,0.039693493580016496,0.9835610839451449,0.9347848117026967,-0.1218107293190723
0.30875644977160616,0.5461906608632029,-0.20342427087072232,-0.18123630851311334,0.004462327239041199,0.21285928950430688,0.004462327239041199,-0.21285928950430688,0.21652031443210906,0.039648069732346844,0.9836446665487771,0.9351136600597099,-0.12173297346118993
0.30920300920227534,0.5455947924656248,-0.20341345958912316,-0.1818003603034483,0.00452341124532692,0.2131902673103584,0.00452341124532692,-0.2131902673103584,0.21683740481120561,0.039602652050040564,0.9837277387749935,0.9354405280707239,-0.12165538700231807
0.30964956863294446,0.5449996450216371,-0.20340269423550908,-0.18236443781293807,0.0045844108255338085,0.2135207471259749,0.0045844108255338085,-0.2135207471259749,0.21715405759162582,0.03955724049112406,0.9838103048728757,0.9357654319481212,-0.12157796939560384
0.31009612806361364,0.5444052157564557,-0.2033919745105346,-0.18292854109048617,0.004645326250997565,0.21385073128848905,0.004645326250997565,-0.21385073128848905,0.2174702747018829,0.03951183501548445,0.9838923690430906,0.9360883877224504,-0.12150072009837588
0.3105426874942828,0.5438115019178684,-0.20338130011766611,-0.18349267018001125,0.004706157790987278,0.2141802221144679,0.004706157790987278,-0.2141802221144679,0.21778605805417256,0.0394664355848435,0.9839739354385931,0.9364094112450252,-0.12142363857209601
0.310989246924952,0.5432185007759601,-0.20337067076314555,-0.18405682512053767,0.0047669057127301025,0.214509221899979,0.0047669057127301025,-0.214509221899979,0.2181014095445741,0.03942104216272854,0.9840550081653192,0.936728518190493,-0.12134672428230994
0.3114358063556211,0.5426262096228517,-0.2033600861559568,-0.1846210059462657,0.004827570281434775,0.21483773292084057,0.004827570281434775,-0.21483773292084057,0.21841633105323816,0.0393756547144463,0.9841355912828654,0.9370457240593504,-0.12126997669860015
0.31188236578629025,0.5420346257724373,-0.20334954600779162,-0.18518521268665025,0.004888151760315311,0.2151657574328744,0.004888151760315311,-0.2151657574328744,0.21873082444457675,0.03933027320705633,0.984215688805156,0.9373610441804152,-0.12119339529453865
0.31232892521695943,0.5414437465601286,-0.2033390500330162,-0.18574944536647667,0.004948650410613927,0.21549329767215306,0.004948650410613927,-0.21549329767215306,0.21904489156744977,0.0392848976093442,0.9842953047011008,0.9376744937132659,-0.12111697954764097
0.3127754846476286,0.5408535693425996,-0.20332859794863822,-0.18631370400593503,0.005009066491624074,0.21582035585524306,0.005009066491624074,-0.21582035585524306,0.21935853425534835,0.03923952789179646,0.9843744428952385,0.9379860876506221,-0.12104072893932027
