tag,beta,A,r,psi,J11,J12,J21,J22,trace,determinant,discriminant,lambda1_real,lambda1_imag,lambda2_real,lambda2_imag,s,g,gcrit,abs_g_over_gcrit,lambda_transverse
SN,0.1,0.17834090261620295,0.8206424445437417,-0.21776425502468358,0.00960353747878489,0.06661277717872087,-0.00809125221836171,-0.05612315069412948,-0.04651961321534459,-5.13112043039635e-18,0.0021640744137052833,-0.0465196132153447,0.0,1.0408340855860843e-16,0.0,0.02926076248017958,0.03735201469854129,0.04400217728097514,0.8488674199013073,-0.16415741149822755
locked,0.1,0.17834090374932557,0.8206249525075288,-0.21776173348211103,0.009604381807106547,0.06661865339022874,-0.008114771813293342,-0.056120941978581286,-0.046516560171474736,1.5882166338189218e-06,0.002157437503651154,-0.046482392036741836,0.0,-3.4168134732899536e-05,0.0,0.029251940788467698,0.03736671260176104,0.043995801919903633,0.8493245030466509,-0.1641543585674812
locked,0.1,0.1783409039022297,0.820623809598955,-0.21776156874685723,0.009604436974518463,0.06661903732402479,-0.008116308502334912,-0.05612079765709348,-0.04651636068257502,1.6919949930915306e-06,0.0021570038311790446,-0.04647995800353294,0.0,-3.640267904207739e-05,0.0,0.029251364410844936,0.03736767291317985,0.04399538540280283,0.8493543713973069,-0.1641541590938464
locked,0.1,0.1783409040757668,0.8206225919990044,-0.2177613932484267,0.00960449574723405,0.06661944634721226,-0.008117945609956045,-0.05612064390300533,-0.04651614815577128,1.8025563136029072e-06,0.002156541813995252,-0.0464773646247308,0.0,-3.878353104046911e-05,0.0,0.029250750368628106,0.03736869597858415,0.043994941671045146,0.8493861921216731,-0.1641539465843675
locked,0.1,0.17834090427272112,0.8206212948485009,-0.21776120628695522,0.009604558359802888,0.06661988209182769,-0.008119689668091401,-0.05612048010254076,-0.04651592174273787,1.9203419854711394e-06,0.0021560496076346294,-0.0464746014963314,0.0,-4.1320246406469086e-05,0.0,0.029250096211868144,0.037369785879959545,0.04399446895488888,0.8494200922910977,-0.1641537201909967
locked,0.1,0.1783409044962525,0.8206199129473378,-0.2177610071135188,0.009604625063231054,0.06662034630438997,-0.008121547666849804,-0.05612030559884449,-0.04651568053561343,2.0458243822965175e-06,0.0021555252381620605,-0.04647165747955617,0.0,-4.402305605725326e-05,0.0,0.029249399318770082,0.037370946985619886,0.04399396536051879,0.8494562078997645,-0.16415347900618815
locked,0.1,0.17834090474994738,0.8206184407312842,-0.2177607949268021,0.009604696126100723,0.06662084085368533,-0.008123527085670101,-0.056120119689049404,-0.04651542356294868,2.179508971308289e-06,0.002154966593355288,-0.04646852065016356,0.0,-4.690291278511283e-05,0.0,0.029248656884007615,0.037372183969677716,0.04399342886161817,0.8494946844728186,-0.1641532220588506
locked,0.1,0.17834090503787592,0.8206168723231062,-0.21776056888048267,0.009604771832102673,0.06662136771358608,-0.008125635824535293,-0.05611992163072614,-0.046515149798623465,2.321929674446062e-06,0.0021543714420905963,-0.04646517840597845,0.0,-4.9971392645009605e-05,0.0,0.029247865944525393,0.03737350176906069,0.04399285731803098,0.8495356757321313,-0.16415294832327032
locked,0.1,0.17834090536465771,0.8206152014265924,-0.21776032806796863,0.009604852485151475,0.06662192899864254,-0.008127882346434134,-0.056119710628497126,-0.04651485814334565,2.473658497352748e-06,0.0021537373941061576,-0.046461617239470024,0.0,-5.324090387562319e-05,0.0,0.029247023326104203,0.03737490567253834,0.04399224843716991,0.849579346368656,-0.16415265670061624
locked,0.1,0.17834090573553563,0.8206134213456653,-0.21776007152517207,0.009604938408463078,0.06662252695765303,-0.008130275651607954,-0.05611948583644319,-0.04651454742798011,2.63530379874805e-06,0.002153061907234819,-0.04645782277664598,0.0,-5.6724651334133513e-05,0.0,0.029246125653022537,0.03737640130463049,0.04399159978102056,0.8496258715455016,-0.16415234602227669
locked,0.1,0.17834090615645998,0.8206115249419256,-0.21775979822440888,0.009605029946604185,0.06662316398791489,-0.008132825334583815,-0.05611924635273575,-0.04651421640613156,2.807514152161793e-06,0.0021523422712677914,-0.0464537796844863,0.0,-6.043672164525449e-05,0.0,0.029245169326665536,0.03737799466124935,0.04399090875071045,0.8496754380107163,-0.16415201504245047
locked,0.1,0.17834090663418406,0.8206095046137881,-0.21775950707141412,0.00960512746649929,0.06662384264222074,-0.008135541612164898,-0.05611899121699447,-0.04651386375049518,2.990980247527004e-06,0.0021515756000095214,-0.046449471624106065,0.0,-6.439212638911784e-05,0.0,0.02924415051502792,0.03737969212719282,0.04399017257895337,0.8497282446460948,-0.1641516624345069
locked,0.1,0.1783409071763725,0.8206073522730845,-0.21775919690199524,0.00960523135856013,0.06662456563670399,-0.008138435354816287,-0.056118719407323936,-0.046513488048763804,3.186437023565232e-06,0.0021507588223682325,-0.046444881198205466,0.0,-6.860685055833787e-05,0.0,0.029243065140943852,0.03738150049576014,0.043989388321577894,0.8497845030826123,-0.16415128678690405
locked,0.1,0.1783409077917241,0.8206050592702799,-0.21775886647128082,0.009605342040295338,0.06662533587594445,-0.008141518187143704,-0.056118429830860544,-0.046513087790565205,3.3946704688308105e-06,0.0021498886539375026,-0.04643998978851374,0.0,-7.309800205146377e-05,0.0,0.029241908844400373,0.03738342703154408,0.0439885528303348,0.8498444396598611,-0.1641508865901381
locked,0.1,0.17834090849011155,0.8206026164322905,-0.2177585144592068,0.00960545995448524,0.0666261564402457,-0.008144802436942267,-0.05611812132853582,-0.04651266137405058,3.61651419641513e-06,0.002148961611311436,-0.04643477763301067,0.0,-7.78837410399108e-05,0.0,0.02924067700165172,0.03738547943859399,0.04398766276675078,0.8499082944423403,-0.1641504602433459
locked,0.1,0.1783409092827398,0.8206000139462571,-0.21775813945379893,0.00960558557479183,0.06662703062465786,-0.008148301291378668,-0.056117792660387904,-0.04651220708559607,3.852860011844779e-06,0.002147973967925994,-0.04642922357402168,0.0,-8.298351157438877e-05,0.0,0.029239364666639595,0.03738766595801826,0.04398671455985155,0.8499763242636788,-0.16415000603402216
locked,0.1,0.1783409101823257,0.8205972413965996,-0.21775773995655878,0.009605719403970422,0.066627961926506,-0.008152028747039353,-0.05611744251022467,-0.046511723106254246,4.1046545598606175e-06,0.0021469217680734226,-0.046423305132822223,0.0,-8.84179734320159e-05,0.0,0.029237966589733322,0.037389995336772675,0.043985704419757084,0.8500488017642884,-0.16414952214448908
locked,0.1,0.17834091120330217,0.8205942876538777,-0.21775731436649093,0.009605861979234145,0.06662895408269776,-0.008155999759242305,-0.05611706947157391,-0.046511207492339765,4.37290943401645e-06,0.0021458007846594167,-0.04641699826733061,0.0,-9.420922500914808e-05,0.0,0.029236477161727725,0.03739247692097003,0.04398462829728279,0.8501260183044448,-0.16414900663250215
locked,0.1,0.17834091236204974,0.8205911408789024,-0.2177568609807523,0.009606013872055646,0.06663001106831103,-0.008160230236346377,-0.05611667204818263,-0.046510658176126984,4.65870081928568e-06,0.0021446065206993854,-0.046410277375089445,0.0,-0.00010038080103753899,0.0,0.029234890415982324,0.0373951206523287,0.04398348188555638,0.8502082838650568,-0.16414845743197115
locked,0.1,0.1783409136771593,0.8205877884518206,-0.21775637798449232,0.009606175691590082,0.06663113712038166,-0.008164737134935707,-0.056116248645040834,-0.04651007295345075,4.963175952556975e-06,0.0021433341823250828,-0.0464031151352506,0.0,-0.0001069578182001582,0.0,0.029233199992722975,0.03739793712765868,0.04398226059430759,0.8502959289113692,-0.16414787234058675
locked,0.1,0.17834091516973039,0.8205842169304107,-0.217755863444914,0.009606348086688338,0.06663233675187268,-0.00816953851569191,-0.05611579756309046,-0.04650944947640212,5.287556931793296e-06,0.0021419786628708282,-0.04639548241200481,0.0,-0.00011396706439731341,0.0,0.029231399118090383,0.03740093763378229,0.04398095953482347,0.850389305494092,-0.16414724901254663
locked,0.1,0.17834091686370981,0.820580411985967,-0.2177553153021125,0.009606531748991783,0.06663361477316743,-0.008174653629384188,-0.05611531699110126,-0.04650878524210948,5.633146564708622e-06,0.0021405345184378264,-0.046387348109047544,0.0,-0.00012143713306193155,0.0,0.02922948057189162,0.03740413420127581,0.04397957349675537,0.8504887889382404,-0.16414658494736972
locked,0.1,0.17834091878627567,0.8205763583680227,-0.2177547313640838,0.009606727414635282,0.06663497630386825,-0.008180102964039704,-0.05611480500118404,-0.04650807758654876,6.001331600200255e-06,0.0021389959543956383,-0.04637867908450723,0.0,-0.00012939850204153613,0.0,0.029227436669914272,0.037407539633953976,0.04397809693546035,0.8505947787793334,-0.16414587748374532
locked,0.1,0.17834092096827356,0.8205720398118835,-0.21775410929350014,0.009606935868710439,0.0666364268037999,-0.008185908368991246,-0.056114259537078756,-0.046507323668368315,6.39359116000945e-06,0.002137356790154334,-0.04636943994219046,0.0,-0.00013788372617785927,0.0,0.029225259217404327,0.03741116758639557,0.04397652393852836,0.8507077011973472,-0.16414512378340118
locked,0.1,0.17834092344471136,0.8205674389962091,-0.21775344660171583,0.009607157947313337,0.06663797208719255,-0.008192093111578425,-0.05611367840875642,-0.04650652046144308,6.8115006273764026e-06,0.0021356104429211186,-0.046359592928280444,0.0,-0.00014692753316263019,0.0,0.029222939487807062,0.03741503259938549,0.04397484821057781,0.8508280101438893,-0.1641443208237072
locked,0.1,0.17834092625532094,0.8205625374646414,-0.21775274063760572,0.009607394541327509,0.06663961834893292,-0.008198681982153455,-0.05611305928247619,-0.04650566474114868,7.256738807330464e-06,0.0021337498977867975,-0.046349097749347146,0.0,-0.00015656699180152667,0.0,0.029220468183389733,0.03741915016554319,0.04397306304498438,0.8509561894122194,-0.16414346538400554
locked,0.1,0.1783409294451956,0.8205573155554303,-0.21775198857757525,0.009607646599821043,0.06664137218811925,-0.008205701388280584,-0.05611239967184572,-0.046504753072024674,7.73109436596528e-06,0.002131767680826127,-0.04633791140541772,0.0,-0.0001668416666069511,0.0,0.02921783539991933,0.037423536788199915,0.04397116129856345,0.8510927545009495,-0.16414255403333763
locked,0.1,0.17834093306551363,0.8205517523168354,-0.21775118741354074,0.009607915134130202,0.06664324063638206,-0.008213179468006482,-0.056111696927078174,-0.04650378179294797,8.236473568746841e-06,0.002129655826771132,-0.04632598799024524,0.0,-0.0001777938027027262,0.0,0.02921503058418779,0.03742821005219427,0.04396913536111393,0.8512382548530982,-0.16414158311568966
locked,0.1,0.1783409371743592,0.8205458254315979,-0.21775033394224166,0.00960820122150533,0.0666452311831453,-0.008221146190864892,-0.05611094822538634,-0.04650274700388101,8.774907201645753e-06,0.0021274058501003813,-0.04631327850835954,0.0,-0.00018946849552148315,0.0,0.029212042496140206,0.0374331886870051,0.04396697712831781,0.8513932758614761,-0.1641405487368228
locked,0.1,0.17834094183765448,0.8205395111141437,-0.21774942475064804,0.009608506010072874,0.06664735181003208,-0.008229633495478894,-0.056110150557924135,-0.04650164454785126,9.348559978898018e-06,0.0021250087057391124,-0.04629973063060878,0.0,-0.0002019139172424883,0.0,0.02920885915727659,0.037438492652755485,0.04396467796476172,0.8515584415917464,-0.16413944674634573
locked,0.1,0.1783409471302172,0.8205327840274469,-0.21774845620423347,0.009608830722848722,0.06664961101864939,-0.008238675400637385,-0.05610930071920013,-0.04650046999635141,9.959738173188957e-06,0.002122454757188822,-0.04628528848839372,0.0,-0.00021518150795768465,0.0,0.029205467809006,0.037444143209643385,0.043962228674186754,0.8517344169957747,-0.1641382727232205
locked,0.1,0.17834095313696108,0.8205256171718245,-0.217747424431236,0.009609176663106057,0.06665201786778178,-0.00824830815402322,-0.056108395292934654,-0.0464992186298286,1.0610899807728514e-05,0.002119733733953685,-0.04626989240371278,0.0,-0.00022932622611582937,0.0,0.029201854856879282,0.0374501630109025,0.043959619459585764,0.8519219108648626,-0.16413702195637145
locked,0.1,0.17834095995425803,0.8205179817806934,-0.21774632530796273,0.009609545219407522,0.06665458200822469,-0.008258570371468932,-0.0561074306387826,-0.04649788541937508,1.130466422761805e-05,0.0021168346915628614,-0.04625347862960376,0.0,-0.00024440678977132035,0.0,0.02919800581837788,0.03745657618984681,0.043956839885921216,0.8521216786069202,-0.16413568942651197
locked,0.1,0.1783409676914845,0.8205098472036902,-0.2177451544423172,0.009609937871247216,0.06665731372183711,-0.008269503193080396,-0.05610640287744472,-0.0464964650061975,1.2043822833483949e-05,0.002113745966738613,-0.04623597905826708,0.0,-0.00026048594793041946,0.0,0.02919390526437836,0.037463408457458755,0.04395387883833514,0.852334525361261,-0.16413426978576812
locked,0.1,0.1783409764727763,0.8205011807835455,-0.2177439071564773,0.009610356194994276,0.06666022396266459,-0.008281150447621566,-0.05610530787497293,-0.04649495167997865,1.2831350398666503e-05,0.0021104551301288836,-0.04621732090982428,0.0,-0.00027763077015437176,0.0,0.029189536757521513,0.03747068720514308,0.04395072447819142,0.8525613092848158,-0.16413275733621568
locked,0.1,0.17834098643902008,0.8204919477225696,-0.2177425784681333,0.009610801870337882,0.06666332440151843,-0.008293558830709036,-0.05610414122574402,-0.04649333935540614,1.3670417348552972e-05,0.002106948935022745,-0.04619742639193117,0.0,-0.0002959129634749619,0.0,0.029184882785404695,0.03747844161611373,0.04394736419545696,0.8528029451192445,-0.16413114600660733
locked,0.1,0.17834099775011392,0.8204821109446099,-0.2177411630711391,0.00961127668695103,0.0666666274720403,-0.008306778088913447,-0.05610289823483848,-0.046491621547887454,1.456440247161049e-05,0.002103213264265551,-0.04617621234187069,0.0,-0.00031540920601675487,0.0,0.029179924691563427,0.037486702780476874,0.04394378455957339,0.853060407886744,-0.1641294293283138
locked,0.1,0.17834101058753254,0.8204716309392389,-0.21773965531367556,0.009611782552011923,0.06667014642269338,-0.008320861227556375,-0.0561015738981504,-0.04648979134613848,1.5516907269446184e-05,0.0020992330703297076,-0.04615358982141447,0.0,-0.00033620152472400855,0.0,0.029174642597568502,0.03749550382512488,0.043939971264014055,0.8533347370628104,-0.16412760040816818
locked,0.1,0.17834102515723899,0.8204604656119983,-0.2177380491773718,0.009612321497433273,0.06667389536667227,-0.008335864710122598,-0.05610016288323235,-0.046487841385799075,1.6531769781447472e-05,0.0020949923175854236,-0.046129463714561836,0.0,-0.00035837767123723246,0.0,0.029169015328274837,0.037504880038397435,0.04393590907322777,0.8536270406033531,-0.16412565190237233
locked,0.1,0.1783410416929891,0.8204485701018699,-0.2177363382517977,0.009612895688673491,0.06667788934276742,-0.008351848701491749,-0.05609865950596941,-0.04648576381729592,1.7613081420307043e-05,0.00209047391199619,-0.046103732242768244,0.0,-0.00038203157452766645,0.0,0.029163020320637834,0.03751486902212958,0.04393158175784916,0.8539384998453164,-0.16412357598468963
locked,0.1,0.17834106046008177,0.8204358966123603,-0.21773451571102737,0.00961350743289095,0.06668214437159604,-0.008368877292551091,-0.05609705770893421,-0.046483550276043256,1.8765202601912075e-05,0.0020856596358577928,-0.046076286496149005,0.0,-0.00040726377989425133,0.0,0.029156633539522477,0.03752551083207357,0.0439269720351007,0.8542703740673971,-0.16412136431701993
locked,0.1,0.17834108175961555,0.8204223942073907,-0.21773257428525297,0.009614159188797072,0.06668667752358502,-0.008387018771808363,-0.05609535103525536,-0.04648119184645829,1.999278161544069e-05,0.002080530069005498,-0.04604700987306735,0.0,-0.00043418197339093606,0.0,0.02914982937588833,0.03753684814769669,0.04392206149663987,0.8546240059922583,-0.1641190080138402
locked,0.1,0.1783411059333193,0.8204080086100971,-0.2177305062329575,0.009614853576369186,0.06669150698589806,-0.008406345892700395,-0.056093532602805286,-0.0464786790264361,2.1300773271639933e-05,0.0020750645109559114,-0.04601577750819386,0.0,-0.0004629015182422355,0.0,0.02914258054659883,0.037548926439299225,0.043916830537766294,0.8550008272343108,-0.16411649760716143
locked,0.1,0.178341133369035,0.8203926819802235,-0.2177283033101609,0.009615593387596698,0.06669665213646324,-0.008426936169254273,-0.05609159507562942,-0.046476001688032724,2.2694459547958514e-05,0.002069240894714187,-0.04598245563366886,0.0,-0.0004935460543638581,0.0,0.029134857983604483,0.037561794152858756,0.04391125827917347,0.8554023643333815,-0.16411382300775929
locked,0.1,0.17834116450694024,0.8203763526834856,-0.2177259567386889,0.009616381597615154,0.06670213362059668,-0.00844887218204926,-0.056089530634299806,-0.046473149036684654,2.417947101983998e-05,0.0020630356973065436,-0.045946900899234255,0.0,-0.0005262481374503913,0.0,0.02912663071927371,0.03757550290132297,0.04390532248616296,0.8558302450270153,-0.1641109734650147
locked,0.1,0.17834119984661032,0.8203589550343303,-0.21772345717081112,0.00961722137712441,0.06670797343644595,-0.00847224191939877,-0.05608733094283822,-0.04647010956571381,2.5761810777081963e-05,0.0020564238399411183,-0.04590895960724214,0.0,-0.000561149958471667,0.0,0.02911786575852359,0.03759010767792236,0.043898999478610874,0.8562862052525269,-0.16410793752212383
locked,0.1,0.17834123995503356,0.8203404190337732,-0.21772079465340208,0.009618116105044849,0.06671419502195625,-0.008497139124509223,-0.05608498711493781,-0.04646687100989296,2.744787885978664e-05,0.0020493785860108845,-0.04586846690547078,0.0,-0.000598404104422183,0.0,0.02910852794872351,0.037605667073232735,0.04389226403964076,0.856772096314504,-0.16410470297046392
locked,0.1,0.17834128547570796,0.8203206700822988,-0.2177179585887706,0.009619069382377348,0.06672082335006321,-0.008523663675454873,-0.05608248967694448,-0.04646342029456713,2.92444990463848e-05,0.0020418714292840534,-0.04582524588919464,0.0,-0.0006381744053724839,0.0,0.02909857983730417,0.03762224351275904,0.043885089315784165,0.857289892747864,-0.16410125679962256
locked,0.1,0.17834133713896547,0.8202996286756026,-0.21771493769331485,0.0096200850468918,0.06672788502947949,-0.00855192198740673,-0.05607982852856857,-0.046459743481676766,3.1158947296815374e-05,0.002033871975195945,-0.04577910662362291,0.0,-0.0006806368580538555,0.0,0.02908798152103638,0.03763990350844311,0.043877446711538426,0.8578417006781975,-0.16409758514445172
locked,0.1,0.17834139577368935,0.8202772100824623,-0.2177117199539404,0.009621167188678547,0.06673540841129164,-0.00858202743796388,-0.056076992901222616,-0.04645582571254407,3.3198981928427426e-05,0.002025347814920561,-0.045729845078419984,0.0,-0.0007259806341240876,0.0,0.029076690486663878,0.03765871792462776,0.043869305778149945,0.8584297667045485,-0.16409367322902385
locked,0.1,0.1783414623206129,0.8202533239950637,-0.2177082925808922,0.009622320167029729,0.06674342370458972,-0.008614100828477245,-0.05607397131274777,-0.046451651145718045,3.537287642101468e-05,0.00201626438847943,-0.04567724194510284,0.0,-0.0007744092006152087,0.0,0.029064661438056236,0.03767876226653348,0.04386063409320258,0.8590564875662126,-0.16408950530580457
locked,0.1,0.17834153784741233,0.8202278741606193,-0.21770464195832678,0.009623548628223916,0.0667519630981318,-0.00864827086933373,-0.05607075151962721,-0.04644720289140329,3.768945406222087e-05,0.0020065848401862986,-0.045621061347364045,0.0,-0.0008261415440392536,0.0,0.029051846114399038,0.03770011698373277,0.04385139713434123,0.8597244203699218,-0.16408506459158823
locked,0.1,0.17834162356583674,0.8202007579883082,-0.21770075359182245,0.00962485752450262,0.06676106089001516,-0.008684674697074235,-0.056067320465911764,-0.04644246294140914,4.015812499631631e-05,0.0019962698640788963,-0.045561049420269964,0.0,-0.0008814135211391849,0.0,0.02903819309647046,0.037722867793544695,0.04384155814508622,0.8604362935438391,-0.16408033319915727
locked,0.1,0.17834172085114922,0.8201718661273452,-0.21769661205228924,0.009626252134440664,0.06677075362672288,-0.0087234584288024,-0.05606366422830564,-0.046437412093864976,4.2788926080232374e-05,0.001985277537654508,-0.04549693273609307,0.0,-0.0009404793577718895,0.0,0.029023647598960242,0.03774710602776264,0.04383107799136113,0.8611950186395688,-0.16407529206393823
locked,0.1,0.1783418312641915,0.8201410820181845,-0.217692200916645,0.009627738084614026,0.06678108025082886,-0.008764777750979058,-0.05605976795763935,-0.046432029873025325,4.5592563388422306e-05,0.0019735631445758272,-0.04542841656587181,0.0,-0.0010036133071535253,0.0,0.029008151249924903,0.03777292900090396,0.04381991500963105,0.8620037029419606,-0.16406992086600983
locked,0.1,0.1783419565764262,0.8201082814101649,-0.2176875027043764,0.009629321372888008,0.06679208225955849,-0.008808798551378838,-0.056055615815855,-0.04642629444296699,4.8580458005563365e-05,0.0019610789836828142,-0.04535518294362755,0.0,-0.0010711114993394444,0.0,0.028991641854089825,0.03780044040546866,0.04380802484440598,0.8628656630771508,-0.16406419794630003
locked,0.1,0.178342098798358,0.8200733318542067,-0.21768249881132562,0.00963100839291063,0.06680380387125764,-0.008855697582345945,-0.056051190909556785,-0.046420182516646154,5.176479435163159e-05,0.0019477741674722147,-0.04527688853087837,0.0,-0.0011432939857677904,0.0,0.02897405314445585,0.037829750726801795,0.043795360278458886,0.863784439408041,-0.16405810021848058
locked,0.1,0.17834226021179,0.8200360921499958,-0.21767716943784696,0.00963280596080346,0.06681629220660991,-0.00890566318273922,-0.05604647521749342,-0.04641366925668996,5.515857295445732e-05,0.0019335944020515772,-0.045193162209660014,0.0,-0.0012205070470299381,0.0,0.028955314511935344,0.037860977694674565,0.04378187104852349,0.8647638117775552,-0.16405160307297878
locked,0.1,0.17834244340643313,0.8199964117663583,-0.21767149351415557,0.009634721343147646,0.06682959747824903,-0.008958896033036234,-0.05604144951428868,-0.04640672817114103,5.877566600104521e-05,0.0019184817555459937,-0.04510360241501567,0.0,-0.0013031257561253798,0.0,0.028935350722606397,0.03789424675564263,0.04376750365355592,0.8658078161276144,-0.16404468027637698
locked,0.1,0.17834265132145513,0.8199541302144198,-0.217665448620069,0.009636762287249996,0.06684377319553392,-0.009015609970687732,-0.05603609328779652,-0.04639933100054652,6.263087757938487e-05,0.0019023744069807383,-0.04500777412402109,0.0,-0.0013915568765254308,0.0,0.028914081612423093,0.037929691583110825,0.04375220114845758,0.8669207625556911,-0.16403730386264953
locked,0.1,0.17834288729263656,0.8199090763810629,-0.21765901090038484,0.009638937053326602,0.06685887638186869,-0.00907603285516656,-0.05603038465097196,-0.04639144759764536,6.674000797696416e-05,0.0018852063782972186,-0.044905205473296274,0.0,-0.0014862421243490853,0.0,0.028891421763351063,0.037967454618517624,0.04373590292635445,0.868107254638137,-0.16402944401755762
locked,0.1,0.17834315510588997,0.8198610678161828,-0.21765215497514107,0.009641254448918198,0.06687496780664191,-0.009140407490964453,-0.0560243002473749,-0.0463830457984567,7.111992269030419e-05,0.001866907246780515,-0.04479538393597659,0.0,-0.0015876618624801123,0.0,0.02886728015783873,0.03800768764880318,0.04371854448748397,0.8693722102226956,-0.16402106895508106
locked,0.1,0.1783434590580008,0.819809909971121,-0.21764485384458815,0.00964372386566345,0.06689211223254014,-0.009208992611502653,-0.05601781514990379,-0.04637409128424034,7.578862645381765e-05,0.0018474018366237853,-0.04467775198593182,0.0,-0.0016963392983085288,0.0,0.028841559810518745,0.0380505524220214,0.04370005719420679,0.8707208837947623,-0.16401214478544243
locked,0.1,0.178343804025565,0.8197553953832671,-0.21763707878838529,0.009646355318672615,0.0669103786797783,-0.009282063930068918,-0.05601090275204575,-0.046364547433373135,8.076534282497128e-05,0.0018266098874016223,-0.0445517021566427,0.0,-0.0018128452767304445,0.0,0.02881415737485469,0.03809622130492361,0.04368036801085953,0.8721588905902159,-0.1640026353738658
locked,0.1,0.1783441955432288,0.8196973028053747,-0.21762879925907833,0.009649159488571868,0.06692984070757403,-0.009359915259013252,-0.056003534651367044,-0.046354375162795176,8.60705995473468e-05,0.001804445698543775,-0.044416571391573054,0.0,-0.0019378037712221297,0.0,0.02878496272428039,0.03814487798329364,0.04365939922853158,0.8736922325391464,-0.16399250218983388
locked,0.1,0.17834463989248647,0.8196353962744534,-0.2176199827694197,0.009652147766466546,0.06695057671440843,-0.00944285970330938,-0.055995680524490624,-0.04634353275802408,9.172632026357438e-05,0.0017808177474397536,-0.04427163455063667,0.0,-0.0020718982073874084,0.0,0.028753858505549526,0.03819671820885891,0.043637068173594244,0.875327326228864,-0.16398170414596736
locked,0.1,0.17834514420246034,0.8195694241136708,-0.2176105947729271,0.009655332302140636,0.06697267025906917,-0.009531230936404178,-0.0559873079926139,-0.046331975690473266,9.775592329585455e-05,0.0017556282781991876,-0.044116096903420485,0.0,-0.0022158787870527816,0.0,0.028720719661332494,0.03825195059773667,0.043613286898392375,0.877071033120108,-0.1639701974254043
locked,0.1,0.17834571656428008,0.8194991178667492,-0.2176005985379935,0.009658726055517692,0.0669962104024114,-0.009625384558000105,-0.05597838247736661,-0.04631965642184892,0.00010418442767202074,0.0017287728603500468,-0.043949085414766824,0.0,-0.002370571007082087,0.0,0.028685412922205646,0.03831079748020575,0.0435879618548155,0.8789306920982648,-0.163957935297616
locked,0.1,0.17834636616089664,0.8194241911558469,-0.21758995501469136,0.00966234285181868,0.0670212920725905,-0.009725699544731792,-0.05596886704571928,-0.0463065241939006,0.00011103856737413416,0.0017001399134237648,-0.0437696385573262,0.0,-0.002536885636574407,0.0,0.028647796263929354,0.038373495808661146,0.04356099354850938,0.8809141546766729,-0.16394486792111732
locked,0.1,0.17834710341441298,0.8193443384587401,-0.21757862269416445,0.009666197440618876,0.06704801645486169,-0.009832579798032537,-0.05595872224324196,-0.04629252480262308,0.00011834691436429814,0.0016696101951442807,-0.04357669432983596,0.0,-0.0027158304727871174,0.0,0.028607718328414578,0.038440298126447114,0.0435322761733889,0.8830298230522002,-0.16393094213237727
locked,0.1,0.17834794015329605,0.8192592337998317,-0.21756655746038445,0.009670305559068964,0.06707649140743166,-0.009946455795063258,-0.05594790591482556,-0.0462776003557566,0.00012614001108555433,0.0016370562503449063,-0.043369076067895876,0.0,-0.002908524287860724,0.0,0.0285650178061842,0.03851147360124746,0.043501697225807254,0.8852866912604191,-0.16391610122001235
locked,0.1,0.1783488898021521,0.8191685293465834,-0.21755371243370114,0.009674683999686282,0.06710683190577954,-0.01006778635231298,-0.055936373011584786,-0.046261689011898505,0.00013445051343230577,0.001602341816504388,-0.04314547550744656,0.0,-0.003116213504451945,0.0,0.02851952277673328,0.03858730912904626,0.04346913709687224,0.8876943897702252,-0.16390028468284412
locked,0.1,0.17834996759711066,0.8190718539066627,-0.21754003780623274,0.009679350682944432,0.06713916051656904,-0.010197060506289213,-0.055924075383095295,-0.04624472470015086,0.00014331334487651905,0.0015653211830866669,-0.04290443240787441,0.0,-0.0033402922922764616,0.0,0.028471050005139914,0.03866811051142913,0.0434344686429541,0.8902632337762427,-0.16388342797104966
locked,0.1,0.1783513763426124,0.8189537266257237,-0.21752335117529728,0.009685052901803035,0.06717864985002175,-0.010354959259210261,-0.055909041241775106,-0.04622398833997207,0.00015415016017004724,0.0015200564573736852,-0.04260594488151245,0.0,-0.003618043458459619,0.0,0.028411845295405747,0.03876680455461601,0.043392156546076595,0.8934058051125187,-0.1638628322507475
locked,0.1,0.17835278508811409,0.8188432483031206,-0.2175077672201346,0.009690385911216627,0.06721556938717192,-0.010502573470815624,-0.05589497291511017,-0.046204587003893544,0.0001642925978270602,0.0014776934688921274,-0.04232268286384659,0.0,-0.0038819041400469517,0.0,0.02835649795817815,0.03885907142899377,0.043352633132794506,0.8963485864852454,-0.1638435715545456
locked,0.1,0.17835419383361578,0.8187390917543133,-0.217493094605492,0.009695413773415677,0.06725036499940956,-0.010641687686268497,-0.05588170282560162,-0.04618628905218594,0.00017386114985401899,0.001437728696995995,-0.042051841059583844,0.0,-0.004134447992602097,0.0,0.028304338656570532,0.03894602634283903,0.04331541460203412,0.8991262510277369,-0.1638254142427146
locked,0.1,0.1783556025791175,0.818640274263964,-0.2174791916573787,0.009700183923351497,0.06728336683367991,-0.010773623271263633,-0.055869106890154965,-0.04616892296680347,0.00018294503422041391,0.0013997893110329774,-0.04179134063942998,0.0,-0.004377582327373494,0.0,0.02825487178120814,0.03902849505247177,0.04328014271948578,0.901764472114372,-0.16380818879720876
locked,0.1,0.1783570113246192,0.8185460440655098,-0.21746594999705024,0.009704732648245442,0.06731482744954176,-0.010899391054035035,-0.055857090186442984,-0.04615235753819754,0.00019161250133908436,0.0013635901009772817,-0.041539589213659675,0.0,-0.004612768324537872,0.0,0.028207718197753362,0.0391071092517884,0.04324654343731571,0.9042828893012623,-0.16379176400847945
locked,0.1,0.17835842007012093,0.8184558108208377,-0.2174532845184144,0.009709088443284782,0.06734494517446908,-0.011019784803789956,-0.05584557817492969,-0.04613648973164491,0.00019991714577891534,0.0013289071016425148,-0.04129533392059553,0.0,-0.004841155811049387,0.0,0.028162580185339563,0.03918236498912952,0.04321440155263047,0.9066969246678016,-0.16377603684180345
locked,0.1,0.17835982881562262,0.818369100894706,-0.21744112694004927,0.009713274170493991,0.06737387912939616,-0.011135441369573673,-0.05583451105159743,-0.046121236881103436,0.00020790196686649147,0.0012955606239768898,-0.04105756695951522,0.0,-0.005063669921588222,0.0,0.028119218879911242,0.039254660249484916,0.0431835444040518,0.9090189513439233,-0.16376092463113856
locked,0.1,0.17836123756112435,0.8182855274027047,-0.21742942148709402,0.009717308504498149,0.0674017592911083,-0.011246880954311256,-0.05582383996605225,-0.04610653146155411,0.0002156020880023742,0.0012634038914057818,-0.04082546235503949,0.0,-0.005281069106514616,0.0,0.02807743916839852,0.039324320122709776,0.04315383095351793,0.9112590760497483,-0.16374635985146588
locked,0.1,0.17836264630662604,0.8182047694725386,-0.21741812190140417,0.009721206933565556,0.06742869345942476,-0.011354535000429267,-0.05581352440294837,-0.04609231746938282,0.00022304663950558213,0.001232315171676044,-0.04059833218754365,0.0,-0.00549398528183917,0.0,0.028037079229497747,0.03939161422992701,0.043125144226522874,0.9134256809209774,-0.1637322864991712
locked,0.1,0.17836405505212777,0.818126557475532,-0.21740718931242056,0.009724982472472504,0.0674547722186891,-0.01145876604780105,-0.055803530317242,-0.046078547844769495,0.0002302600994244017,0.0012021921737851047,-0.04037559543089041,0.0,-0.005702952413879095,0.0,0.027998003085444027,0.03945676913324508,0.043097385928620745,0.9155258093517464,-0.1637186575144345
locked,0.1,0.17836546379762946,0.8180506622526496,-0.21739659068391826,0.00972864618255531,0.06748007255730187,-0.011559882220586237,-0.055793828773812906,-0.046065182591257595,0.00023726327168852387,0.0011729479604118064,-0.040156755219831114,0.0,-0.005908427371426481,0.0,0.027960095168357818,0.039519977388944055,0.04307047251802099,0.917565447474685,-0.16370543290079925
locked,0.1,0.1783668725431312,0.8179768870889126,-0.21738629765698397,0.009732207559099452,0.06750466056393001,-0.011658148018536485,-0.05578439493411193,-0.046052187375012474,0.00024407401473780545,0.0011445079030720368,-0.03994138191348717,0.0,-0.006110805461525301,0.0,0.02792325627269676,0.039581404291233246,0.04304433228003505,0.9195497338355045,-0.16369257832443074
locked,0.1,0.17836828128863289,0.8179050616251174,-0.2173762856722899,0.009735674825216445,0.06752859347287811,-0.011753792503367722,-0.05577520728742219,-0.04603953246220575,0.0002507077942650964,0.001116807372278111,-0.03972910024145553,0.0,-0.0063104322207502075,0.0,0.027887400484755194,0.039641192988122916,0.04301890310771689,0.9214831184529187,-0.16368006405150062
locked,0.1,0.1783696900341346,0.8178350371644387,-0.21736653329346348,0.00973905515839078,0.06755192124084787,-0.011847015609548928,-0.05576624705824553,-0.046027191899854755,0.0002571781093186437,0.0010897899569114805,-0.039519579387089485,0.0,-0.006507612512765264,0.0,0.02785245281564947,0.0396994684251984,0.042994130790971856,0.9233694854353169,-0.16366786412902626
locked,0.1,0.1783710987796363,0.8177666830011613,-0.21735702167781493,0.009742354867689219,0.06757468778031091,-0.011937993080725406,-0.05575749774274846,-0.04601514287505924,0.00026349682560929534,0.001063406071374934,-0.03931252521985399,0.0,-0.006702617655205252,0.0,0.02781834734979275,0.03975634043051816,0.04296996767826323,0.9252122488942267,-0.16365595574410738
locked,0.1,0.17837250752513803,0.8176998835136982,-0.21734773415724903,0.009745579534078785,0.06759693193612025,-0.012026880378465776,-0.05574894474171028,-0.04600336520763149,0.00026967443942571063,0.0010376118527238773,-0.03910767413432915,0.0,-0.006895691073302353,0.0,0.027785025778827237,0.03981190615729301,0.042946371616913975,0.9270144288886448,-0.16364431871655624
locked,0.1,0.17837391627063973,0.8176345358342298,-0.21733865590230694,0.009748734122911617,0.0676186882684036,-0.012113815815680495,-0.05574057506627895,-0.045991840943367335,0.0002757202892020068,0.0010123682765519725,-0.03890478809757059,0.0,-0.007087052845796742,0.0,0.027752436226361553,0.03986625204204205,0.04292330510361026,0.9287787123058451,-0.1636329350921687
locked,0.1,0.17837532501614145,0.8175705479618143,-0.21732977365014147,0.009751823075003637,0.067639987686472,-0.012198923093748038,-0.055732377099721814,-0.04598055402471818,0.0002816427268234648,0.000987640441126168,-0.03870365062471687,0.0,-0.007276903400001311,0.0,0.027720532296361983,0.03991945539011002,0.04290073459656053,0.9305075021561628,-0.16362178881339617
locked,0.1,0.17837673376164315,0.8175078372201546,-0.2173210754821803,0.009754850381077047,0.06766085796694005,-0.012282313376204224,-0.05572434040269452,-0.04596949002161747,0.00028744925764030986,0.0009633969822863491,-0.03850406347431051,0.0,-0.007465426547306954,0.0,0.02768927229536791,0.039971585671572135,0.04287862995329279,0.9322029578629898,-0.1636108654501721
locked,0.1,0.17837814250714487,0.8174463289860671,-0.21731255064081545,0.009757819643136285,0.06768132418090396,-0.012364086998445822,-0.05571645555268991,-0.045958635909553625,0.0002931466559047441,0.0009396095910479357,-0.038305843906928656,0.0,-0.007652792002624968,0.0,0.02765861859122907,0.04002270558967489,0.04285696396712881,0.933867028480417,-0.16360015197798486
locked,0.1,0.17837955125264657,0.8173859556318733,-0.21730418937693305,0.009760734125517923,0.06770140904925018,-0.012444334889795572,-0.05570871401049871,-0.04594797988498079,0.00029874106078891225,0.0009162526123549504,-0.038108822385855515,0.0,-0.007839157499125289,0.0,0.027628537079727303,0.040072871969522875,0.04283571198164575,0.9355014803230842,-0.16358963659328865
locked,0.1,0.1783809599981483,0.8173266556407182,-0.21729598282237317,0.009763596797593622,0.06772113323987004,-0.012523139763043423,-0.05570110800850395,-0.045937511210910324,0.00030423805670033266,0.0008933027094511813,-0.037912840634750034,0.0,-0.00802467057616029,0.0,0.02759899673841331,0.04012213650145673,0.04281485156816874,0.9371079200771084,-0.1635793085590948
locked,0.1,0.17838236874365,0.8172683728598596,-0.2172879228822806,0.009766410369813265,0.06774051561852111,-0.012600577118475287,-0.05569363045639722,-0.04592722008658395,0.00030964274107454895,0.0008707385805833249,-0.03771774997572555,0.0,-0.008209470110858402,0.0,0.027569969250022912,0.0401705463684982,0.042794362253566705,0.9386878143078339,-0.16356915807464503
locked,0.1,0.1783837774891517,0.817211055868624,-0.21728000214398654,0.009769177324213412,0.06775957346116811,-0.012676716093713347,-0.055686274861372786,-0.045917097537159376,0.0003149597817527033,0.0008485407192261945,-0.03752340990099522,0.0,-0.00839368763616416,0.0,0.02754142868372738,0.04021814477744073,0.04277422528983701,0.9402425059699773,-0.1635591761650971
locked,0.1,0.1783851862346534,0.8171546574374695,-0.21727221379902456,0.009771899940527727,0.06777832263571307,-0.012751620191064017,-0.05567903525982573,-0.045907135319298006,0.0003201934660938779,0.0008266912088488267,-0.03732968682346392,0.0,-0.008577448495834084,0.0,0.027513351222324525,0.04026497141338854,0.042754423456915,0.9417732285400794,-0.16354935458711234
locked,0.1,0.17838659498015513,0.8170991340651863,-0.2172645515764117,0.009774580318526137,0.06779677775747724,-0.012825347899793393,-0.05567190615891587,-0.04589732584038973,0.00032534774298884723,0.0008051735473435183,-0.03713645298193033,0.0,-0.00876087285845941,0.0,0.02748571492884192,0.040311062828635315,0.04273494089395776,0.943281118105743,-0.1635396857480807
locked,0.1,0.17838800372565683,0.8170444455794161,-0.2172570096850576,0.009777220397297361,0.06781495232340967,-0.012897953233264925,-0.055664882486127124,-0.04588766208882976,0.00033042625912690606,0.0007839724954709995,-0.03694358546610923,0.0,-0.00894407662272053,0.0,0.027458499545072373,0.0403564527783373,0.04271576295371439,0.94476722380135,-0.16353016263639736
locked,0.1,0.17838941247115853,0.8169905547904032,-0.21724958276384787,0.009779821971962128,0.06783285882841233,-0.012969486194507551,-0.05565795954554777,-0.04587813757358564,0.000335432390430946,0.000763073945497066,-0.036750965339195266,0.0,-0.009127172234390371,0.0,0.02743168631695239,0.04040117251145994,0.0426968760763011,0.9462325168534897,-0.16352077876102983
locked,0.1,0.17839082121666025,0.8169374271899906,-0.2172422658382507,0.009782386708202424,0.06785050886646472,-0.013039993180938514,-0.05565113297986394,-0.045868746271661515,0.0003403692693832815,0.0007424648070009361,-0.03655847684030372,0.0,-0.0093102694313578,0.0,0.027405257842763105,0.04044525102370162,0.04267826767946973,0.9476778984437951,-0.16351152809898237
locked,0.1,0.17839222996216195,0.8168850306885229,-0.2172350542823872,0.009784916154960974,0.06786791321901457,-0.013109517338124599,-0.055644398737139146,-0.045859482582178174,0.00034523980891088446,0.0007221329070615655,-0.036366006648895596,0.0,-0.00949347593328257,0.0,0.027379197940444987,0.040488715278569586,0.04265992606269337,0.9491042065817705,-0.1635024050493756
locked,0.1,0.17839363870766367,0.8168333353838855,-0.217227943785736,0.009787411755589556,0.06788508193257053,-0.013178098870327726,-0.055637753041651875,-0.045850341286062316,0.0003500467233532607,0.0007020669026353476,-0.03617344319679593,0.0,-0.009676898089266382,0.0,0.027353491531121404,0.04053159040144913,0.042641840322970116,0.9505122221382118,-0.1634934043931364
locked,0.1,0.17839504745316537,0.8167823133584455,-0.21722093032385914,0.009789874857650524,0.06790202438692249,-0.013245775313534991,-0.055631192368255845,-0.04584131751060532,0.00035479254689624106,0.000682256203523166,-0.03598067601718986,0.0,-0.009860641493415458,0.0,0.027328124536693747,0.04057389985022874,0.04262400028079466,0.951902674149295,-0.163484521257556
locked,0.1,0.1783964561986671,0.8167319384990893,-0.21721401013245842,0.009792306721603444,0.06791874935560145,-0.013312581777438215,-0.055624713419656927,-0.04583240669805348,0.0003594796499112015,0.0006626909040909716,-0.035787595116149006,0.0,-0.010044811581904484,0.0,0.02730308378908162,0.04061566556651983,0.04260639641455409,0.9532762445182003,-0.1634757510848808
locked,0.1,0.1783978649441688,0.8166821863383977,-0.21720717968447864,0.00979470852847142,0.06793526505923868,-0.013378551158981455,-0.0556183131063588,-0.04582360457788738,0.0003641102533719437,0.0006433617230228064,-0.03559409036151567,0.0,-0.010229514216371714,0.0,0.02727835695012861,0.04065690810911007,0.04258901980262426,0.9546335721632377,-0.16346708960459133
locked,0.1,0.1783992736896705,0.8166330339127695,-0.21720043566965444,0.009797081386689452,0.06795157921323072,-0.013443714333130408,-0.05561198852874873,-0.04581490714205928,0.0003686864417359646,0.0006242599494916564,-0.035400050873949235,0.0,-0.010414856268110048,0.0,0.027253932440050158,0.040697646773180565,0.042571862071648786,0.9559752567244086,-0.16345853280863984
locked,0.1,0.1784006824351722,0.8165844596362424,-0.21719377497631998,0.009799426338194922,0.0679676990701307,-0.013508100322527805,-0.05560573696116523,-0.0458063106229703,0.0003732101743987238,0.000605377395293147,-0.03520536441486519,0.0,-0.010600946208105116,0.0,0.027229799373801447,0.04073789969632925,0.042554915350538174,0.9573018618591626,-0.16345007692942748
locked,0.1,0.17840209118067393,0.8165364431874101,-0.21718719467510664,0.00980174436388609,0.06798363145763972,-0.013571736449545124,-0.05559955583761968,-0.04579781147373359,0.00037768329596013267,0.0005867063519431133,-0.03500991675931154,0.0,-0.010787894714422049,0.0,0.027205947504047298,0.04077768395359242,0.042538172229244255,0.9586139181964775,-0.16344171842006738
locked,0.1,0.17840349992617563,0.8164889654081227,-0.21718069200433945,0.009804036388511652,0.06799938281264012,-0.013634648472485855,-0.055593442739005176,-0.04578940635049353,0.0003821075454204989,0.0005682395522486215,-0.034813591045436465,0.0,-0.010975815305057063,0.0,0.027182367170077132,0.04081701564256299,0.04252162572182991,0.9599119259828346,-0.16343345393670394
locked,0.1,0.17840490867167735,0.8164420082122853,-0.21717426435688944,0.009806303285073066,0.0680149592118352,-0.013696860708215075,-0.05558739538158135,-0.04578109209650828,0.0003864845644603799,0.0005499701357074534,-0.03461626708906282,0.0,-0.011164825007445471,0.0,0.027159049251810063,0.04085590996002514,0.0425052692332203,0.9611963574646388,-0.16342528032259532
locked,0.1,0.17840631741717905,0.816395554503823,-0.21716790926834723,0.009808545878784313,0.06803036639931072,-0.013758396142459772,-0.05558141160661542,-0.04577286572783111,0.000390815904887319,0.0005318916173887799,-0.03441782065321458,0.0,-0.01135504507461653,0.0,0.027135985128425473,0.040894381270885245,0.042489096529294716,0.9624676590308299,-0.16341719459379478
locked,0.1,0.17840772616268077,0.8163495881023449,-0.21716162440630662,0.009810764950659924,0.06804560981150838,-0.013819276529760338,-0.0555754893709966,-0.045764724420336675,0.00039510303538466086,0.0005139978597307167,-0.03421812265809061,0.0,-0.011546601762246055,0.0,0.02711316664087402,0.04093244317063436,0.042473101709786756,0.9637262531547727,-0.16340919392617698
locked,0.1,0.17840913490818247,0.81630409367592,-0.21715540756067364,0.009812961240759999,0.06806069459981128,-0.01387952248385993,-0.055569626738747484,-0.045756665497987487,0.00039934734761437526,0.0004962830470372174,-0.0340170383182825,0.0,-0.011739627179704983,0.0,0.027090586057975673,0.0409701085418356,0.04245727918377595,0.9649725401502262,-0.16340127564370438
locked,0.1,0.1784105436536842,0.8162590566800861,-0.21714925663487383,0.009815135451134068,0.06807562565103432,-0.013939153559708206,-0.05556382187332306,-0.04574868642218899,0.00040355016175362647,0.0004787416623412734,-0.0338144261899991,0.0,-0.011934260232189887,0.0,0.02706823604566306,0.041007389605371265,0.04244162364745285,0.9662068997643622,-0.16339343720778252
locked,0.1,0.1784119523991859,0.816214463302301,-0.21714316963784433,0.009817288248502459,0.0680904076060869,-0.013998188328155248,-0.05555807303059681,-0.045740784782094354,0.0004077127315381393,0.00046136846632931715,-0.03361013710786094,0.0,-0.012130647674233414,0.0,0.027046109638965823,0.04104429796712107,0.04242613006386686,0.9674296926289145,-0.1633856762075645
locked,0.1,0.17841336114468762,0.8161703004116092,-0.21713714467677797,0.009819420266685858,0.06810504487688328,-0.01405664444362209,-0.05555237855250493,-0.045732958285819074,0.0004118362488302026,0.0004441584782516571,-0.0334040129892568,0.0,-0.012328945296562269,0.0,0.027024200216630594,0.041080844660252684,0.04241079364457503,0.9686412615743997,-0.16337799035116587
locked,0.1,0.1784147698901893,0.8161265555121185,-0.21713117995041595,0.009821532108850877,0.06811954166197247,-0.014114538706662016,-0.055546736861172334,-0.04572520475232146,0.00041592184784409157,0.00042710695826535467,-0.03319588547333457,0.0,-0.012529319278986893,0.0,0.027002501477655226,0.04111704018431724,0.04239560983268312,0.9698419328460699,-0.16337037745754482
locked,0.1,0.17841617863569104,0.8160832167011464,-0.21712527374301493,0.009823624349530442,0.0681339019606001,-0.014171887120229765,-0.05554114645362764,-0.0457175221040972,0.0004199706089437333,0.0004102093915636829,-0.03298557436576782,0.0,-0.012731947738329377,0.0,0.026981007420185166,0.04115289454041493,0.04238057428758409,0.9710320171964063,-0.16336283544919722
locked,0.1,0.17841758738119273,0.8160402726303028,-0.217119424418736,0.009825697536502104,0.06814812958578288,-0.01422870494201145,-0.055535605896889335,-0.04570990836038723,0.00042398356217684843,0.0003934614736076044,-0.03277288583966281,0.0,-0.012937022520724421,0.0,0.026959712321885716,0.041188417263897166,0.04236568287077176,0.9722118109021017,-0.16335536234536385
locked,0.1,0.17841899612669446,0.8159977124700829,-0.21711363041654086,0.009827752192497305,0.06816222817620449,-0.01428500673203148,-0.05553011382349494,-0.04570236163099763,0.0004279616904888694,0.00037685909669500704,-0.03255761034307237,0.0,-0.013144751287925256,0.0,0.026938610722086503,0.04122361745411798,0.0423509316329312,0.9733815966887339,-0.16334795625585088
locked,0.1,0.17842040487219615,0.8159555258773669,-0.2171078902455064,0.009829788816770045,0.0681762012071348,-0.014340806396349826,-0.0555246689273972,-0.045694880110627153,0.00043190593267272324,0.00036039833763369623,-0.032339520143915015,0.0,-0.013355359966712138,0.0,0.026917697405392488,0.04125850380174231,0.042336316802088596,0.9745416445794096,-0.16334061537535707
locked,0.1,0.17842181361769788,0.8159137029651191,-0.2171022024804564,0.009831807886559428,0.06819005200060937,-0.01439611722780576,-0.05551926996013828,-0.04568746207357885,0.0004358171861208338,0.00034407544624137035,-0.032118366423711256,0.0,-0.0135690956498676,0.0,0.026896967386401807,0.04129308461420757,0.04232183477256685,0.9756922126867211,-0.16333333797818536
locked,0.1,0.17842322236319957,0.8158722342749785,-0.21709656575801062,0.009833809858412864,0.06820378373463891,-0.014450951942869827,-0.05551391572738858,-0.04568010586897571,0.00043969630931205877,0.00032788683495259393,-0.03189387581425243,0.0,-0.013786230054723278,0.0,0.02687641589588454,0.04132736783875437,0.0423074820949895,0.9768335479281285,-0.16332612241345884
locked,0.1,0.17842463110870127,0.8158311107515401,-0.2170909787728767,0.009835795169427322,0.06821739945184943,-0.014505322716224844,-0.055508605085699526,-0.045672809916272206,0.0004435441241471235,0.00031182906905943874,-0.03166574622829095,0.0,-0.014007063687981249,0.0,0.026856038367812293,0.04136136108403714,0.04229325546690585,0.9779658866979887,-0.16331896710063193
locked,0.1,0.178426039854203,0.8157903237187029,-0.217085440274441,0.009837764238391104,0.06823090206742873,-0.014559241212567575,-0.055503336939516854,-0.04566557270112575,0.00044736141809581986,0.00029589885773852187,-0.031433641798402384,0.0,-0.014231930902723372,0.0,0.026835830427430575,0.04139507163999815,0.0422791517241679,0.9790894554853524,-0.16331187052536214
locked,0.1,0.1784274485997047,0.8157498648578795,-0.21707994906362685,0.009839717466835554,0.06824429437644727,-0.01461271861590785,-0.05549811023842953,-0.045658392771593975,0.0004511489461747663,0.0002800930457860797,-0.03119718667298781,0.0,-0.014461206098606169,0.0,0.026815787880269712,0.04142850649617756,0.042265167832984486,0.9802044714429365,-0.16330483123570697
locked,0.1,0.17842885734520642,0.8157097261877279,-0.2170745039899731,0.009841655240013505,0.06825757906066807,-0.014665765656817431,-0.055492923974610045,-0.04565126873459654,0.0004549074327870544,0.0002644086059301336,-0.030955957330288945,0.0,-0.014695311404307597,0.0,0.026795906701925318,0.04146167235874275,0.04225130088253219,0.9813111429164091,-0.16329784783858614
locked,0.1,0.1784302660907081,0.8156699000451821,-0.21706910394889933,0.009843577927814824,0.0682707586949191,-0.01471839263793917,-0.055487777180419605,-0.04564419925260478,0.00045863757344513303,0.0002488426316309548,-0.030709472947487233,0.0,-0.014934726305117545,0.0,0.026776183028489962,0.04149457566642913,0.04223754807804013,0.9824096699401621,-0.16329091899647102
locked,0.1,0.17843167483620984,0.8156303790679926,-0.21706374787918886,0.009845485885609184,0.0682838357529598,-0.014770609457461892,-0.055482668926203384,-0.0456371830405942,0.0004623400363555798,0.00023339233045837965,-0.03045718318464169,0.0,-0.015179999855952517,0.0,0.026756613147748957,0.04152722260521085,0.042223906734423916,0.983500244693249,-0.16328404342433706
locked,0.1,0.17843308358171153,0.8155911561786195,-0.21705843476066702,0.009847379455023597,0.06829681261289242,-0.014822425630772962,-0.05547759831825661,-0.04563021886323301,0.0004660154638801829,0.0002180550179858142,-0.0301984524750118,0.0,-0.015431766388221212,0.0,0.026737193491059727,0.04155961912183269,0.042210374270411945,0.9845830519196459,-0.1632772198868525
locked,0.1,0.17843449232721326,0.8155522245688002,-0.2170531636119762,0.009849258964687215,0.06830969156234654,-0.014873850311213577,-0.055472564496876334,-0.045623305532189115,0.0004696644739384625,0.00020282811192962806,-0.029932539507393507,0.0,-0.015690766024795612,0.0,0.02671792062556648,0.041591770936780056,0.0421969482029209,0.9856582693319288,-0.1632704471956852
locked,0.1,0.17843590107271495,0.8155135776856326,-0.21704793348857,0.009851124730903188,0.06832247480315504,-0.014924892308785243,-0.05546756663460373,-0.04561644190370054,0.00047328766126961667,0.00018770912687521963,-0.02965856997352827,0.0,-0.01595787193017227,0.0,0.026698791247184897,0.04162368355597014,0.04218362614198006,0.9867260679742114,-0.16326372420707325
locked,0.1,0.17843730981821668,0.8154752092181916,-0.21704274348078337,0.009852977058294587,0.0683351644558504,-0.014975560108149821,-0.055462603934534546,-0.045609626876239956,0.0004768855986486432,0.0001726956691952572,-0.029375499650291036,0.0,-0.01623412722594892,0.0,0.02667980217385029,0.04165536228200011,0.042170405785852856,0.9877866125721387,-0.1632570498194893
locked,0.1,0.17843871856371837,0.8154371130854621,-0.21703759271209355,0.009854816240386957,0.06834776256371933,-0.015025861884847447,-0.05545767562879508,-0.04560285938840813,0.00048045883798003184,0.00015778543247879596,-0.029082063270500266,0.0,-0.016520796117907854,0.0,0.02666095033943594,0.04168681222428339,0.04215728491663525,0.9888400618473839,-0.16325042297153408
locked,0.1,0.1784401273092201,0.8153992834243736,-0.21703248033739495,0.009856642560185766,0.06836027109682186,-0.015075805521393204,-0.05545278097703174,-0.045596138416845976,0.0004840079113865324,0.00014297619298204783,-0.028776701848543293,0.0,-0.016819436568302676,0.0,0.026642232787714326,0.04171803830910753,0.042144261395896776,0.9898865688311542,-0.16324384263984856
locked,0.1,0.1784415360547218,0.8153617145794092,-0.21702740554150113,0.009858456290678082,0.06837269195548352,-0.01512539862124107,-0.05544791926509862,-0.04558946297442054,0.00048753333214998873,0.00012826580569610664,-0.028457456222178955,0.0,-0.017132006752241587,0.0,0.026623646667121227,0.0417490452883623,0.042131333160888136,0.9909262811346135,-0.16323730783729973
locked,0.1,0.17844294480022352,0.8153244010922539,-0.2170223675376529,0.009860257695332175,0.06838502697377251,-0.015174648522705447,-0.055443089803750616,-0.045582832108418445,0.0004910355956523042,0.00011365220041504665,-0.028121805355541853,0.0,-0.017461026752876592,0.0,0.02660518922553353,0.04177983774823898,0.04211849822076917,0.9919593412197399,-0.16323081761117428
locked,0.1,0.17844435354572522,0.8152873376923472,-0.21701736556615583,0.009862047028553554,0.06839727792267417,-0.015223562311663219,-0.05543829192745039,-0.045576244898896834,0.0004945151802327806,9.913337815309732e-05,-0.02776640975918399,0.0,-0.01780983513971285,0.0,0.026586857805505473,0.04181042011716869,0.04210575465316373,0.9929858866459518,-0.1632243710415293
locked,0.1,0.17844576229122694,0.8152505192879584,-0.21701239889309432,0.00986382453611574,0.06840944651308915,-0.015272146833553712,-0.05543352499324163,-0.04556970045712589,0.0004979725479983144,8.470740775892195e-05,-0.027386681596587005,0.0,-0.018183018860538892,0.0,0.02656864983976772,0.04184079667332143,0.04209310060090556,0.994006050303201,-0.16321796723963497
locked,0.1,0.17844717103672864,0.8152139409578931,-0.2170074668091355,0.009865590455560663,0.06842153439862039,-0.015320408704527888,-0.055428788379701624,-0.04556319792414096,0.0005014081455757025,7.037242277163278e-05,-0.02697601259128122,0.0,-0.01858718533285974,0.0,0.026550562847046252,0.04187097155157414,0.04208053426901374,0.9950199606283537,-0.16321160534652665
locked,0.1,0.17844857978223036,0.8151775979434034,-0.21700256862836342,0.009867345016588994,0.0684335431782902,-0.015368354322328637,-0.055424081485919915,-0.04555673646933092,0.0005048224048472256,5.612661834716393e-05,-0.026524253255163433,0.0,-0.019032483214167485,0.0,0.026532594427980782,0.04190094875030942,0.042068053921745036,0.9960277418169505,-0.16320528453159322
locked,0.1,0.17844998852773206,0.8151414856410026,-0.21699770368724308,0.009869088441407159,0.06844547439895522,-0.015415989875947722,-0.05541940373059107,-0.045550315289183914,0.0005082157436014793,4.196824853814436e-05,-0.026014302922984955,0.0,-0.019536012366198965,0.0,0.02651474226150375,0.04193073213745147,0.04205565787997188,0.9970295140102919,-0.16319900399132284
locked,0.1,0.17845139727323378,0.8151055995952854,-0.21699287134358547,0.009870820945073766,0.06845732955771817,-0.01546332135528361,-0.055414754551107864,-0.0455439336060341,0.000511588566186354,2.7895623565426294e-05,-0.025412782186824988,0.0,-0.020131151419209105,0.0,0.026497004101217282,0.04196032545650089,0.042043344518566,0.9980253934834217,-0.16319276294804966
locked,0.1,0.17845280601873548,0.8150699354924703,-0.2169880709756165,0.009872542735811349,0.06846911010409755,-0.015510354559820194,-0.05541013340274618,-0.04553759066693483,0.0005149412640943009,1.39071073721065e-05,-0.024633407047210162,0.0,-0.020904183619724667,0.0,0.026479377772138678,0.04198973233195887,0.042031112264042915,0.9990154928134166,-0.163186560648827
locked,0.1,0.1784542147642372,0.8150344891541428,-0.21698330198107538,0.009874254015308417,0.06848081744212998,-0.015557095107040397,-0.05540553975787469,-0.04553128574256628,0.0005182742165305627,1.1152489682621225e-09,-0.02278234054303116,0.0,-0.022748945199535117,0.0,0.026461861167544794,0.04201895627458519,0.04201895959228101,0.9999999210428852,-0.16318039636433507
EP,0.1,0.17845421487754945,0.8150344863116853,-0.21698330159873017,0.009874254152536758,0.06848081838089552,-0.015557098854966256,-0.05540553938947971,-0.04553128523694295,0.0005182744838304732,5.966147714753234e-15,-0.022765681241163932,0.0,-0.022765603995779024,0.0,0.026461859762964633,0.04201895861793089,0.04201895861794864,0.9999999999995776,-0.1631803958700241
locked,0.1,0.17845421601067207,0.8150344578870163,-0.21698329777526446,0.009874255524824661,0.06848082776858186,-0.015557136334353294,-0.055405535705518316,-0.045531280180693655,0.000518277156839111,-1.1152463617099956e-08,-0.022765640090346824,-5.2802612661727e-05,-0.022765640090346824,5.2802612661727e-05,0.026461845717114282,0.04201898205146758,0.04201894887459288,1.000000789569363,-0.16318039092689832
locked,0.1,0.17845421621739133,0.8150344527014429,-0.2169832970777417,0.0098742557751741,0.0684808294811975,-0.015557143171797128,-0.055405535033445225,-0.04553127925827112,0.0005182776444818077,-1.3187032560976059e-08,-0.02276563962913556,-5.7417402765021844e-05,-0.02276563962913556,5.7417402765021844e-05,0.02646184315470019,0.042018986326497317,0.04201894709709215,1.000000933612284,-0.16318039002511328
locked,0.1,0.17845421646182308,0.8150344465698403,-0.21698329625296636,0.009874256071195981,0.0684808315062539,-0.01555715125662993,-0.05540553423876262,-0.045531278167566636,0.0005182782210876218,-1.559277815720017e-08,-0.022765639083783318,-6.243552305636551e-05,-0.022765639083783318,6.243552305636551e-05,0.026461840124811987,0.04201899138144192,0.04201894499531314,1.0000011039336847,-0.1631803889588112
locked,0.1,0.1784542167508473,0.8150344393196371,-0.21698329527772575,0.009874256421221729,0.06848083390074534,-0.015557160816393911,-0.055405533299104415,-0.045531276877882686,0.0005182789028847593,-1.8437408622843515e-08,-0.022765638438941343,-6.789220982928088e-05,-0.022765638438941343,6.789220982928088e-05,0.026461836542175717,0.04201899735856963,0.04201894251010282,1.000001305327158,-0.16318038769798154
locked,0.1,0.17845421709259918,0.8150344307467549,-0.21698329412456868,0.009874256835103864,0.06848083673207195,-0.015557172120178708,-0.05540553218802124,-0.04553127535291737,0.0005182797090645638,-2.1800995073876367e-08,-0.022765637676458682,-7.382580015580234e-05,-0.022765637676458682,7.382580015580234e-05,0.02646183230594662,0.04201900442612533,0.04201893957150717,1.0000015434615632,-0.1631803862071345
locked,0.1,0.17845421749669796,0.8150344206099285,-0.21698329276104242,0.009874257324490187,0.06848084007991503,-0.015557185486102743,-0.055405530874243866,-0.04553127354975368,0.0005182806623151076,-2.577819793129349e-08,-0.02276563677487684,-8.027795141054108e-05,-0.02276563677487684,8.027795141054108e-05,0.026461827296906146,0.04201901278300889,0.04201893609682641,1.0000018250386518,-0.16318038444431338
locked,0.1,0.1784542179745178,0.8150344086238313,-0.216983291148767,0.009874257903155725,0.06848084403850818,-0.015557201290384293,-0.05540552932079282,-0.04553127141763709,0.0005182817894681201,-3.048096594441066e-08,-0.022765635708818552,-8.72939945601724e-05,-0.022765635708818552,8.72939945601724e-05,0.026461821374061945,0.04201902266444624,0.04201893198825692,1.000002157984152,-0.16318038235989918
locked,0.1,0.17845421853950788,0.8150343944510576,-0.21698328924235696,0.009874258587389757,0.06848084871928484,-0.015557219977911263,-0.05540552748393889,-0.04553126889654913,0.0005182831222528341,-3.604168147394379e-08,-0.022765634448274567,-9.492323408273478e-05,-0.022765634448274567,9.492323408273478e-05,0.026461814370686787,0.04201903434859805,0.04201892713014332,1.0000025516704507,-0.1631803798952161
locked,0.1,0.17845421920757096,0.815034377692807,-0.21698328698816988,0.009874259396445612,0.06848085425395462,-0.015557242074518585,-0.055405525311995364,-0.04553126591554975,0.0005182846981716223,-4.261681398705017e-08,-0.022765632957774878,-0.00010321920120107724,-0.022765632957774878,0.00010321920120107724,0.026461806089718015,0.0420190481642366,0.04201892138578689,1.0000030171752519,-0.16318037698091173
locked,0.1,0.17845421999751096,0.8150343578772912,-0.21698328432274375,0.009874260353100284,0.06848086079833303,-0.015557268202286645,-0.055405522743816785,-0.045531262390716504,0.0005182865615910581,-5.0391471957417916e-08,-0.02276563119535826,-0.00011224022447284581,-0.02276563119535826,0.00011224022447284581,0.026461796298023192,0.04201906450030984,0.0420189145934686,1.0000035676038443,-0.1631803735349409
locked,0.1,0.17845422093156232,0.8150343344469272,-0.2169832811710784,0.009874261484272857,0.06848086853656982,-0.015557299096411237,-0.055405519707137335,-0.04553125822286448,0.0005182887649451273,-5.9584423344957727e-08,-0.02276562911143224,-0.00012204960399921921,-0.02276562911143224,0.00012204960399921921,0.02646178472007929,0.04201908381649053,0.04201890656206346,1.0000042184445423,-0.16318036946033843
locked,0.1,0.1784542220360157,0.8150343067421587,-0.21698327744445503,0.00987426282180536,0.06848087768649362,-0.015557335626553925,-0.05540551611647575,-0.045531253294670386,0.0005182913702579146,-7.045444822559657e-08,-0.022765626647335193,-0.00013271628406602093,-0.022765626647335193,0.00013271628406602093,0.026461771029969848,0.04201910665652377,0.04201889706549024,1.0000049880184434,-0.1631803646424057
locked,0.1,0.17845422334195818,0.8150342739833093,-0.216983273037999,0.009874264403339095,0.06848088850560395,-0.015557378820753587,-0.055405511870782145,-0.04553124746744305,0.0005182944508490251,-8.330745456105668e-08,-0.022765623733721527,-0.00014431515388225598,-0.022765623733721527,0.00014431515388225598,0.026461754842425182,0.04201913366317877,0.04201888583649551,1.0000058979832123,-0.16318035894555502
locked,0.1,0.178454224886148,0.8150342352484138,-0.216983267827696,0.009874266273384773,0.06848090129839327,-0.015557429894665242,-0.055405506850565334,-0.04553124057718056,0.0005182980934189175,-9.850517857651342e-08,-0.022765620288590284,-0.00015692767328770503,-0.022765620288590284,0.00015692767328770503,0.02646173570186401,0.042019165596529254,0.04201887255905261,1.0000069739490567,-0.1631803522094543
locked,0.1,0.1784542267120494,0.8150341894472394,-0.21698326166689705,0.00987426848457668,0.06848091642492715,-0.015557490285816655,-0.05540550091452611,-0.04553123242994943,0.0005183024004921366,-1.1647537846801864e-07,-0.022765616214974714,-0.00017064244670373808,-0.022765616214974714,0.00017064244670373808,0.02646171306955525,0.042019203355371904,0.04201885685945633,1.0000082462004316,-0.16318034424450917
locked,0.1,0.17845422887105603,0.8150341352909436,-0.21698325438224073,0.009874271099137681,0.06848093431086386,-0.015557561693601119,-0.05540549389562364,-0.04553122279648596,0.0005183074932697045,-1.3772373557525627e-07,-0.02276561139824298,-0.0001855557433597022,-0.02276561139824298,0.0001855557433597022,0.02646168630863137,0.04201924800223249,0.042018838295926564,1.0000097505386283,-0.16318033482658667
locked,0.1,0.1784542314239373,0.8150340712553558,-0.21698324576870978,0.009874274190651736,0.0684809554595826,-0.01555764612771049,-0.055405485596317895,-0.045531211405666155,0.0005183135150834415,-1.628482663019841e-07,-0.022765605702833085,-0.00020177231369896602,-0.022765605702833085,0.00020177231369896602,0.026461654665936057,0.04201930079364655,0.04201881634601777,1.0000115293021294,-0.16318032369062974
locked,0.1,0.17845423444254904,0.8150339955384595,-0.2169832355839158,0.009874277846116747,0.06848098046622429,-0.015557745964183356,-0.055405475783057996,-0.04553119793694125,0.0005183206353935132,-1.9255600112967272e-07,-0.02276559896847062,-0.00021940601696855683,-0.02276559896847062,0.00021940601696855683,0.026461617251020468,0.042019363215203824,0.042018790392048914,1.0000136325474762,-0.16318031052326315
locked,0.1,0.178454238011856,0.815033906009541,-0.2169832235412579,0.009874282168399421,0.06848101003448619,-0.015557864012458955,-0.055405464179691985,-0.04553118201129257,0.0005183290545709479,-2.2768293833977382e-07,-0.02276559100564628,-0.0002385806668294737,-0.02276559100564628,0.0002385806668294737,0.026461573011013616,0.04201943702347257,0.04201875970367275,1.0000161194619879,-0.1631802949539506
locked,0.1,0.17845424223232337,0.8150338001493159,-0.2169832093018702,0.009874287279125931,0.06848104499639546,-0.015558003594319914,-0.05540545045970661,-0.045531163180580675,0.0005183390095281813,-2.6921753606013593e-07,-0.022765581590290337,-0.0002594308848520695,-0.022765581590290337,0.0002594308848520695,0.026461520701037772,0.042019524295357685,0.042018723417354555,1.000019060027007,-0.16318027654458236
locked,0.1,0.1784542472227444,0.8150336749791671,-0.21698319246510508,0.009874293322098177,0.0684810863356787,-0.01555816863719195,-0.05540543423705561,-0.04553114091495743,0.0005183507803736829,-3.183284770212104e-07,-0.022765570457478713,-0.0002821030295035622,-0.022765570457478713,0.0002821030295035622,0.026461458849243377,0.042019627486435326,0.042018680512119086,1.000022536983663,-0.1631802547771699
locked,0.1,0.1784542531235843,0.8150335269772734,-0.2169831725572516,0.009874300467342861,0.06848113521546115,-0.015558363784732077,-0.05540541505528961,-0.04553111458794675,0.0005183646982998,-3.763975784626221e-07,-0.022765557293973386,-0.0003067562462529723,-0.022765557293973386,0.0003067562462529723,0.026461385715364535,0.04201974950009661,0.042018629780803826,1.000026648162937,-0.16318022903926024
locked,0.1,0.17845426010093374,0.8150333519797227,-0.21698314901823662,0.009874308915885593,0.0684811930109242,-0.015558594527208758,-0.055405392374739154,-0.04553108345885356,0.0005183811548824652,-4.450585927725202e-07,-0.022765541729426783,-0.00033356355945064693,-0.022765541729426783,0.00033356355945064693,0.026461299241857722,0.04201989376906648,0.042018569796167964,1.0000315092328211,-0.16318019860673968
locked,0.1,0.17845426835118391,0.815033145063579,-0.2169831211858993,0.009874318905396225,0.06848126134792248,-0.0155588673556748,-0.055405365557358324,-0.0455310466519621,0.0005184006130782134,-5.26243089704441e-07,-0.022765523325981047,-0.0003627130717608701,-0.022765523325981047,0.0003627130717608701,0.026461196996123842,0.04202006435179864,0.042018498870817274,1.000037256946903,-0.16318016262349888
locked,0.1,0.17845427810655426,0.8150329004085056,-0.21698308827738044,0.009874330716869386,0.0684813421486829,-0.01555918994441774,-0.05540533384878965,-0.04553100313192027,0.0005184236202385113,-6.222347551120867e-07,-0.022765501565960133,-0.0003944092909370959,-0.022765501565960133,0.0003944092909370959,0.02646107610213258,0.04202026604655032,0.04201841500977984,1.000044052988911,-0.16318012007736898
locked,0.1,0.17845428964162877,0.8150326111334073,-0.21698304936715462,0.009874344682511055,0.0684814376857525,-0.015559571366340008,-0.055405296357190284,-0.04553095167467923,0.0005184508234734609,-7.357334918683435e-07,-0.022765475837339615,-0.000428874542223302,-0.022765475837339615,0.000428874542223302,0.026460933159706247,0.042020504526046255,0.042018315854523564,1.0000520885113595,-0.16318006977171384
locked,0.1,0.17845430328108472,0.8150322691033652,-0.21698300336106838,0.009874361195059432,0.0684815506457567,-0.015560022347505309,-0.05540525202820717,-0.045530890833147736,0.0005184829878099741,-8.699311798798619e-07,-0.022765445416573868,-0.00046635050656124817,-0.022765445416573868,0.00046635050656124817,0.026460764149125696,0.042020786496631005,0.04201819861679552,1.0000615894998044,-0.16318001029185586
locked,0.1,0.1784543194088313,0.8150318647014584,-0.21698294896565753,0.00987438071880095,0.06848168420475212,-0.015560555567974088,-0.055405199615400504,-0.04553081889659955,0.0005185210176528704,-1.0286012165345963e-06,-0.022765409448299776,-0.0005070998956155447,-0.022765409448299776,0.0005070998956155447,0.026460564318389015,0.042021119886363104,0.042018060000432754,1.0000728231129739,-0.1631799399653957
locked,0.1,0.17845433847881556,0.8150313865593456,-0.21698288465192309,0.009874403802577272,0.06848184211719682,-0.015561186017004625,-0.05540513764532061,-0.04553073384274334,0.0005185659821255707,-1.216204243549221e-06,-0.022765366921371665,-0.0005514082524656366,-0.022765366921371665,0.0005514082524656366,0.0264603280500961,0.042021514067100724,0.042017896109046875,1.000086105169199,-0.16317985681536118
locked,0.1,0.17845436102779952,0.8150308212385828,-0.21698280861248184,0.00987443109517062,0.06848202882118826,-0.015561931413209162,-0.055405064376199284,-0.045530633281028667,0.0005186191450464726,-1.4380132143747802e-06,-0.022765316640514333,-0.0005995859434590942,-0.022765316640514333,0.0005995859434590942,0.026460048703989547,0.04202198011719871,0.04201770233683239,1.0001018090025966,-0.1631797585047886
locked,0.1,0.1784543876904685,0.8150301528550223,-0.21698271871107616,0.009874463363437237,0.06848224956249248,-0.015562812699711936,-0.05540497774925893,-0.04553051438582169,0.0005186820002588877,-1.7002607980349561e-06,-0.02276525719291085,-0.0006519702443427742,-0.02276525719291085,0.0006519702443427742,0.02645971843139027,0.04202253113110221,0.04201747323989087,1.0001203759012938,-0.163179642271407
locked,0.1,0.17845441921729555,0.8150293626346029,-0.21698261242285957,0.00987450151375283,0.06848251054122707,-0.01556385462976495,-0.05540487533112807,-0.045530373817375236,0.0005187563134184933,-2.0103137240447787e-06,-0.02276518690868762,-0.0007089276627491251,-0.02276518690868762,0.0007089276627491251,0.02645932795573106,0.04202318258549601,0.04201720238405842,1.000142327453954,-0.16317950485039137
locked,0.1,0.17845445649566494,0.8150284283894121,-0.2169824867639779,0.009874546617307509,0.06848281908486498,-0.015565086457436372,-0.055404754245917134,-0.045530207628609626,0.0005188441712831221,-2.3768784281862076e-06,-0.02276510381430481,-0.0007708564114326776,-0.02276510381430481,0.0007708564114326776,0.026458866313714302,0.042023952771150674,0.042016882165444594,1.0001682801136516,-0.16317934238325277
locked,0.1,0.1784545005748494,0.8150273238992928,-0.21698233820846546,0.009874599939960526,0.06848318385242001,-0.015566542752787238,-0.05540461109504497,-0.04553001115508445,0.0005189480398930173,-2.8102437899545953e-06,-0.02276500557754222,-0.0008381890881471505,-0.02276500557754222,0.0008381890881471505,0.026458320549816387,0.042024863302603625,0.042016503598646,1.0001989623895764,-0.16317915031030317
locked,0.1,0.17845455269554394,0.8150260181823232,-0.21698216259022446,0.009874662977460287,0.06848361507531464,-0.015568264363493567,-0.05540444186265234,-0.04552977888519205,0.0005190708332122481,-3.3225675145124277e-06,-0.02276488944259603,-0.000911395566495547,-0.02276488944259603,0.000911395566495547,0.026457675355910537,0.042025939719404104,0.04201605606694136,1.0002352351312318,-0.1631789232437978
locked,0.1,0.17845461432478754,0.8150244746348988,-0.21698195498750913,0.009874737496959695,0.06848412484128663,-0.01557029954828193,-0.05540424180409946,-0.04552950430713976,0.0005192159940472057,-3.928213734964454e-06,-0.022764752153569885,-0.0009909860915981214,-0.022764752153569885,0.0009909860915981214,0.02645691264650235,0.04202721219478428,0.042015527027893906,1.0002781154424796,-0.16317865481840346
locked,0.1,0.178454687197256,0.8150226500179885,-0.21698170958677604,0.009874825585957885,0.06848472742906209,-0.015572705313046331,-0.05540400531450769,-0.04552917972854981,0.0005193875894528382,-4.64415105676198e-06,-0.0227645898642749,-0.001077514623654901,-0.0227645898642749,0.001077514623654901,0.026456011058007878,0.04202871637105421,0.04201490166636511,1.0003288048797259,-0.163178337514921
locked,0.1,0.1784547733640876,0.8150204932634454,-0.2169814195224156,0.009874929709929495,0.06848543970240581,-0.015575548983997156,-0.05540372577394895,-0.04552879606401945,0.0005195904230894501,-5.490421318727224e-06,-0.022764398032009733,-0.0011715824041363392,-0.022764398032009733,0.0011715824041363392,0.026454945359204327,0.04203049434320148,0.042014162486049986,1.0003887226636237,-0.16317796245271984
locked,0.1,0.17845487525061665,0.8150179440690554,-0.2169810766881828,0.009875052780153482,0.06848628157387189,-0.01557891005906531,-0.05540339536521498,-0.0455283425850615,0.0005198301674879633,-6.49069140912879e-06,-0.02276417129253075,-0.0012738417689344172,-0.02276417129253075,0.0012738417689344172,0.02645368575740329,0.0420325958164686,0.04201328882887331,1.0004595447805558,-0.1631775191454422
locked,0.1,0.178454995724639,0.8150149312465196,-0.2169806715155582,0.00987519823346984,0.06848727655005005,-0.01558288238463934,-0.055403004859509074,-0.04552780662603923,0.0005201135196061527,-7.672902246588873e-06,-0.02276390331301962,-0.0013850002027608207,-0.02276390331301962,0.0013850002027608207,0.026452197082705353,0.042035079467344694,0.042012256310085705,1.0005432499766387,-0.16317699521375323
locked,0.1,0.17845513817713202,0.815011370780643,-0.21698019271348826,0.009875370125978937,0.06848845237205053,-0.01558757671249611,-0.055402543364630304,-0.04552717323865137,0.0005204483836231511,-9.070031390431398e-06,-0.02276358661932568,-0.001505824640390667,-0.02276358661932568,0.001505824640390667,0.026450437829777212,0.04203801454227332,0.04201103615490548,1.0006421738151938,-0.16317637604788443
locked,0.1,0.17845530661770004,0.8150071635524049,-0.21697962696323198,0.009875573242968408,0.06848984176680062,-0.015593123699073175,-0.055401998029486116,-0.04552642478651771,0.0005208440854526889,-1.072098796830144e-05,-0.022763212393258854,-0.0016371459898479811,-0.022763212393258854,0.0016371459898479811,0.026448359033863722,0.0420414827329369,0.04200959442070056,1.0007590721280712,-0.1631756444117482
locked,0.1,0.17845550578743283,0.8150021926710268,-0.21697895856104998,0.009875813227717233,0.06849148332720371,-0.015599677419141034,-0.05540135369777737,-0.04552554047006014,0.0005213116241809037,-1.2671661632531004e-05,-0.022762770235030073,-0.0017798638734838575,-0.022762770235030073,0.0017798638734838575,0.02644590295403134,0.042045580373172374,0.042007891086184815,1.0008971954081254,-0.16317477997908553
locked,0.1,0.17845574129235253,0.8149963203534482,-0.21697816900062528,0.009876096732150695,0.06849342254139604,-0.015607419474621631,-0.05540059250281488,-0.04552449577066418,0.0005218639662798104,-1.4976149946020322e-05,-0.022762247885332095,-0.0019349515462938713,-0.022762247885332095,0.0019349515462938713,0.026443001533387203,0.042050421008008834,0.04200587898692617,1.0010603758844454,-0.16317375879095034
locked,0.1,0.17845601976120637,0.8149893842813251,-0.21697723648604697,0.009876431592720315,0.06849571299403563,-0.015616563790085802,-0.05539969339432872,-0.04552326180160841,0.0005225163892519997,-1.7698191950219627e-05,-0.0227616309008042,-0.0021034609546065615,-0.0227616309008042,0.0021034609546065615,0.026439574601974915,0.04205613839206072,0.042003502573768885,1.0012531292646225,-0.1631725526223917
locked,0.1,0.1784563490320456,0.8149811933584205,-0.21697613536530977,0.009876827035232863,0.06849841776489542,-0.01562736219576344,-0.05539863158716162,-0.04552180455192876,0.0005232868820737544,-2.091283863101586e-05,-0.022760902275964376,-0.0022865278606992306,-0.022760902275964376,0.0022865278606992306,0.02643552778456599,0.04206288998032943,0.042000696468505655,1.0014807733455184,-0.16317112824494492
locked,0.1,0.17845673837284293,0.8149715227831869,-0.21697483547331314,0.009877293912742184,0.06850161105262191,-0.015640110909224347,-0.05539737792064924,-0.04552008400790706,0.0005241966106060479,-2.470839433727553e-05,-0.022760042003953526,-0.002485376950146378,-0.022760042003953526,0.002485376950146378,0.02643075007169878,0.04207086098092313,0.04199738378865809,1.0017495659404594,-0.16316944657014526
locked,0.1,0.17845719874235758,0.8149601083443433,-0.21697330137256535,0.009877844980955309,0.0685053800537306,-0.01565515803570028,-0.05539589811652953,-0.04551805313557422,0.0005252704568609891,-2.9188666190998504e-05,-0.02275902656778711,-0.0027013268124663685,-0.02275902656778711,0.0027013268124663685,0.026425111009015158,0.042080269044715436,0.041993474211213896,1.0020668647958249,-0.16316746165807397
locked,0.1,0.17845774309859117,0.8149466398434492,-0.21697149147952163,0.009878495215788718,0.06850982712802063,-0.01567291221138256,-0.05539415192264732,-0.0455156567068586,0.0005265376414439175,-3.447556031906758e-05,-0.0227578283534293,-0.002935794624929871,-0.0227578283534293,0.002935794624929871,0.026418457458319035,0.042091369669701596,0.041988861744416316,1.0024413123153764,-0.16316511957430102
locked,0.1,0.17845838676351605,0.8149307535446669,-0.21696935706425696,0.009879262177893875,0.06851507228266773,-0.015693852518329887,-0.05539209212913,-0.04551282995123613,0.0005280324389611724,-4.0712065674553075e-05,-0.02275641497561806,-0.003190300364955944,-0.02275641497561806,0.003190300364955944,0.026410609882168923,0.04210446240049881,0.041983422176096845,1.0028830480729816,-0.16316235707794718
locked,0.1,0.17845914785434216,0.8149120235553695,-0.21696684111205164,0.009880166428805076,0.06852125600585535,-0.015718539793945996,-0.05538966344401523,-0.045509497015210156,0.0005297949959968274,-4.8065665409887694e-05,-0.022754748507605074,-0.0034664703016861146,-0.022754748507605074,0.0034664703016861146,0.026401358105954675,0.04211989789990067,0.041977010169205534,1.0034039520708875,-0.16315910012421878
locked,0.1,0.17846004779346142,0.8148899520496544,-0.2169638770371277,0.009881232002957279,0.06852854247769581,-0.015747629445514888,-0.05538680121622005,-0.04550556921326277,0.0005318722606608339,-5.673221322028722e-05,-0.022752784606631386,-0.0037660394720543658,-0.022752784606631386,0.0037660394720543658,0.02639045651609046,0.04213808596160535,0.04196945597934968,1.0040179215651173,-0.16315526216626844
locked,0.1,0.17846111191142283,0.8148639582636577,-0.216960387241725,0.009882486939009158,0.06853712318019911,-0.015781885856277156,-0.055383429995682125,-0.04550094305667297,0.0005343190313776531,-6.694030646401663e-05,-0.02275047152833648,-0.004090852798134397,-0.02275047152833648,0.004090852798134397,0.026377618661960978,0.04215950451823813,0.04196056177659371,1.0047411839408544,-0.16315074224421042
locked,0.1,0.17846237015991057,0.8148333662204538,-0.21695628151849572,0.009883963872513177,0.06854722091793604,-0.015822198429058965,-0.055379461923939256,-0.04549549805142608,0.0005371991301886902,-7.89561778074461e-05,-0.02274774902571304,-0.004442864442210961,-0.02274774902571304,0.004442864442210961,0.026362511244438537,0.0421847096734975,0.04195009756586284,1.0055926474847003,-0.16314542285420905
locked,0.1,0.17846385795479255,0.8147973911854683,-0.21695145530114338,0.00988570068989266,0.06855909424606585,-0.015869599253561795,-0.05537479495360578,-0.04548909426371312,0.0005405867021967138,-9.308911185387705e-05,-0.022744547131856564,-0.004824134944574995,-0.022744547131856564,0.004824134944574995,0.026344747496252027,0.04221434674981382,0.04193779671787786,1.0065942909160526,-0.16313916759814243
locked,0.1,0.17846561717296963,0.814755124911674,-0.21694578777751133,0.009887741240870438,0.06857304228221564,-0.01592528230276169,-0.055369310902274115,-0.045481569661403674,0.000544567637816505,-0.000109697372400905,-0.02274078483070184,-0.005236825670215309,-0.02274078483070184,0.005236825670215309,0.026323879989726975,0.042249162292488665,0.04192335114607156,1.0077715911898812,-0.16313181862459425
locked,0.1,0.17846769733108286,0.8147055198124957,-0.21693913989167626,0.009890136102698375,0.06858940985158068,-0.015990623955503214,-0.055362873355949936,-0.04547273725325156,0.0005492411077397158,-0.0001291945976556112,-0.022736368626625782,-0.005683190073708846,-0.022736368626625782,0.005683190073708846,0.026299392948038736,0.04229001690354195,0.041906406196284135,1.0091539872319528,-0.16312319388573374
locked,0.1,0.17847015697925636,0.8146473722939471,-0.21693135227629456,0.009892943385020272,0.06860859288233243,-0.01606720451351573,-0.055355325448534526,-0.04546238206351425,0.0005547211925032512,-0.00015205658712406228,-0.02273119103175713,-0.006165561351654456,-0.02273119103175713,0.006165561351654456,0.026270694184408347,0.04233789869792408,0.04188655535341461,1.0107753750744433,-0.16311308425107734
locked,0.1,0.1784730653491052,0.814579305587732,-0.21692224317374437,0.009896229558882677,0.06863104393039197,-0.01615683022935066,-0.05534648755729773,-0.04545025799841505,0.0005611385791015882,-0.00017882836428386112,-0.022725128999207526,-0.006686336147021421,-0.022725128999207526,0.006686336147021421,0.026237106850520657,0.04239393707987132,0.041863334913276117,1.0126746272769331,-0.163101250538477
locked,0.1,0.17847650430239487,0.8144997525408909,-0.21691160642267437,0.009900070287914623,0.0686572776731675,-0.01626155520456274,-0.05533615496808821,-0.045436084680173586,0.0005686422874301971,-0.00021013135865688383,-0.022718042340086793,-0.007247954170951995,-0.022718042340086793,0.007247954170951995,0.02619786123430238,0.04245941643886512,0.04183621881414176,1.014896126906017,-0.16308742054269215
locked,0.1,0.17848057063520092,0.8144069389239046,-0.2168992096038456,0.00990455123456711,0.06868787617467337,-0.016383702369734077,-0.055324095576783534,-0.04541954434221643,0.0005774013805086565,-0.00024667051378006195,-0.02270977217110821,-0.007852873897180286,-0.02270977217110821,0.007852873897180286,0.026152086902469646,0.04253578927220372,0.04180461386694422,1.0174903040029668,-0.1630712861606322
locked,0.1,0.17848537880242418,0.8142988678957516,-0.21688479245248188,0.00990976881060938,0.06872349369695972,-0.01652588264942556,-0.05531004770236232,-0.045400278891752945,0.0005876066064603063,-0.00028924110239227736,-0.022700139445876465,-0.008503544884227355,-0.022700139445876465,0.008503544884227355,0.02609880552376708,0.04262468817319264,0.04176785565795591,1.0205141609914925,-0.16305250072593044
locked,0.1,0.17849106413934795,0.8141733062853872,-0.21686806565005415,0.009915830840070158,0.06876486082361069,-0.016691011380557286,-0.05529371808870421,-0.04537788724863405,0.0005994719195032054,-0.00033873502686307703,-0.022688943624317025,-0.009202377775106244,-0.022688943624317025,0.009202377775106244,0.026036924721526702,0.04272793610208399,0.0417252054138503,1.0240317735596058,-0.16303067666942145
locked,0.1,0.17849778667091482,0.8140277732833602,-0.2168487101021024,0.009922857105989637,0.0688127876805889,-0.01688232113376764,-0.055274780162834075,-0.045351923056844434,0.0006132358346126787,-0.0003961464134967772,-0.02267596152842222,-0.009951713589839397,-0.02267596152842222,0.009951713589839397,0.02596523327341063,0.04284755440717827,0.041675848105370436,1.0281147560295683,-0.16300538361092665
locked,0.1,0.17850573561594185,0.8138595319648426,-0.2168263767875455,0.009930979760677515,0.068868166094535,-0.017103370310602495,-0.05525287259427928,-0.045321892833601767,0.0006291625878738304,-0.0004625763814748384,-0.02266094641680089,-0.010753794463756013,-0.02266094641680089,0.010753794463756013,0.025882397891966252,0.04298576820256875,0.04161889201548091,1.0328426856385173,-0.1629761469580248
locked,0.1,0.17851513471305497,0.8136655837625248,-0.21680068722562043,0.009940343593794318,0.0689319706265994,-0.017358047286846534,-0.05522759816047947,-0.045287254566685156,0.0006475431041368597,-0.0005392369903596934,-0.022643627283342575,-0.011610738460146427,-0.022643627283342575,0.011610738460146427,0.025786961669876436,0.04314500895672297,0.041553369902882505,1.038303489164908,-0.16294244703508637
locked,0.1,0.17852624851825064,0.8134426655933716,-0.2167712345519493,0.009951106172587366,0.06900525855457129,-0.0176505704183052,-0.055198522869107716,-0.045247416696520354,0.0006686958137103355,-0.000627454537132793,-0.02262370834826017,-0.01252452131952348,-0.02262370834826017,0.01252452131952348,0.025677344068133046,0.043327914486438246,0.04147824175951661,1.0445938074628551,-0.1629037186940662
locked,0.1,0.17853938985134268,0.8131872488429197,-0.21673758512908264,0.009963437892770918,0.06908916903861825,-0.017985484885328362,-0.05516517522294209,-0.045201737330171174,0.0006929674083063568,-0.0007286725755596369,-0.022600868665085587,-0.013496967951725626,-0.022600868665085587,0.013496967951725626,0.025551842076644946,0.04353732696197331,0.04139239900155413,1.0518193681003762,-0.162859351271899
locked,0.1,0.17855492860088837,0.8128955388952643,-0.2166992805495574,0.009977522003435704,0.06918492187242664,-0.01836765803096474,-0.05512704544544228,-0.045149523442006574,0.0007207336769354451,-0.0008444552407014792,-0.02257476172100329,-0.014529756026009854,-0.02257476172100329,0.014529756026009854,0.02540863192073095,0.04377628995169569,0.04129466977419196,1.0600954116130183,-0.16280868867019185
locked,0.1,0.17857330213542655,0.8125634734442545,-0.21665583983245923,0.009993554691235262,0.06929381636539748,-0.018802275439894767,-0.05508358442524273,-0.04509002973400747,0.000752400608040753,-0.0009764916507493345,-0.02254501486700373,-0.015624433195714132,-0.02254501486700373,0.015624433195714132,0.02524577046275136,0.044048045902646125,0.041183824921372784,1.069547230902949,-0.16275102925492158
locked,0.1,0.1785950276140716,0.8121867175228851,-0.2166067615810259,0.01001174532352148,0.06941723099184875,-0.01929484038831064,-0.05503420209682908,-0.0450224567733076,0.0007884059767095483,-0.0011266022929338417,-0.022511228386653787,-0.016782448368264393,-0.022511228386653787,0.016782448368264393,0.025061195301769056,0.0443560356900797,0.04105858410742099,1.0803108936740642,-0.16268562522298313
locked,0.1,0.1786207165429696,0.8117606530977001,-0.2165515258670336,0.01003231695447692,0.06955662446121141,-0.019851179395908525,-0.05497826495950049,-0.04494594800502357,0.000829221650672426,-0.0012967483606194214,-0.02247297400251179,-0.0180051961987326,-0.02247297400251179,0.0180051961987326,0.024852722532651444,0.04470390192855997,0.040917621601010146,1.0925342231391169,-0.162611681068241
locked,0.1,0.17865109198733645,0.8112803612204648,-0.21648959564172537,0.01005550719129464,0.06971353879931373,-0.02047745639344123,-0.05491509245070191,-0.044859585259407274,0.0008753568437467768,-0.0014890449853410767,-0.02242979262970364,-0.019294072829116972,-0.02242979262970364,0.019294072829116972,0.02461804120293625,0.04509549759637748,0.04075957135605841,1.1063781118413205,-0.162528350807018
locked,0.1,0.1786870089235446,0.8107405950711214,-0.21642041753751218,0.01008156950099207,0.06988960489752097,-0.021180197536043388,-0.054843951927894645,-0.04476238242690257,0.0009273625243753822,-0.0017057792169692526,-0.022381191213451286,-0.02065054004723151,-0.022381191213451286,0.02065054004723151,0.02435470368073879,0.04553490121678218,0.04058303123942073,1.122018238316102,-0.16243473368497047
locked,0.1,0.17872947830410738,0.8101357426902601,-0.2163434220092635,0.010110775016076552,0.07008655080771216,-0.021966328043562577,-0.05476405206590485,-0.0446532770498283,0.0009858371570769541,-0.001949433477019094,-0.02232663852491415,-0.02207619462803257,-0.02232663852491415,0.02207619462803257,0.02406011138207479,0.04602643942563737,0.040386566540708706,1.1396472482810294,-0.16232986817126063
locked,0.1,0.17877969551291756,0.8094597786808584,-0.21625802285391954,0.010143414874085965,0.0703062128710608,-0.02284322177667575,-0.054674534530774185,-0.04453111965668822,0.0010514339260986353,-0.0022227150865162574,-0.02226555982834411,-0.02357283970227313,-0.02226555982834411,0.02357283970227313,0.023731495547192526,0.046574717323868274,0.04016871322521013,1.1594774535779178,-0.1622127241336505
locked,0.1,0.17883907401166813,0.808706204561216,-0.21616361622886882,0.01017980310667531,0.07055054959846867,-0.023818763692906253,-0.054574463834237606,-0.0443946607275623,0.0011248695728056754,-0.0025285923901073393,-0.02219733036378115,-0.025142555509073367,-0.02219733036378115,0.025142555509073367,0.023365892952781207,0.04718465664568746,0.03992798173267192,1.181744095196217,-0.1620821931629302
locked,0.1,0.17890928512449997,0.8078679776996153,-0.21605957935280298,0.010220280081995749,0.07082165809347749,-0.024901424971653263,-0.05446281529559708,-0.04424253521360133,0.0012069349790078056,-0.002870337993904469,-0.022121267606800672,-0.026787767702369618,-0.022121267606800672,0.026787767702369618,0.02296011656091211,0.047861541532565374,0.0396628624710492,1.2067092123646035,-0.16193707706424976
locked,0.1,0.1789923050806931,0.8069374288208137,-0.21594526911297202,0.010265216501331276,0.07112179273427924,-0.026100350502709868,-0.05433846103538625,-0.04407324453405497,0.001298507651868379,-0.0032515797237149093,-0.02203662226702749,-0.028511312332629084,-0.02203662226702749,0.028511312332629084,0.022510721115784685,0.04861107161849455,0.03937183451364287,1.2346661571395705,-0.16177607455058013
locked,0.1,0.1790904706395102,0.8059061679493446,-0.2158200208210803,0.010315017957116361,0.07145338580582858,-0.027425458597060248,-0.05420015389830616,-0.0438851359411898,0.0014005663132980269,-0.003676360096615399,-0.0219425679705949,-0.030316497557499086,-0.0219425679705949,0.030316497557499086,0.022013963604384165,0.04943942220144441,0.039053379411503254,1.2659447900911216,-0.16159776616084873
locked,0.1,0.1792065448628627,0.8047649783710658,-0.2156831473608707,0.010370130073295335,0.07181906978362738,-0.028887553173019942,-0.054046509154737916,-0.04367637908144258,0.0015142078672691858,-0.004149205379410868,-0.02183818954072129,-0.03220716294324475,-0.02183818954072129,0.03220716294324475,0.02146575830530372,0.05035331147832366,0.03870600253165346,1.3009173819266178,-0.1614005973874034
locked,0.1,0.17934379488709967,0.8035036977939987,-0.21553393896031706,0.010431044268498023,0.07222170099899831,-0.03049844924826839,-0.053875983765979234,-0.04344493949748121,0.0016406671108697543,-0.004675205675539214,-0.02172246974874061,-0.03418773784392298,-0.02172246974874061,0.03418773784392298,0.020861625875364963,0.05136007512363335,0.03832826499882897,1.3400052187387699,-0.16118285994229647
locked,0.1,0.1795060838829592,0.802111085412654,-0.21537166380674472,0.010498304205764725,0.07266438444218866,-0.032271113287451136,-0.05368685292341115,-0.04318854871764643,0.0017813396684566527,-0.005260107933490092,-0.021594274358823218,-0.03626330077878354,-0.021594274358823218,0.03626330077878354,0.02019663557736876,0.0524677488648199,0.03791883025054026,1.3836858499629572,-0.16094267102740253
locked,0.1,0.1796979797920748,0.8005746730569444,-0.21519556970905293,0.010572513018107334,0.07315049946681543,-0.0342198207933293,-0.0534771834901369,-0.04290467047202957,0.0019378087640757686,-0.005910424307989629,-0.02145233523601478,-0.03843964199881948,-0.02145233523601478,0.03843964199881948,0.019465339336743062,0.053685160130072365,0.03747653053837969,1.4325008040723894,-0.16067795040603325
locked,0.1,0.17992488390063913,0.7988805980554037,-0.21500488700064116,0.01065434142619653,0.07368372613133269,-0.03636033448812259,-0.05324480388795128,-0.042590462461754755,0.0021118766086733664,-0.006633558941987324,-0.021295231230877374,-0.04072333158641162,-0.021295231230877374,0.04072333158641162,0.018661695821605047,0.05502203030972764,0.037000460590481246,1.487063388715832,-0.1603863950081676
locked,0.1,0.18019318286918226,0.7970134148698482,-0.21479883287105891,0.01074453689259962,0.0742680718356349,-0.038710107536629734,-0.052987269884398634,-0.042242732991799016,0.002305601371184515,-0.007437956994121635,-0.021121366495899508,-0.04312179551607758,-0.021121366495899508,0.04312179551607758,0.017778982149502583,0.05648908968613232,0.03649010831770018,1.548065826341526,-0.16006545074092435
locked,0.1,0.18051042849764082,0.7949558819607817,-0.21457661731338107,0.01084393398648702,0.07490789776906726,-0.04128851756890162,-0.052701825644777614,-0.0418578916582906,0.0025213409348283015,-0.008333280645236012,-0.02092894582914529,-0.04564340216623871,-0.02092894582914529,0.04564340216623871,0.01680969010008282,0.058098207668984436,0.035945536204644905,1.6162843513648002,-0.15971228112242122
locked,0.1,0.1808855502855574,0.7926887197115173,-0.2143374508764835,0.010953466164016075,0.07560794446230357,-0.04411713884785495,-0.05238535932288823,-0.041431893158872156,0.0027618049230112725,-0.009330617921316894,-0.020715946579436078,-0.04829756184663179,-0.020715946579436078,0.04829756184663179,0.015745402807224307,0.05986254165507926,0.03536763227976785,1.6925798476287537,-0.15932373231274916
locked,0.1,0.18132910677033362,0.7901903345639261,-0.21408055441451812,0.01107417920323806,0.07637335540694198,-0.04722006190641326,-0.05203435237329121,-0.04096017317005315,0.00303011682741004,-0.010442731523519419,-0.020480086585026567,-0.05109484201834716,-0.020480086585026567,0.05109484201834716,0.014576646750264363,0.06179670865667762,0.03475845681152201,1.7778898813537878,-0.1588962940832812
locked,0.1,0.18185358271794458,0.7874365037912215,-0.21380517102714416,0.011207246568847584,0.07720969724243579,-0.05062427249586232,-0.05164482167936333,-0.040437575110515746,0.0033298885019593097,-0.011684356527018637,-0.020218787555257876,-0.05404710104857297,-0.020218787555257876,0.05404710104857297,0.013292712373286733,0.06391698486914905,0.034121720692373805,1.8732052068943428,-0.15842605624954292
locked,0.1,0.18238945926503777,0.7848006315538498,-0.21354891784669766,0.011334626034705171,0.0780030168638388,-0.053868227968915106,-0.05126950199685311,-0.03993487596214794,0.0036207636625644984,-0.012888260332145853,-0.019967437981073966,-0.056763237073271834,-0.019967437981073966,0.056763237073271834,0.012067394447461847,0.06593562241637696,0.033547596343084976,1.9654350714747404,-0.15797685548777232
locked,0.1,0.182925335812131,0.7823099818324742,-0.213313113761078,0.01145499836845952,0.07874615913668696,-0.05692155647663677,-0.05091273434623706,-0.03945773597777754,0.0038991486557471955,-0.014039681694496781,-0.019728867988888767,-0.05924458138618413,-0.019728867988888767,0.05924458138618413,0.010912301330025097,0.06783385780666187,0.03303803628108405,2.053204894792739,-0.1575532138899991
locked,0.1,0.1834612123592242,0.7799396852529782,-0.21309420447442085,0.011569563861192123,0.07944755296613368,-0.059817487611636966,-0.05057136795293662,-0.039001804091744495,0.00416726434424723,-0.015147916654578103,-0.01950090204587225,-0.06153843647383742,-0.01950090204587225,0.06153843647383742,0.009815032677248356,0.06963252028888532,0.032583872055627496,2.1370241133407357,-0.1571507803905633
locked,0.1,0.1839970889063174,0.7776712518191025,-0.2128895502746732,0.011679214897866564,0.08011347227277783,-0.06258070795997273,-0.0502430592612001,-0.03856384436333354,0.004426758325724281,-0.01621986321081771,-0.01928192218166677,-0.06367861338553493,-0.01928192218166677,0.06367861338553493,0.008766382156402554,0.07134709011637527,0.03217827629581403,2.2172440021486355,-0.15676631904874958
locked,0.1,0.1845329654534106,0.7754904916469105,-0.21269712752663206,0.011784636316634274,0.08074873740974675,-0.065230148381074,-0.04992600897314338,-0.038141372656509104,0.004678892264332645,-0.017260804749207877,-0.01907068632825455,-0.06569019095193718,-0.01907068632825455,0.06569019095193718,0.007759294514336379,0.07298944289541037,0.03181599577068742,2.2941115350114765,-0.15639734572852237
locked,0.1,0.18506884200050383,0.7733862334328967,-0.2125153447795703,0.011886367263780711,0.08135714768019552,-0.06778070130987612,-0.049618799945581,-0.03773243268180029,0.004924657246993572,-0.018274892511887696,-0.01886621634090014,-0.06759233039311434,-0.01886621634090014,0.06759233039311434,0.006788223185159696,0.07456892449503583,0.0314928781214805,2.367802784089595,-0.15604190414041075
locked,0.1,0.18560471854759703,0.7713494957247521,-0.21234292390665754,0.01198484119326603,0.08194176116712286,-0.07024433089585425,-0.049320292343235005,-0.03733545114996897,0.005164848314273312,-0.01926545734452153,-0.018667725574984494,-0.06940003124012539,-0.018667725574984494,0.06940003124012539,0.005848715135634307,0.07609304603148856,0.031205565500722045,2.4384447072342876,-0.15569842099517667
locked,0.1,0.18614059509469025,0.7693729295806278,-0.21217882020662776,0.012080412767232608,0.08250508301527847,-0.07263081933752258,-0.04902955311368906,-0.03694914034645645,0.005400114539503674,-0.02023521918567256,-0.01847457017322823,-0.0711252753697175,-0.01847457017322823,0.0711252753697175,0.004937131838877944,0.07756795117640053,0.030951288394609925,2.5061299609714713,-0.15536560857826137
locked,0.1,0.18667647164178344,0.7674504313114965,-0.21202216691446346,0.012173376547198196,0.08304919631735057,-0.0749482852779364,-0.04874580697538275,-0.03657243042818455,0.00563099379428776,-0.02118643250972664,-0.01828621521409228,-0.0727777996880344,-0.01828621521409228,0.0727777996880344,0.004050455519707084,0.07899874079764349,0.03072772233963331,2.5709273184803916,-0.15504239704658668
locked,0.1,0.18721234818887666,0.7655768658717118,-0.21187223558550386,0.012263980344674234,0.08357585564731991,-0.07720355395417211,-0.04846840140301122,-0.03620442105833699,0.005857937558589654,-0.022120990130189262,-0.018102210529168494,-0.07436563408286996,-0.018102210529168494,0.07436563408286996,0.0031861508465739,0.080389704800746,0.03053288563833712,2.632889198648444,-0.15472788606333632
locked,0.1,0.18774822473596986,0.7637478645514083,-0.211728407134801,0.01235243498552921,0.08408655550158238,-0.07940242782462659,-0.04819678101373091,-0.035844346028201704,0.006081329050251954,-0.02304049905881836,-0.017922173014100855,-0.07589548579925283,-0.017922173014100855,0.07589548579925283,0.0023420638384778966,0.08174449166310449,0.030365064672329786,2.6920572225092045,-0.15442130941979826
locked,0.1,0.18828410128306308,0.7619596739438323,-0.2115901502268085,0.01243892159952553,0.0845825814177938,-0.08154988853577139,-0.04793046844169396,-0.03549154684216843,0.006301496747514131,-0.023946337092806688,-0.01774577342108421,-0.07737302031846548,-0.01774577342108421,0.07737302031846548,0.0015163464410112085,0.08306623497678259,0.030222758312509965,2.7484663748377782,-0.1541220086203601
locked,0.1,0.18881997783015628,0.7602090411470984,-0.2114570048574138,0.01252359716098653,0.08506504884808068,-0.08365025038175389,-0.04766904979833924,-0.035145452637352706,0.006518724658156671,-0.02483969579154228,-0.017572726318676346,-0.07880307067548552,-0.017572726318676346,0.07880307067548552,0.0007073992331633958,0.08435764961491729,0.030104635866716405,2.802148147162373,-0.1538294128021437
locked,0.1,0.1893558543772495,0.7584931251111385,-0.21132856968109437,0.012606598767543194,0.08553493319308007,-0.08570727877283402,-0.04741216344204635,-0.03480556467450316,0.006733260242779991,-0.02572161363880894,-0.017402782337251586,-0.08018979616947677,-0.017402782337251586,0.08018979616947677,-8.61727898769718e-05,0.08562110598295705,0.030009504828346113,2.853132914811771,-0.1535430232258914
locked,0.1,0.1898917309243427,0.756809427201497,-0.2112044920898272,0.012688046991395243,0.08599309333675764,-0.08772428299207391,-0.04715949118052311,-0.03447144418912786,0.006945320615048786,-0.026593001995710987,-0.01723572209456393,-0.0815368045665744,-0.01723572209456393,0.0815368045665744,-0.0008655948276581338,0.08685868816441578,0.0299362858537173,2.901451722797142,-0.1532624011271121
locked,0.1,0.19042760747143592,0.7551557361219943,-0.21108446034727718,0.012768048537532032,0.08644029032320738,-0.08970418974536187,-0.04691075129120522,-0.03414270275367319,0.007155097455378963,-0.02745466567019017,-0.017071351376836588,-0.08284724749530029,-0.017071351376836588,0.08284724749530029,-0.0016319497110772463,0.08807224003428463,0.029883993158697976,2.9471376052918985,-0.15298715807825483
locked,0.1,0.1909634840185291,0.7535300837262504,-0.21096819728102942,0.012846698376406396,0.08687720234808725,-0.0916496021502281,-0.04666569292051499,-0.033818994544108597,0.007362760949651199,-0.02830731940663035,-0.01690949727205429,-0.08412389584213031,-0.01690949727205429,0.08412389584213031,-0.002386199901070425,0.08926340224915769,0.02985171903655365,2.990226530668267,-0.1527169482552876
locked,0.1,0.19149936056562233,0.7519307091974232,-0.21085545517177137,0.012924081472726159,0.08730443691676877,-0.09356284753721678,-0.04642409154293662,-0.03350001007021046,0.007568462979167987,-0.029151601241967744,-0.01675000503510523,-0.08536920001084661,-0.01675000503510523,0.08536920001084661,-0.0031292053102240022,0.09043364222699277,0.0298386215490561,3.030758042167451,-0.15245146216798683
locked,0.1,0.19203523711271553,0.7503560297373973,-0.21074601157319064,0.013000274200069158,0.08772254079772801,-0.09544601655114238,-0.04618574524462032,-0.03318547104455116,0.007772339728573602,-0.029988083425845666,-0.016592735522275574,-0.08658533857681346,-0.016592735522275574,0.08658533857681346,-0.003861737876707183,0.0915842786744352,0.02984391468717174,3.068775649388994,-0.15219042152892487
locked,0.1,0.19257111365980875,0.7488046163757082,-0.21063966586362956,0.013075345508400242,0.08813200824124108,-0.0973009954114582,-0.0459504716555751,-0.03287512614717486,0.007974513836312999,-0.030817281426059336,-0.01643756307358743,-0.08777425793770537,-0.01643756307358743,0.08777425793770537,-0.004584493585108561,0.09271650182634963,0.029866860471108495,3.1043270154236104,-0.1519335750181459
locked,0.1,0.19310699020690195,0.7472751738460435,-0.21053623637889662,0.013149357895271685,0.08853328781937693,-0.09912949273907823,-0.04571810539723217,-0.03256874750196049,0.008175096181895684,-0.03163966141373628,-0.016284373750980248,-0.08893770490311786,-0.016284373750980248,0.08893770490311786,-0.00529810245985065,0.09383139027922757,0.02990676258471732,3.137463977032955,-0.15168069475952883
locked,0.1,0.19364286675399517,0.745766523724497,-0.2104355580109324,0.013222368219599955,0.08892678816001515,-0.10093306202725527,-0.0454884959433374,-0.032266127723737444,0.008374187382120814,-0.032455646530198716,-0.016133063861868725,-0.09007725369120488,-0.016133063861868725,0.09007725369120488,-0.006003136933620062,0.09492992509363521,0.029962961231051806,3.1682424297654386,-0.15143157336790306
locked,0.1,0.19417874330108836,0.7442775902059301,-0.21033748018311996,0.013294428388118755,0.0893128827860246,-0.10271312059031046,-0.045261505815192234,-0.03196707742707348,0.008571879052070713,-0.03326562216905434,-0.015983538713536742,-0.09119432845448003,-0.015983538713536742,0.09119432845448003,-0.006700118902142928,0.09601300168816754,0.03003482896419546,3.1967221056136097,-0.15118602145783636
locked,0.1,0.19471461984818159,0.7428073880309127,-0.21024186513252305,0.013365585938038483,0.08969191422470237,-0.1044709656418834,-0.045037009049493135,-0.031671423111454655,0.008768254874480423,-0.03406994045601691,-0.015835711555727324,-0.0922902222015107,-0.015835711555727324,0.0922902222015107,-0.0073895257085905205,0.09708143993329288,0.030121767304016767,3.2229662673327595,-0.1509438655288148
locked,0.1,0.19525049639527478,0.7413550121788114,-0.2101485864440941,0.013435884534466447,0.09006419751770224,-0.10620778801645336,-0.04481488989007207,-0.03137900535560562,0.008963391511844264,-0.03486892407026993,-0.015689502677802808,-0.09336611279028108,-0.015689502677802808,0.09336611279028108,-0.008071795249375562,0.0981359927670778,0.030223203979930047,3.2470413405622303,-0.15070494615956304
locked,0.1,0.195786372942368,0.7399196290211635,-0.2100575277931397,0.013505364397349827,0.09043002323509144,-0.10792468394279575,-0.04459504166478916,-0.031089677267439338,0.00915735938858895,-0.035662869521762265,-0.015544838633719672,-0.09442307652497119,-0.015544838633719672,0.09442307652497119,-0.008747330353852154,0.0991773535889436,0.030338590680283464,3.2690165022529305,-0.150469116457994
locked,0.1,0.1963222494894612,0.7385004686902776,-0.2099685818610317,0.013574062669769035,0.09078966007660398,-0.10962266519670949,-0.044377365816527445,-0.030803303146758408,0.009350223365187807,-0.03645204997600013,-0.0154016515733792,-0.09546209977787015,-0.0154016515733792,0.09546209977787015,-0.009416502560052754,0.10020616263665674,0.03046740120791506,3.2889632414931538,-0.15023624072391034
locked,0.1,0.19685812603655442,0.7370968184650414,-0.2098816493958804,0.013642013737138272,0.09114335712722595,-0.11130266789748877,-0.04416177106319752,-0.030519757326059247,0.009542043321893352,-0.037236717700331864,-0.015259878663029622,-0.0964840889736902,-0.015259878663029622,0.0964840889736902,-0.010079655385131413,0.10122301251235735,0.030609129961400267,3.3069549065917565,-0.15000619328980844
locked,0.1,0.19739400258364762,0.735708017013045,-0.20979663839519708,0.013709249505078796,0.09149134582168249,-0.11296556016295323,-0.043948172666362,-0.030238923161283203,0.009732874666433395,-0.038017106191779594,-0.015119461580641608,-0.09748987920776646,-0.015119461580641608,0.09748987920776646,-0.01073710717063537,0.10222845299231786,0.03076329067667579,3.3230662501858346,-0.14977885751162962
locked,0.1,0.19792987913074084,0.734333449357338,-0.20971346339174943,0.013775799642320175,0.09183384166250202,-0.11461214879881787,-0.04373649179178876,-0.029960692149468587,0.009922768777408098,-0.038793432035557164,-0.014980346074734297,-0.09848024171827205,-0.014980346074734297,0.09848024171827205,-0.011389153568157923,0.10322299523065995,0.030929415375974285,3.337372982188429,-0.14955412488641223
locked,0.1,0.19846575567783403,0.7329725424593717,-0.20963204482713296,0.01384169179386332,0.09217104572845707,-0.11624318516715537,-0.043526654948187034,-0.029684963154323715,0.010111773393052737,-0.03956589653473739,-0.01484248157716185,-0.09945589039209465,-0.01484248157716185,0.09945589039209465,-0.012036069719349153,0.10420711544780623,0.031107053480972178,3.3499513385781943,-0.14933189427786456
locked,0.1,0.19900163222492726,0.7316247613284325,-0.2095523085002648,0.01390695176873471,0.09250314600383325,-0.1178593703536136,-0.04331859349275407,-0.02941164172401936,0.01029993295334702,-0.04033468714448601,-0.01470582086200968,-0.10041748745174568,-0.01470582086200968,0.10041748745174568,-0.012678112174890177,0.10518125817872342,0.03129577105517251,3.3608776723633156,-0.14911207123415748
locked,0.1,0.19953750877202045,0.7302896055828214,-0.20947418508013743,0.0139716037059385,0.09283031855390465,-0.11946135973312233,-0.04311224319405629,-0.029140639488117792,0.010487288902126945,-0.04109997873873133,-0.014570319744058898,-0.10136564844503701,-0.014570319744058898,0.10136564844503701,-0.013315520589608838,0.1061458391435135,0.03149515014724979,3.370228071536352,-0.14889456738485313
locked,0.1,0.20007338531911367,0.7289666064003266,-0.2093976096739315,0.014035670221621471,0.09315272856783012,-0.12104976701736536,-0.04290754384432509,-0.028871873622703617,0.010673879954748996,-0.04186193473251061,-0.01443593681135181,-0.10230094663847278,-0.01443593681135181,0.10230094663847278,-0.01394851922476762,0.10710124779259775,0.0317047882125676,3.3780780074772245,-0.14867929990603618
locked,0.1,0.20060926186620687,0.7276553238054406,-0.20932252144299487,0.014099172539986172,0.09347053128682382,-0.12262516785410471,-0.04270443891450301,-0.02860526637451684,0.01085974233598024,-0.0426207080795639,-0.01430263318725842,-0.10322391689860916,-0.01430263318725842,0.10322391689860916,-0.014577318283640443,0.10804784957046426,0.03192429759463318,3.3845020160640362,-0.14846619104444664
locked,0.1,0.2011451384133001,0.7263553442489854,-0.2092488632603726,0.014162130610092532,0.09378387283266941,-0.12418810303745609,-0.0425028752464172,-0.028340744636324668,0.011044909992050994,-0.04337644216166261,-0.014170372318162334,-0.10413505913195448,-0.014170372318162334,0.10413505913195448,-0.015202115102393339,0.10898598793506276,0.03215330505198472,3.389573412713148,-0.14825516769285169
locked,0.1,0.20168101496039328,0.7250662784425164,-0.20917658140452663,0.01422456321036365,0.09409289094936946,-0.12573908137927814,-0.04230280277730672,-0.02807823956694307,0.01122941478021296,-0.04412927158367319,-0.014039119783471533,-0.105034841342853,-0.014039119783471533,0.105034841342853,-0.01582309521495434,0.1099159861643238,0.03239145131909837,3.393364041688249,-0.14804616101006735
locked,0.1,0.2022168915074865,0.7237877594155138,-0.20910562528469048,0.014286488042340123,0.0943977156688113,-0.12727858228429723,-0.042104174292645076,-0.02781768625030495,0.01141328663863801,-0.044879322886231636,-0.013908843125152474,-0.10592370235956591,-0.013908843125152474,0.10592370235956591,-0.01644043330774296,0.11083814897655427,0.03263839069241809,3.3959440592854353,-0.1478391060800264
locked,0.1,0.2027527680545797,0.7225194407679522,-0.2090359471939558,0.014347921815005308,0.0946984699097714,-0.12880705806549342,-0.0419069452037803,-0.027559023388774993,0.011596553739091754,-0.045626715186223965,-0.013779511694387495,-0.10680205427123578,-0.013779511694387495,0.10680205427123578,-0.017054294077861007,0.11175276398763241,0.03289379063470001,3.3973817499082406,-0.1476339416050937
locked,0.1,0.20328864460167292,0.7212609950947918,-0.20896750208675363,0.014408880320813808,0.09499527001824119,-0.13032493603098727,-0.04171107334741651,-0.027302193026602698,0.011779242624458041,-0.046371560753770295,-0.013651096513301349,-0.10767028461206261,-0.013651096513301349,0.10767028461206261,-0.01766483300637304,0.11266010302461424,0.03315733139253106,3.3977433735813785,-0.1474306096295186
locked,0.1,0.20382452114876612,0.7200121125621407,-0.2089002473778484,0.014469378504400424,0.09528822625596611,-0.13183262036940024,-0.04151651880436634,-0.027047140299965917,0.011961378332910865,-0.04711396553323742,-0.013523570149982957,-0.10852875832381645,-0.013523570149982957,0.10852875832381645,-0.018272197056717066,0.11356042331268318,0.033428705623258045,3.3970930431022563,-0.14722905528947908
locked,0.1,0.20436039769585934,0.7187724996176464,-0.20883414276036436,0.014529430524811305,0.09557744324313741,-0.13333049385690365,-0.04132324373536113,-0.026793813210549824,0.012142984510274908,-0.0478540296147378,-0.013396906605274907,-0.10937781952335884,-0.013396906605274907,0.10937781952335884,-0.01887652530688312,0.11445396855002053,0.03370761802863903,3.395492628781331,-0.14702922658666018
locked,0.1,0.20489627424295254,0.7175418778199673,-0.20876915004069024,0.014589049811988601,0.09586302036039633,-0.1348189194061259,-0.04113121223199515,-0.02654216242000655,0.012324083511916025,-0.04859184766173409,-0.01327108121000328,-0.1102177930981814,-0.01327108121000328,0.1102177930981814,-0.01947794952286478,0.11534096988326112,0.033993784993404635,3.3930016885627534,-0.14683107418271413
locked,0.1,0.20543215079004576,0.7163199827741453,-0.20870523298838856,0.014648249118144272,0.09614505211463906,-0.13629824147446035,-0.040940390181131665,-0.02629214106298739,0.0125046964953284,-0.04932750929963758,-0.0131460705314937,-0.11104898614984922,-0.0131460705314937,0.11104898614984922,-0.020076594679910645,0.1162216467945497,0.03428693422759853,3.3896774212317764,-0.14663455121229219
locked,0.1,0.20596802733713895,0.715106563161411,-0.20864235719947993,0.014707040564576852,0.09642362847253187,-0.1377687873470329,-0.040750745141313945,-0.026043704576737093,0.012684843504431513,-0.050061099469645695,-0.013021852288368545,-0.11187168930257299,-0.013021852288368545,0.11187168930257299,-0.020672579437250517,0.1170962079097824,0.034586804412081194,3.385574640393219,-0.14643961311263912
locked,0.1,0.20650390388423218,0.7139013798534213,-0.20858048997168233,0.01476543568441374,0.09669883516514671,-0.13923086830761533,-0.040562246229911614,-0.025796810545497872,0.012864543546455231,-0.050792698751500616,-0.01289840527274894,-0.11268617789185661,-0.01289840527274894,0.11268617789185661,-0.02126601657123431,0.11796485173638102,0.0348931448469639,3.380745766933796,-0.14624621746799712
locked,0.1,0.20703978043132537,0.7127042051020406,-0.20851960019034152,0.014823445461707737,0.09697075396674396,-0.14068478070934276,-0.04037486401987405,-0.02555141855816631,0.013043814662208532,-0.051522383658499524,-0.012775709279083152,-0.11349271304636648,-0.012775709279083152,0.11349271304636648,-0.021857013371299402,0.11882776733804336,0.035205715103080654,3.3752408377481133,-0.14605432386726278
locked,0.1,0.2075756569784186,0.711514821797041,-0.20845965822397178,0.014881080367256166,0.0972394629503084,-0.14213080695532843,-0.04018857044512118,-0.025307490077865015,0.01322267399039111,-0.052250226907523206,-0.012653745038932511,-0.1142915426743414,-0.012653745038932511,0.1142915426743414,-0.022445672002510013,0.1196851349528184,0.03552428467673283,3.369107528608676,-0.1458638937735587
locked,0.1,0.2081115335255118,0.7103330227848075,-0.20840063582842408,0.014938350391475879,0.09750503672219316,-0.14356921639840858,-0.04000333871369496,-0.025064988322219078,0.013401137826569265,-0.05297629766668408,-0.012532494161109539,-0.11508290236464759,-0.012532494161109539,0.11508290236464759,-0.023032089838107714,0.12053712656030087,0.035848632648163535,3.362391189179032,-0.14567489040450998
locked,0.1,0.208647410072605,0.7091586102420914,-0.20834250605883764,0.014995265074621955,0.097767546637907,-0.14500026616790296,-0.03981914322791359,-0.024823878153291637,0.013579221677332488,-0.05370066178276048,-0.012411939076645825,-0.11586701621121566,-0.012411939076645825,0.11586701621121566,-0.023616359764997978,0.12138390640290497,0.03617854734423544,3.355134888306837,-0.14548727862217978
locked,0.1,0.2091832866196982,0.707991395099438,-0.20828524318861172,0.015051833534609163,0.09802706100087859,-0.14642420193055472,-0.0396359595108463,-0.024584125976237138,0.013756940310109681,-0.05442338199042323,-0.012292062988118566,-0.11664409756865457,-0.012292062988118566,0.11664409756865457,-0.024198570464838066,0.12222563146571666,0.03651382600587584,3.3473794678774005,-0.1453010248317225
locked,0.1,0.20971916316679143,0.7068311965095766,-0.20822882263472978,0.015108064492663697,0.09828364524580697,-0.1478412585918948,-0.03945376413850967,-0.024345699645845972,0.013934307799056451,-0.05514451810498006,-0.012172849822922988,-0.11741434974586802,-0.012172849822922988,0.11741434974586802,-0.024778806673043906,0.12306245191885087,0.036854274460833815,3.3391636036583265,-0.14511609688792854
locked,0.1,0.21025503971388462,0.7056778413565655,-0.20817322088883977,0.01516396629700829,0.09853736210803632,-0.14925166094362474,-0.03927253467725098,-0.024108568380242692,0.014111337567383893,-0.05586412720019073,-0.012054284190121344,-0.11817796664373476,-0.012054284190121344,0.11817796664373476,-0.02535714941779421,0.12389451152583053,0.03719970680229179,3.3305238717149694,-0.14493246400892248
locked,0.1,0.21079091626097785,0.7045311638019149,-0.20811841545355472,0.015219546944762855,0.098788271780244,-0.15065562426203838,-0.039092249625838585,-0.02387270268107573,0.014288042426463735,-0.0565822637725559,-0.011936351340537863,-0.11893513334225075,-0.011936351340537863,0.11893513334225075,-0.025933676240897187,0.1247219480211412,0.03754994507385162,3.321494819122729,-0.14475009669635275
locked,0.1,0.21132679280807104,0.7033910048643691,-0.20806438478350373,0.015274814102220811,0.09903643205757748,-0.1520533548618792,-0.03891288836183726,-0.02363807425961645,0.014464434611997683,-0.05729897989328759,-0.011819037129808228,-0.11968602664188453,-0.011819037129808228,0.11968602664188453,-0.026508461402150865,0.12554489345972836,0.037904818961349014,3.3121090378440967,-0.14456896666149072
locked,0.1,0.21186266935516426,0.7022572120303414,-0.2080111082307074,0.015329775123646394,0.09928189847226863,-0.1534450506096282,-0.038734431091886325,-0.02340465596823993,0.014640525817516238,-0.05801432534907328,-0.011702327984119973,-0.12043081556341101,-0.011702327984119973,0.12043081556341101,-0.027081576068679787,0.12636347454094843,0.038264165491914255,3.302397240772199,-0.14438904675671138
locked,0.1,0.21239854590225746,0.701129638892293,-0.20795856599389456,0.015384437068723372,0.0995247244186495,-0.15483090139982236,-0.03855685880553644,-0.02317242173681307,0.014816327225446983,-0.0587283477726392,-0.011586210868406535,-0.12116966181004139,-0.011586210868406535,0.12116966181004139,-0.027653088490586432,0.12717781290923594,0.03862782874064777,3.2923883390682973,-0.14421031091188174
locked,0.1,0.21293442244935068,0.7000081448126764,-0.2079067390714227,0.015438806718770218,0.09976496126938593,-0.15621108959755192,-0.03838015323234221,-0.022941346513571992,0.014991849535957438,-0.05944109276397397,-0.011470673256786001,-0.12190272019521749,-0.011470673256786001,0.12190272019521749,-0.028223064164082996,0.12798802543346893,0.03899565954519563,3.2821095200385555,-0.1440327340752379
locked,0.1,0.21347029899644387,0.6988925946112468,-0.20785560921749147,0.015492890591827577,0.1000026584836798,-0.15758579045005672,-0.03820429680193134,-0.022711406210103764,0.015167102993767714,-0.06015260400303052,-0.011355703105051877,-0.1226301390391352,-0.011355703105051877,0.1226301390391352,-0.02879156598318846,0.12879422446686825,0.03936751522847753,3.2715863249022523,-0.14385629215836687
locked,0.1,0.2140061755435371,0.6977828582737998,-0.20780515890137533,0.015546694956711878,0.1002378637081042,-0.1589551724699919,-0.038029272606803534,-0.022482577650091658,0.015342097413101633,-0.060862923354614136,-0.011241288825045827,-0.12335206053671552,-0.011241288825045827,0.12335206053671552,-0.029358654380943858,0.12959651808904804,0.03974325932974582,3.2608427259022417,-0.143680961984952
locked,0.1,0.2145420520906303,0.696678810680563,-0.2077553712694236,0.015600225846120587,0.10047062287067914,-0.16031939779272075,-0.037855064367633376,-0.02225483852151279,0.01551684220093232,-0.061572090966110674,-0.011127419260756395,-0.1240686210994854,-0.011127419260756395,0.1240686210994854,-0.02992438746102081,0.13039501033169995,0.040122761344110705,3.2499012022969747,-0.14350672124297034
locked,0.1,0.21507792863772351,0.6955803313526482,-0.2077062301096031,0.015653489068865843,0.10070098026873323,-0.16167862250973364,-0.03768165640087482,-0.022028167332008977,0.015691346378660802,-0.06228014535863622,-0.011014083666004487,-0.12477995167357236,-0.011014083666004487,0.12477995167357236,-0.030488821120500206,0.13118980138923342,0.04050589647060609,3.2387828148534847,-0.14333354844006377
locked,0.1,0.2156138051848167,0.6944873042151153,-0.20765771981837866,0.015706490221306553,0.10092897865104734,-0.16303299698013063,-0.03750903358848301,-0.021802543367176457,0.0158656186023557,-0.0629871235121452,-0.010901271683588223,-0.12548617803581516,-0.010901271683588223,0.12548617803581516,-0.031052009164541643,0.13198098781558898,0.040892545368836464,3.2275072785312484,-0.14316142286182842
locked,0.1,0.21614968173190993,0.6933996173753428,-0.20760982536974723,0.015759234698041986,0.1011546592947283,-0.16438266612187957,-0.037337181349586634,-0.02157794665154465,0.016039667181666314,-0.06369306094496835,-0.010788973325772324,-0.1261874210697805,-0.010788973325772324,0.1261874210697805,-0.031614003413575634,0.13276866270830395,0.04128259392418662,3.2160930331104396,-0.14299032453279387
locked,0.1,0.21668555827900313,0.6923171629155086,-0.20756253228625549,0.015811727701924325,0.10137806207722246,-0.16572776968445158,-0.03716608561395985,-0.021354357912035524,0.016213500097515612,-0.06439799178822714,-0.010677178956017754,-0.12688379702332675,-0.010677178956017754,0.12688379702332675,-0.03217485380361456,0.133552915880837,0.041675933021555006,3.204557311572671,-0.14282023417988196
locked,0.1,0.21722143482609635,0.6912398366981064,-0.20751582661185106,0.015863974253442326,0.10159922554383713,-0.1670684425042389,-0.03699573279715554,-0.021131758543713214,0.016387125018664444,-0.06510194885550798,-0.010565879271856609,-0.1275754177491769,-0.010565879271856609,0.1275754177491769,-0.03273460848020089,0.13433383402403803,0.042072458327518686,3.1929162060913656,-0.14265113319815687
locked,0.1,0.21775731137318954,0.6901675381834982,-0.20746969488642444,0.015915979199524158,0.1018181869711136,-0.16840481474410052,-0.03682610977717411,-0.020910130577649955,0.01656054931723767,-0.06580496370817632,-0.01045506528882498,-0.12826239092985944,-0.01045506528882498,0.12826239092985944,-0.03329331388649346,0.13511150085760706,0.042472070080831564,3.1811847315298483,-0.14248300361869085
locked,0.1,0.21829318792028277,0.6891001702586235,-0.20742412412191844,0.01596774722180185,0.10203498242635282,-0.16973701211817704,-0.036657203872554535,-0.020689456650752686,0.01673378008328483,-0.06650706671663595,-0.010344728325376341,-0.1289448202882108,-0.010344728325376341,0.1289448202882108,-0.03385101484591211,0.13588599727226494,0.04287467289110218,3.1693768863823912,-0.14231582807839077
locked,0.1,0.21882906446737596,0.6880376390760312,-0.20737910177988741,0.016019282844377748,0.1022496468235809,-0.17106515610309447,-0.03648900282178256,-0.02046971997740481,0.01690682413845071,-0.06720828711784947,-0.010234859988702409,-0.12962280578456237,-0.010234859988702409,0.12962280578456237,-0.03440775463975679,0.13665740146333769,0.043280175545502106,3.157505711123203,-0.14214958979164014
locked,0.1,0.21936494101446918,0.6869798539024833,-0.20733461575040008,0.016070590441129004,0.10246221397621068,-0.17238936413654826,-0.036321494763919826,-0.020250904322790822,0.017079688048821342,-0.06790865306939455,-0.010125452161395408,-0.13029644380161967,-0.010125452161395408,0.13029644380161967,-0.03496357508016879,0.13742578905637948,0.04368849082332639,3.1455833439548426,-0.14198427252362336
locked,0.1,0.21990081756156238,0.6859267269764526,-0.20729065433219038,0.01612167424258297,0.10267271664663392,-0.17370974980415632,-0.03615466822036779,-0.020032993977784817,0.017252378137002377,-0.06860819170029554,-0.010016496988892409,-0.1309658273179454,-0.010016496988892409,0.1309658273179454,-0.0355185165787612,0.13819123322539512,0.044099535318205575,3.1336210739695876,-0.1418198605652146
locked,0.1,0.2204366941086556,0.6848781733738748,-0.20724720621396622,0.016172538342394238,0.10288118659296251,-0.17502642301544014,-0.035988512077685046,-0.019815973735290808,0.017424900493488212,-0.06930692915887511,-0.009907986867645407,-0.13163104607089762,-0.009907986867645407,0.13163104607089762,-0.03607261821123881,0.13895380480420133,0.04451322926777287,3.121629391754835,-0.1416563387093178
locked,0.1,0.2209725706557488,0.6838341108815943,-0.20720426045679788,0.016223186703450552,0.10308765461311241,-0.17633949016965766,-0.035823015571386375,-0.019599828867935824,0.017597260987366775,-0.07000489065781473,-0.009799914433967912,-0.13229218670977394,-0.009799914433967912,0.13229218670977394,-0.03662591777827263,0.13971357239138504,0.04492949639055725,3.1096180374892515,-0.14149369222856004
locked,0.1,0.22150844720284202,0.6827944598779448,-0.20716180647750523,0.016273623163634277,0.10329215058642105,-0.17764905431225098,-0.035658168270652685,-0.019384545107018408,0.017769465276414258,-0.070702100516651,-0.009692272553509202,-0.13294933293989386,-0.009692272553509202,0.13294933293989386,-0.03717845186291496,0.140470602449336,0.04534826372990101,3.0975960465872205,-0.14133190685423982
locked,0.1,0.2220443237499352,0.6817591432200168,-0.2071198340329836,0.016323851441261483,0.10349470351295456,-0.17895521528247338,-0.03549396006389455,-0.019170108622633065,0.017941518816611456,-0.07139858220184227,-0.00958505431131653,-0.13360256565822592,-0.00958505431131653,0.13360256565822592,-0.03773025588475941,0.14122495939771396,0.045769461504647314,3.085571792960123,-0.14117096875645171
locked,0.1,0.22258020029702844,0.680728086137119,-0.20707833320539595,0.01637387514022185,0.10369534155067109,-0.18025806985287463,-0.03533038114510649,-0.01895650600488464,0.01811342687113213,-0.0720943583646153,-0.009478253002442325,-0.13425196308119233,-0.009478253002442325,0.13425196308119233,-0.03828136415110177,0.14197670570177284,0.046193022966396,3.0735530299685414,-0.1410108645253005
locked,0.1,0.22311607684412163,0.6797012161300587,-0.20703729438818094,0.016423697754838033,0.10389409205057236,-0.18155771186111502,-0.03516742200096451,-0.018743724246126477,0.018285194518829293,-0.07278945087670234,-0.00937186212306324,-0.13489760086515842,-0.00937186212306324,0.13489760086515842,-0.03883180990527133,0.1427259019558437,0.04661888426307003,3.061546929146619,-0.14085158115313956
locked,0.1,0.22365195339121485,0.6786784628758356,-0.20699670827281821,0.01647332267446374,0.10409098158998134,-0.18285423233466624,-0.03500507339861471,-0.018531750724150968,0.018456826662259253,-0.07348388086413495,-0.009265875362075482,-0.13553955222013142,-0.009265875362075482,0.13553955222013142,-0.03938162537234245,0.14347260696232378,0.04704698430857935,3.049560116782247,-0.14069310601776125
locked,0.1,0.22418782993830805,0.6776597581374108,-0.20695656583630412,0.016522753187836935,0.10428603600406293,-0.18414771960882426,-0.03484332637411046,-0.018320573186273524,0.01862832803526926,-0.07417766873920344,-0.009160286593136766,-0.13617788801711112,-0.009160286593136766,0.13617788801711112,-0.039930841802380664,0.1442168778064436,0.047477264658337556,3.037598708440282,-0.14053542686648102
locked,0.1,0.22472370648540127,0.6766450356782124,-0.2069168583292902,0.016571992487204493,0.10447928041570376,-0.18543825943850234,-0.034682172221454324,-0.01811017973424983,0.01879970321018144,-0.07487083423071893,-0.00905508986712491,-0.13681267688953289,-0.00905508986712491,0.13681267688953289,-0.04047948951139929,0.14495876992710305,0.047909669390417076,3.0256683415164165,-0.14037853180105456
locked,0.1,0.22525958303249446,0.6756342311810878,-0.20687757726484296,0.01662104367223233,0.10467073926385198,-0.1867259351041728,-0.034521602482208556,-0.017900558809976225,0.018970956604595583,-0.07556339641267291,-0.008950279404988113,-0.13744398532918142,-0.008950279404988113,0.13744398532918142,-0.041027597920160405,0.14569833718401237,0.048344144992107756,3.0137742059105155,-0.14022240926337817
locked,0.1,0.2257954595795877,0.6746272821714212,-0.2068387144077867,0.01666990975371451,0.10486043633041292,-0.18801082751233023,-0.03436160893563743,-0.01769169918192292,0.01914209248783545,-0.07625537373139814,-0.008845849590961458,-0.13807187777693736,-0.008845849590961458,0.13807187777693736,-0.04157519559095865,0.14643563192137157,0.04878064025166016,3.001921072907359,-0.1400670480219221
locked,0.1,0.22633133612668088,0.6736241279441564,-0.20680026176459146,0.016718593657093984,0.10504839476579124,-0.18929301529082798,-0.03420218358934887,-0.01748358993225489,0.019313114987062206,-0.07694678403132958,-0.008741794966127443,-0.13869641670869653,-0.008741794966127443,0.13869641670869653,-0.04212231026251837,0.14717070502830962,0.04921910615500167,2.9901133223516303,-0.13991243715885127
locked,0.1,0.2268672126737741,0.6726247094944862,-0.20676221157377353,0.016767098225806402,0.10523463711316101,-0.19057257487939017,-0.03404331867040466,-0.017276220444598256,0.01948402809307422,-0.07763764457944652,-0.00863811022229913,-0.13931766271676266,-0.00863811022229913,0.13931766271676266,-0.042668968883114576,0.14790360599627558,0.04965949578720964,2.9783549682026735,-0.13975856605779188
locked,0.1,0.2274030892208673,0.6716289694519769,-0.20672455629677527,0.016815426224458068,0.10541918533154353,-0.19184958061562207,-0.03388500661686998,-0.017069580392411913,0.019654835665815912,-0.07832797208849063,-0.008534790196205956,-0.13993567458701395,-0.008534790196205956,0.13993567458701395,-0.04321519764203927,0.1486343829735828,0.05010176423854774,2.966649682552,-0.13960542439220275
locked,0.1,0.22793896576796052,0.6706368520179479,-0.20668728860929994,0.01686358034184712,0.10560206081775639,-0.19312410481673326,-0.03372724006977874,-0.016863659727931617,0.019825541439605947,-0.07901778273900432,-0.008431829863965809,-0.14055050937207972,-0.008431829863965809,0.14055050937207972,-0.043761021999488434,0.1493630828172448,0.050545868514845556,2.955000818185094,-0.13945300211431966
locked,0.1,0.22847484231505372,0.6696483029058824,-0.206650401393069,0.016911563193838124,0.10578328442730936,-0.1943962178572879,-0.0335700118654869,-0.016658448671648778,0.01999614902810961,-0.07970709220029248,-0.008329224335824389,-0.14116222246080257,-0.008329224335824389,0.14116222246080257,-0.044306466714989265,0.1500897511422986,0.05099176745205071,2.9434114297652676,-0.13930128944463407
locked,0.1,0.22901071886214694,0.6686632692847039,-0.20661388772797923,0.0169593773260986,0.10596287649430439,-0.19566598824319703,-0.033413315028392086,-0.016453937702293486,0.0201666619290676,-0.08039591565035945,-0.008226968851146741,-0.14177086764420205,-0.008226968851146741,0.14177086764420205,-0.04485155587444632,0.1508144323687507,0.05143942163476006,2.931884293715274,-0.13915027686187598
locked,0.1,0.22954659540924013,0.6676816997247633,-0.2065777408846384,0.017007025216704805,0.10614085685039489,-0.19693348268214306,-0.033257142763999784,-0.016250117547294978,0.020337083528792165,-0.08108426779486776,-0.008125058773647487,-0.14237649717814013,-0.008125058773647487,0.14237649717814013,-0.045396312915874086,0.15153716976626896,0.0518887933185392,2.9204219268696443,-0.13899995509347468
locked,0.1,0.23008247195633336,0.6667035441463579,-0.20654195431725308,0.017054509278625174,0.10631724484286402,-0.19819876615069598,-0.033101488452313824,-0.01604697917368865,0.020507417106450803,-0.08177216288520242,-0.008023489586844325,-0.14297916184290843,-0.008023489586844325,0.14297916184290843,-0.04594076065391598,0.15225800549678,0.0523398463558777,2.909026603966743,-0.13885031510646562
locked,0.1,0.23061834850342655,0.6657287537706627,-0.2065065216568534,0.01710183186208753,0.10649205935186473,-0.19946190195825286,-0.03294634564153501,-0.015844513779447476,0.02067766583814234,-0.08245961473566227,-0.007922256889723736,-0.14357891099989428,-0.007922256889723736,0.14357891099989428,-0.046484921303194066,0.1529769806550588,0.052792546125591186,2.8977003740477523,-0.13870134809882165
locked,0.1,0.23115422505051977,0.6647572810729105,-0.20647143670483048,0.01714899525683771,0.10666531880687669,-0.20072295180803978,-0.032791708042047854,-0.015642712785210143,0.02084783280078522,-0.08314663673986031,-0.007821356392605072,-0.14417579264552383,-0.007821356392605072,0.14417579264552383,-0.04702881650058155,0.15369413530745824,0.053246859465532814,2.886445075825474,-0.13855304549118155
locked,0.1,0.23169010159761297,0.6637890797377252,-0.20643669342677398,0.01719600169429435,0.106837041202415,-0.2019819758552852,-0.03263756952068281,-0.015441567826388457,0.021017920975820985,-0.08383324188634698,-0.007720783913194227,-0.14476985346261406,-0.007720783913194227,0.14476985346261406,-0.04757246732643511,0.1544095085288501,0.053702754608439644,2.875262352083964,-0.13840539891895703
locked,0.1,0.2322259781447062,0.6628241046164681,-0.20640228594659016,0.017242853349606548,0.10700724411303754,-0.20323903276275335,-0.0324839240952359,-0.015241070745629352,0.021187933252747683,-0.08451944277351746,-0.007620535372814676,-0.14536113886929805,-0.007620535372814676,0.14536113886929805,-0.048115894324857904,0.15512313843789544,0.054160201120777934,2.864153663166222,-0.13825840022479519
locked,0.1,0.23276185469179939,0.6618623116864945,-0.2063682085408851,0.01728955234361932,0.1071759447076873,-0.20449417975378104,-0.032330765929233264,-0.015041213585613944,0.021357872432492323,-0.08520525162384124,-0.007520606792806972,-0.14594969306565983,-0.007520606792806972,0.14594969306565983,-0.048659117523046864,0.15583506223073418,0.054619169844446404,2.8531202996044667,-0.13811204145137698
locked,0.1,0.23329773123889258,0.6609036580122155,-0.20633445563359987,0.017336100744751993,0.10734315976340543,-0.20574747266294546,-0.032178089326926534,-0.014841988582174542,0.02152774123063023,-0.08589068029744752,-0.007420994291087269,-0.14653555907820415,-0.007420994291087269,0.14653555907820415,-0.04920215644977002,0.15654531621317544,0.055079632841198406,2.8421633939448276,-0.13796631483453484
locked,0.1,0.2338336077859858,0.6599481017078733,-0.20630102179088303,0.01738250057079389,0.10750890567844781,-0.2069989659844893,-0.03202588872850779,-0.014643388157713901,0.021697542280459222,-0.08657574030509942,-0.007321694078856949,-0.14711877880228225,-0.007321694078856949,0.14711877880228225,-0.049745030153020744,0.15725393583146857,0.05554156333965385,2.8312839318153884,-0.13782121279667137
locked,0.1,0.23436948433307903,0.6589956019019325,-0.20626790171618908,0.017428753790622198,0.10767319848483779,-0.20824871291862967,-0.03187415870553124,-0.01444540491490904,0.021867278135937696,-0.0872604428205951,-0.007222702457454519,-0.14769939304258758,-0.007222702457454519,0.14769939304258758,-0.05028775721689594,0.15796095570173374,0.0560049356847797,2.8204827622837954,-0.13767672794046373
locked,0.1,0.23490536088017222,0.6580461187030039,-0.20623509024558848,0.01747486232584562,0.10783605386038453,-0.20949676541586248,-0.031722893956531516,-0.014248031630685897,0.022036951274493503,-0.08794479869262499,-0.007124015815342948,-0.1482774415518296,-0.007124015815342948,0.1482774415518296,-0.05083035577773898,0.1586664096381235,0.0564697252897211,2.809760607548143,-0.1375328530428378
locked,0.1,0.23544123742726542,0.657099613167227,-0.20620258234328137,0.017520828052377924,0.10799748714019268,-0.21074317421935662,-0.03157208930282852,-0.014051261250450593,0.022206564099709176,-0.08862881845610829,-0.0070256306252252975,-0.14885296306767654,-0.0070256306252252975,0.14885296306767654,-0.05137284353958197,0.15937033067977466,0.056935908589866656,2.799118072002439,-0.1373895810491997
locked,0.1,0.23597711397435864,0.6561560472670233,-0.2061703730973011,0.017566652801945196,0.1081575133276931,-0.21198798890555726,-0.03142173968450809,-0.013855086882562897,0.02237611894389282,-0.0893125123430479,-0.00692754344128145,-0.1494259953480718,-0.00692754344128145,0.1494259953480718,-0.051915237788932075,0.16007275111662517,0.05740346299904788,2.788555650715362,-0.13724690506790926
locked,0.1,0.23651299052145186,0.6552153838611705,-0.20613845771540149,0.01761233836352942,0.1083161471052134,-0.2132312579230562,-0.031271840156571674,-0.013659501793042254,0.022545618070535706,-0.08999589029290869,-0.006829750896521131,-0.14999657520499315,-0.006829750896521131,0.14999657520499315,-0.0524575554089214,0.1607737025141348,0.05787236686775768,2.7780737373592084,-0.13710481836498584
locked,0.1,0.23704886706854505,0.6542775866661026,-0.2061068315211138,0.01765788648475292,0.10847340284411915,-0.21447302862986795,-0.031122385885243492,-0.013464499400490573,0.022715063676669662,-0.09067896196257284,-0.006732249700245286,-0.15056473853676103,-0.006732249700245286,0.15056473853676103,-0.0529998128928744,0.16147321573699355,0.05834259944330947,2.7676726316230456,-0.13696331435903136
locked,0.1,0.23758474361563825,0.653342620228402,-0.20607548994996963,0.017703298873205296,0.10862929461453925,-0.21571334732914071,-0.030973372144430134,-0.013270073271224838,0.022884457895121803,-0.09136173673586354,-0.006635036635612422,-0.1511305203589463,-0.006635036635612422,0.1511305203589463,-0.05354202635730073,0.16217132097183998,0.058814140831824305,2.7573525461429362,-0.13682238661636284
locked,0.1,0.23812062016273147,0.652410449898414,-0.2060444285458791,0.017748577197716168,0.1087838361946996,-0.216952259303399,-0.030824794312324016,-0.013076217114607849,0.023053802796674943,-0.0920442237326714,-0.006538108557303926,-0.15169395483396117,-0.006538108557303926,0.15169395483396117,-0.054084211554349705,0.1628680477490493,0.05928697196196438,2.7471136129795513,-0.13668202884634306
locked,0.1,0.2386564967098247,0.651481041804912,-0.20601364295765448,0.017793723089577263,0.10893704107988787,-0.218189808847425,-0.030676647868141928,-0.012882924778564665,0.02322310039214263,-0.09272643181772036,-0.00644146238928233,-0.15225507529941354,-0.00644146238928233,0.15225507529941354,-0.054626383883768566,0.16356342496365645,0.05976107455034236,2.736955889671489,-0.1365422348968971
locked,0.1,0.2391923732569179,0.6505543628307952,-0.2059831289356777,0.017838738143714686,0.10908892249105849,-0.2194260392997761,-0.030528928388995506,-0.01269019024528082,0.023392352634353724,-0.09340836960895348,-0.006345095122640414,-0.15281391429525773,-0.006345095122640414,0.15281391429525773,-0.05516855840435881,0.1642574808954173,0.06023643106849884,2.726879364891808,-0.1364029987502105
locked,0.1,0.23972824980401108,0.6496303805897403,-0.20595288232869927,0.017883623919815198,0.1092394933831036,-0.22066099307306664,-0.030381631546884218,-0.01249800762706902,0.02356156142005946,-0.09409004548559156,-0.006249003813534514,-0.15337050358982948,-0.006249003813534514,0.15337050358982948,-0.05571074984498152,0.1649502432280851,0.060713024711395724,2.7168839637324846,-0.13626431451859594
locked,0.1,0.2402641263511043,0.6487090634037667,-0.20592289908076386,0.01792838194340832,0.10938876645280317,-0.22189471168305985,-0.030234753105805742,-0.012306371162397422,0.023730728591764796,-0.0947714675958725,-0.006153185581198709,-0.15392487420481502,-0.006153185581198709,0.15392487420481502,-0.05625297261512834,0.1656417390679315,0.06119083936734801,2.7069695526405777,-0.13612617644052155
locked,0.1,0.24080000289819753,0.6477903802816967,-0.20589317522826053,0.017973013706905423,0.10953675414646381,-0.2231272357765749,-0.030088288918980674,-0.012115275212075251,0.023899855939480574,-0.09545264386445797,-0.006057637606037627,-0.15447705643918289,-0.006057637606037627,0.15447705643918289,-0.05679524081505554,0.16633199496151935,0.06166985958930345,2.6971359440287976,-0.1359885788767966
locked,0.1,0.24133587944529072,0.6468743008984228,-0.20586370689708325,0.0180175206705997,0.10968346866727269,-0.2243586051583636,-0.029942234926181255,-0.011924714255581555,0.024068945202413955,-0.09613358199957855,-0.005962357127790778,-0.15502707989217446,-0.005962357127790778,0.15502707989217446,-0.05733756824554545,0.16702103691281814,0.062150070567444426,2.687382900580445,-0.1358515163069001
locked,0.1,0.24187175599238392,0.6459607955749898,-0.20583449029990572,0.018061904263626985,0.10982892198236731,-0.22558885881690582,-0.029796587151164178,-0.011734682887537193,0.024237998070586072,-0.09681428949987322,-0.005867341443768597,-0.1555749734853531,-0.005867341443768597,0.1555749734853531,-0.05787996841726926,0.16770889039963657,0.0626314581030092,2.677710139269116,-0.13571498332545298
locked,0.1,0.24240763253947714,0.6450498352594238,-0.2058055217335582,0.0181061658848904,0.10997312582964297,-0.22681803494924113,-0.02965134169919982,-0.01154517581430942,0.024407016186389966,-0.09749477366097654,-0.005772587907154711,-0.15612076548378867,-0.005772587907154711,0.15612076548378867,-0.05842245455979908,0.16839558038944205,0.06311400858330025,2.668117335110908,-0.1355789746388224
locked,0.1,0.24294350908657036,0.6441413915082889,-0.20577679757650594,0.01815030690395007,0.11011609172430542,-0.22804617098484692,-0.029506494754694107,-0.011356187850744038,0.024576001146086553,-0.09817504158184483,-0.00567809392537202,-0.15666448351640264,-0.00567809392537202,0.15666448351640264,-0.05896503963027075,0.16908113135457617,0.06359770895780946,2.658604124666568,-0.13544348506185427
locked,0.1,0.24347938563366356,0.6432354364689261,-0.205748314286421,0.01819432866187967,0.11025783096518316,-0.22927330360863196,-0.029362042578898892,-0.011167713917019224,0.024744954501245076,-0.09885510017084792,-0.005583856958509609,-0.1572061545955246,-0.005583856958509609,0.1572061545955246,-0.0595077363217244,0.16976556728690756,0.06408254671541672,2.6491701093094364,-0.13530850951472664
locked,0.1,0.24401526218075675,0.6423319428623658,-0.20572006839784818,0.018238232472090804,0.11039835464080525,-0.23049946878304362,-0.0292179815077077,-0.010979749035616895,0.024913877760124836,-0.09953495615161422,-0.0054898745178084555,-0.15774580513567885,-0.0054898745178084555,0.15774580513567885,-0.060050557071119184,0.17044891171192444,0.0645685098625936,2.639814858274597,-0.13517404301992156
locked,0.1,0.24455113872784998,0.6414308839668537,-0.20569205651995454,0.01828201962112752,0.11053767363526214,-0.2317247017693842,-0.029074307949531274,-0.010792288328403753,0.025082772389008613,-0.10021461606867105,-0.005396144164201872,-0.15828346097166232,-0.005396144164201872,0.15828346097166232,-0.06059351406706103,0.17113118770232316,0.06505558690258668,2.6305379115028598,-0.13504008069930565
locked,0.1,0.2450870152749432,0.6405322336019811,-0.20566427533436324,0.018325691369431747,0.11067579863385435,-0.2329490371483396,-0.02893101838325004,-0.010605327013818291,0.025251639813485088,-0.10089408629287033,-0.005302663506909146,-0.15881914737593067,-0.005302663506909146,0.15881914737593067,-0.06113661925724262,0.17181241789109697,0.0655437668155207,2.621338782293055,-0.13490661777131738
locked,0.1,0.2456228918220364,0.6396359661133978,-0.20563672159306756,0.018369248952080718,0.11081274012853758,-0.23417250883974294,-0.02878810935624162,-0.010418860404160901,0.025420481419681583,-0.10157337302660494,-0.0052094302020804515,-0.15935288907531994,-0.0052094302020804515,0.15935288907531994,-0.061679884355602684,0.17249262448414027,0.06603303903937327,2.6122169597750715,-0.13477364954825724
locked,0.1,0.2461587683691296,0.6387420563580664,-0.20560939211641924,0.018412693579498148,0.11094850842317684,-0.2353951501216398,-0.02864557748247805,-0.0102328839029799,0.025589298555453093,-0.10225248230884051,-0.0051164419514899495,-0.15988471026714884,-0.0051164419514899495,0.15988471026714884,-0.06222332084923148,0.17317182927240832,0.06652339345179267,2.6031719112149663,-0.13464117143367343
locked,0.1,0.2466946449162228,0.637850479690043,-0.2055822837911901,0.01845602643814009,0.11108311363861514,-0.2366169936486635,-0.028503419440690222,-0.010047393002550132,0.02575809253152719,-0.10293142001996107,-0.005023696501275068,-0.1604146346347186,-0.005023696501275068,0.1604146346347186,-0.06276694000502418,0.1738500536436393,0.06701482035271007,2.594203084163141,-0.13450917891984088
locked,0.1,0.24723052146331603,0.636961211946762,-0.2055553935687025,0.01849924869115647,0.11121656571756575,-0.23783807146976188,-0.02836163197259753,-0.009862383281441057,0.02592686462260774,-0.10361019188644091,-0.004931191640720525,-0.16094268536224385,-0.004931191640720525,0.16094268536224385,-0.06331075287609807,0.17452731859366383,0.0675073104477138,2.585309908455616,-0.13437766758532904
locked,0.1,0.24776639801040923,0.6360742294358043,-0.205528718463027,0.018542361479029264,0.1113488744293339,-0.23905841504528402,-0.028220211881199185,-0.00967785040216992,0.026095616068436925,-0.10428880348534092,-0.004838925201084961,-0.16146888514923,-0.004838925201084961,0.16146888514923,-0.06385477030797507,0.17520364473730896,0.0680008548321412,2.576491798078065,-0.1342466330926551
locked,0.1,0.24830227455750242,0.6351895089221198,-0.20550225554924398,0.01858536592018921,0.11148004937437848,-0.24027805526348656,-0.02807915602912419,-0.009493790108934981,0.02626434807482177,-0.10496726024865458,-0.004746895054467488,-0.16199325622433683,-0.004746895054467488,0.16199325622433683,-0.06439900294455403,0.17587905231893253,0.06849544497586804,2.567748152901223,-0.13411607118601848
locked,0.1,0.24883815110459565,0.6343070276156942,-0.2054760019617562,0.018628263111608565,0.11161009998871725,-0.24149702245646076,-0.027938461337039623,-0.009310198225431058,0.026433061814623196,-0.10564556746749597,-0.004655099112715528,-0.16251582035873924,-0.004655099112715528,0.16251582035873924,-0.06494346123387176,0.176553561222589,0.06899107270875332,2.559078360296151,-0.1339859776891107
locked,0.1,0.24937402765168887,0.6334267631596494,-0.20544995489268703,0.018671054129379264,0.11173903554818086,-0.24271534641548353,-0.027798124782110342,-0.009127070652731079,0.026601758428706726,-0.10632373029612696,-0.00456353532636554,-0.16303659887899935,-0.00456353532636554,0.16303659887899935,-0.06548815543365133,0.1772271909818322,0.06948773020669968,2.5504817966373117,-0.13385634850300793
locked,0.1,0.24990990419878206,0.6325486936187251,-0.2054241115902965,0.018713740029264177,0.11186686517252946,-0.24393305640589624,-0.027658143396514137,-0.00894440336724996,0.026770439026866936,-0.10700175375587168,-0.00447220168362498,-0.163555612679504,-0.00447220168362498,0.163555612679504,-0.06603309561668338,0.17789996078921286,0.06998540997833437,2.5419578287000957,-0.133727179604124
locked,0.1,0.25044578074587526,0.6316727974681735,-0.20539846935748202,0.01875632184723534,0.11199359782942694,-0.24515018118142318,-0.02751851426600447,-0.008762192418769129,0.026939104688712537,-0.10767964273886661,-0.004381096209384565,-0.16407288223444072,-0.004381096209384565,0.16407288223444072,-0.06657829167599812,0.17857188950542507,0.07048410485223659,2.533505814960473,-0.13359846704224143
locked,0.1,0.2509816572929685,0.6307990535830126,-0.2053730255503079,0.018798800599989875,0.11211924233828673,-0.2463667489980419,-0.027379234528523408,-0.008580433928533533,0.02710775646452525,-0.10835740201169906,-0.004290216964266767,-0.1645884276093698,-0.004290216964266767,0.1645884276093698,-0.06712375332987758,0.17924299566816432,0.07098380796472392,2.5251251068023968,-0.13347020693860207
locked,0.1,0.2515175338400617,0.6299274412276403,-0.20534777757661068,0.01884117728545466,0.11224380737399084,-0.24758278762737296,-0.027240301372856282,-0.008399124087401622,0.027276395376087326,-0.10903503621891374,-0.004199562043700811,-0.1651022684723879,-0.004199562043700811,0.1651022684723879,-0.06766949012669106,0.1799132975006819,0.07148451274815007,2.516815049639376,-0.13334239548406734
locked,0.1,0.2520534103871549,0.6290579400457954,-0.20532272289462017,0.018883452883266837,0.1123673014704872,-0.24879832436962734,-0.027101712037336245,-0.008218259154069409,0.027445022417481073,-0.10971254988640085,-0.004109129577034708,-0.16561442410490762,-0.004109129577034708,0.16561442410490762,-0.06821551144957008,0.18058281292005726,0.07198621291969867,2.508574983955597,-0.1332150289373324
locked,0.1,0.2525892869342481,0.6281905300508419,-0.2052978590116499,0.01892562835524451,0.11248973302427155,-0.2500133860661303,-0.026963463808586628,-0.008037835453342117,0.027613638555861734,-0.11038994742467194,-0.004018917726671052,-0.16612491341207067,-0.004018917726671052,0.16612491341207067,-0.06876182652092938,0.18125155954520095,0.07248890247065087,2.500404246271843,-0.13308810362320322
locked,0.1,0.2531251634813413,0.6273251916163712,-0.20527318348281356,0.01896770464583803,0.1126111102977581,-0.25122799911143645,-0.026825554020306876,-0.007857849374468845,0.02778224473220488,-0.11106723313202768,-0.003928924687234424,-0.16663375493280747,-0.003928924687234424,0.16663375493280747,-0.06930844440683917,0.18191955470459728,0.07299257565610374,2.49230217004111,-0.1329616159309262
locked,0.1,0.25366104002843454,0.6264619054671149,-0.20524869390980696,0.01900968268257157,0.1127314414225404,-0.2524421894650347,-0.02668798005209435,-0.007678297369522781,0.027950841862026298,-0.11174441119761037,-0.0038391486847613914,-0.16714096684955063,-0.0038391486847613914,0.16714096684955063,-0.06985537402124717,0.18258681544378755,0.07349722698511252,2.484268086478583,-0.13283556231257737
locked,0.1,0.25419691657552773,0.6256006526701392,-0.20522438793969985,0.019051563376464426,0.11285073440255203,-0.2536559826626966,-0.02655073932830794,-0.007499175951843514,0.028119430836081077,-0.1124214857043676,-0.003749587975921757,-0.16764656699763314,-0.003749587975921757,0.16764656699763314,-0.0704026241300723,0.1832533585326243,0.07400285121125172,2.4763013253300388,-0.13270993928149535
locked,0.1,0.2547327931226209,0.624741414626329,-0.20520026326378923,0.019093347622443493,0.11296899711712602,-0.25486940382744316,-0.026413829316964614,-0.007320481694521121,0.02828801252103735,-0.11309846063190958,-0.003660240847260565,-0.1681505728743658,-0.003660240847260565,0.1681505728743658,-0.07095020335515857,0.1839192004722846,0.07450944332356137,2.468401215582907,-0.13258474341077015
locked,0.1,0.2552686696697142,0.6238841730621347,-0.20517631761648028,0.019135036299740914,0.11308623732396002,-0.25608247768017356,-0.026277247528671478,-0.0071422112289305645,0.028456587760129395,-0.11377533985927892,-0.003571105614465284,-0.1686530016478205,-0.003571105614465284,0.1686530016478205,-0.07149812017810678,0.18458435750206678,0.07501699853787187,2.4605670861235605,-0.13245997133177684
locked,0.1,0.25580454621680737,0.6230289100215788,-0.20515254877420347,0.019176630272279522,0.1132024626619901,-0.2572952285499617,-0.026140991515591454,-0.006964361243311932,0.02862515737378996,-0.11445212716763249,-0.0034821806216559677,-0.1691538701653265,-0.0034821806216559677,0.1691538701653265,-0.07204638294398578,0.18524884560597588,0.07552551228848815,2.452798266344393,-0.1323356197327554
locked,0.1,0.25634042276390057,0.6221756078585237,-0.20512895455436883,0.019218130389045893,0.11331768065417333,-0.25850768038399974,-0.026005058870441744,-0.006786928481395851,0.028793722160258228,-0.11512882624282132,-0.003393464240697923,-0.1696531949616786,-0.003393464240697923,0.1696531949616786,-0.0725949998649132,0.18591268051908655,0.07603498022020265,2.445094086704177,-0.13221168535743655
locked,0.1,0.25687629931099376,0.6213242492291595,-0.20510553281434912,0.019259537484452482,0.11343189871018994,-0.25971985675727716,-0.025869447225521487,-0.006609909741069005,0.028962282896174512,-0.11580544067791297,-0.0033049548705344984,-0.1701509922670986,-0.0033049548705344984,0.1701509922670986,-0.07314397902354361,0.18657587773373355,0.0765453981806539,2.4374538792442886,-0.13208816500370696
locked,0.1,0.25741217585808696,0.6204748170847455,-0.20508228145049862,0.019300852378687835,0.11354512412905875,-0.2609317808819117,-0.02573415425177141,-0.006433301873083577,0.0291308403371492,-0.11648197397560657,-0.0032166509365417883,-0.17064727801492074,-0.0032166509365417883,0.17064727801492074,-0.07369332837642648,0.18723845250548524,0.07705676221297648,2.4298769780642817,-0.13196505552231874
locked,0.1,0.2579480524051802,0.6196272946645505,-0.20505919839719866,0.0193420758780569,0.11365736410167873,-0.2621434756162415,-0.025599177657859705,-0.006257101779802803,0.02929939521832051,-0.11715842955059923,-0.0031285508899014007,-0.17114206784905286,-0.0031285508899014007,0.17114206784905286,-0.07424305575728139,0.1879004198589601,0.07756906854876935,2.4223627197588824,-0.13184235381563517
locked,0.1,0.2584839289522734,0.6187816654890277,-0.20503628162593546,0.01938320877531031,0.11376862571329054,-0.26335496347359755,-0.025464515189297647,-0.006081306413987336,0.02946794825488881,-0.11783481073185444,-0.0030406532069936687,-0.17163537713118354,-0.0030406532069936687,0.17163537713118354,-0.0747931688801535,0.18856179459344405,0.07808231360133087,2.4149104438195095,-0.1317200568364169
locked,0.1,0.2590198054993666,0.6179379133531855,-0.20501352914440593,0.019424251849964234,0.11387891594586663,-0.2645662666308304,-0.025330164627580316,-0.005905912777616082,0.02963650014263691,-0.11851112076481082,-0.00295295638880804,-0.17212722094777083,-0.00295295638880804,0.17212722094777083,-0.07534367534248188,0.1892225912883485,0.07859649395917537,2.407519493002253,-0.1315981615866436
locked,0.1,0.25955568204645985,0.6170960223201597,-0.20499093899564536,0.019465205868609448,0.11398824168043113,-0.2657774069365765,-0.02519612378935463,-0.0057309179207451835,0.02980505155843402,-0.11918736281352177,-0.0028654589603725952,-0.17261761411681148,-0.0028654589603725952,0.17261761411681148,-0.07589458262807267,0.1898828243085038,0.07911160637980805,2.4001892136647136,-0.13147666511636993
locked,0.1,0.26009155859355304,0.6162559767149739,-0.20496850925719207,0.019506071585213666,0.11409660969931154,-0.26698840591928297,-0.025062390525609275,-0.00555631894039561,0.02997360316072467,-0.11986353996273129,-0.002778159470197803,-0.1731065711944027,-0.002778159470197803,0.1731065711944027,-0.07644589810998571,0.19054250780929727,0.07962764778375211,2.392918956073661,-0.13135556452261754
locked,0.1,0.26062743514064624,0.6154177611184909,-0.204946238040267,0.01954684974141231,0.11420402668832424,-0.268199284794978,-0.02492896272089124,-0.00538211297947893,0.030142155590000618,-0.1205396552198786,-0.0026910564897394684,-0.17359410648109472,-0.0026910564897394684,0.17359410648109472,-0.07699762905332688,0.19120165574165113,0.0801446152488065,2.3857080746856347,-0.13123485694829806
locked,0.1,0.26116331168773943,0.6145813603615364,-0.2049241234889824,0.019587541066792072,0.11431049923889769,-0.2694100644748254,-0.024795838292543948,-0.005208297225751876,0.03031070946926017,-0.12121571151704891,-0.002604148612875939,-0.17408023402805448,-0.002604148612875939,0.17408023402805448,-0.07754978261796386,0.19186028185686155,0.08066250600453803,2.3785559284020708,-0.13111453958116825
locked,0.1,0.2616991882348326,0.6137467595191961,-0.20490216377957315,0.019628146279165988,0.11441603385013444,-0.2706207655724553,-0.024663015189967552,-0.005034868910801564,0.030479265404453375,-0.12189171171286454,-0.0025174344554007803,-0.17456496764304152,-0.0025174344554007803,0.17456496764304152,-0.07810236586116043,0.19251839971129486,0.08118131742699038,2.3714618808007693,-0.13099460965281512
locked,0.1,0.2622350647819259,0.6129139439052841,-0.20488035711965158,0.019668666084840195,0.11452063693081277,-0.2718314084110647,-0.024530491393901385,-0.00486182530906119,0.03064782398491133,-0.1225676585943095,-0.0024309126545305933,-0.17504832089619535,-0.0024309126545305933,0.17504832089619535,-0.07865538574012595,0.19317602267093872,0.08170104703359474,2.3644253003453737,-0.13087506443767194
locked,0.1,0.26277094132901907,0.6120828990669572,-0.20485870174748197,0.01970910117887361,0.11462431480133503,-0.2730420130303457,-0.024398264915725505,-0.004689163736851895,0.030816385783767573,-0.12324355487851929,-0.0023445818684259493,-0.17553030712566367,-0.0023445818684259493,0.17553030712566367,-0.07920884911450533,0.19383316391584038,0.08222169247829444,2.3574455605740545,-0.13075590125205988
locked,0.1,0.26330681787611226,0.6112536107794991,-0.20483719593127822,0.019749452245329497,0.11472707369561742,-0.27425259919317657,-0.024266333796783765,-0.004516881551454268,0.03098495135836139,-0.12391940321449568,-0.0022584407757271323,-0.1760109394430469,-0.0022584407757271323,0.1760109394430469,-0.07976276274877958,0.194489836444397,0.08274325154684443,2.350522040269207,-0.13063711745325945
locked,0.1,0.2638426944232055,0.6104260650412424,-0.20481583796852088,0.019789719957520314,0.1148289197629291,-0.27546318639214895,-0.02413469610772493,-0.0043449761502046165,0.03115352125063313,-0.12459520618478667,-0.0021724880751023082,-0.17649023073869177,-0.0021724880751023082,0.17649023073869177,-0.08031713331460993,0.19514605307753902,0.08326572215230597,2.3436541236090704,-0.13051871043860702
locked,0.1,0.2643785709702987,0.6096002480686409,-0.20479462618529398,0.01982990497824538,0.11492985906967916,-0.2766737938558933,-0.024003349947863177,-0.004173444969617798,0.031322095987505585,-0.1252709663071079,-0.002086722484808899,-0.1769681936868232,-0.002086722484808899,0.1769681936868232,-0.08087196739310706,0.19580182646278624,0.08378910233070931,2.3368412003027683,-0.13040067764461744
locked,0.1,0.2649144475173919,0.6087761462914757,-0.20477355893564053,0.01987000796002202,0.11502989760115487,-0.2778844405552331,-0.02387229344455563,-0.004002285484533612,0.03149067608125536,-0.12594668603592174,-0.0020011427422667975,-0.17744484075052858,-0.0020011427422667975,0.17744484075052858,-0.08142727147703911,0.196457169078194,0.08431339023688739,2.330082665709762,-0.13028301654613045
locked,0.1,0.2654503240644851,0.6079537463481974,-0.2047526346009364,0.019910029545310175,0.1151290412632121,-0.2790951452091689,-0.023741524752597762,-0.003831495207287587,0.031659262029873646,-0.12662236776397112,-0.001915747603643797,-0.17792018418659747,-0.001915747603643797,0.17792018418659747,-0.0819830519729784,0.1971120932361905,0.08483858414047159,2.3233779209448135,-0.1301657246554816
locked,0.1,0.2659862006115783,0.6071330350814014,-0.20473185158928248,0.019949970366730647,0.11522729588391849,-0.28030592629068074,-0.023611042053635754,-0.0036610716869051076,0.03182785431741445,-0.12729801382376116,-0.001830535843452552,-0.17839423605021626,-0.001830535843452552,0.17839423605021626,-0.08253931520338112,0.19776661108729962,0.08536468242203524,2.316726372969555,-0.13004879952169635
locked,0.1,0.26652207715867154,0.6063139995334235,-0.20471120833491324,0.01998983104727742,0.11532466721515319,-0.2815168020323823,-0.023480843555594377,-0.003491012508316956,0.031996453414334776,-0.12797362648900587,-0.0017455062541584764,-0.178867008199532,-0.0017455062541584764,0.178867008199532,-0.08309606740861454,0.19842073462376775,0.08589168356938989,2.3101274346714633,-0.12993223872970538
locked,0.1,0.26705795370576474,0.6054966269420521,-0.20469070329762068,0.020029612200524446,0.11542116093416485,-0.28272779043203145,-0.023350927492120338,-0.0033213152915958916,0.0321650597778266,-0.1286492079760402,-0.0016606576457979493,-0.17933851230009148,-0.0016606576457979493,0.17933851230009148,-0.0836533147489333,0.19907447568309816,0.08641958617402876,2.3035805249311068,-0.12981603989958154
locked,0.1,0.26759383025285793,0.6046809047363718,-0.2046703349621971,0.02006931443082609,0.11551678264508387,-0.2839389092578527,-0.023221292122041874,-0.0031519776912157828,0.032333673852134245,-0.12932476044517105,-0.0015759888456078931,-0.17980875982913838,-0.0015759888456078931,0.17980875982913838,-0.08421106330638442,0.19972784595146828,0.0869483889276891,2.2970850686787605,-0.12970020068579863
locked,0.1,0.2681297067999512,0.6038668205327056,-0.20465010183789042,0.0201089383335128,0.11561153788039849,-0.2851501760537519,-0.023091935728841773,-0.002982997395328972,0.032502296068867904,-0.13000028600201108,-0.0014914986976644826,-0.18027776207980506,-0.0014914986976644826,0.18027776207980506,-0.08476931908667672,0.2003808569670752,0.08747809061906112,2.290640496940762,-0.129584718776509
locked,0.1,0.2686655833470444,0.6030543621306744,-0.20463000245787602,0.020148484495081106,0.11570543210238925,-0.2863616081443675,-0.022962856620145057,-0.0028143721250639513,0.03267092684730535,-0.13067578669876306,-0.0014071860625319774,-0.18074553016517658,-0.0014071860625319774,0.18074553016517658,-0.08532808802098912,0.20103352012337838,0.08800869013061162,2.2842462468766356,-0.12946959189284124
locked,0.1,0.2692014598941376,0.6022435175093587,-0.20461003537874203,0.020187953493378714,0.11579847070452713,-0.28757322263999774,-0.02283405312722013,-0.002646099633841416,0.03283956659468658,-0.1313512645354741,-0.001323049816920708,-0.18121207502224712,-0.001323049816920708,0.18121207502224712,-0.0858873759677353,0.20168584667226244,0.08854018643553235,2.2779017618074864,-0.12935481778821595
locked,0.1,0.26973733644123077,0.6014342748235659,-0.20459019917998955,0.020227345897784497,0.11589065901283398,-0.2887850364413853,-0.022705523604493495,-0.0024781777067089984,0.03300821570649901,-0.13202672146125002,-0.001239088853354501,-0.18167740741576127,-0.001239088853354501,0.18167740741576127,-0.08644718871427567,0.20233784772710964,0.08907257859479818,2.271606491236419,-0.1292403942476807
locked,0.1,0.27027321298832396,0.6006266224001883,-0.20457049246354445,0.020266662269384086,0.11598200228720966,-0.28999706624439636,-0.02257726642907626,-0.0023106041596921735,0.03317687456675767,-0.1327021593754479,-0.0011553020798460902,-0.18214153794195867,-0.0011553020798460902,0.18214153794195867,-0.08700753197859334,0.20298953426580302,0.08960586575434464,2.2653598908613954,-0.12912631908726108
locked,0.1,0.2708090895354172,0.5998205487346747,-0.20455091385328555,0.020305903161140084,0.11607250572272086,-0.29120932854453363,-0.02244928000030512,-0.002143376839165035,0.03334554354827156,-0.13337758012881157,-0.0010716884195825227,-0.18260447703219904,-0.0010716884195825227,0.18260447703219904,-0.08756841141090638,0.20364091713362725,0.09014004714233258,2.2591614225814083,-0.12901259015333116
locked,0.1,0.2713449660825104,0.5990160424875703,-0.2045314619945812,0.02034506911805883,0.11616217445086233,-0.292421839641388,-0.022321562739292346,-0.0019764936212335153,0.033514223012911,-0.13405298552460923,-0.000988246810616756,-0.18306623495651053,-0.000988246810616756,0.18306623495651053,-0.08812983259526284,0.20429200704612516,0.09067512206653894,2.2530105544959977,-0.12889920532199686
locked,0.1,0.2718808426296036,0.5982130924811697,-0.2045121355538415,0.02038416067735184,0.11625101354078078,-0.2936346156429216,-0.02219411308849044,-0.001809952411138599,0.03368291331186014,-0.13472837731970996,-0.0009049762055693029,-0.18352682182702204,-0.0009049762055693029,0.18352682182702204,-0.08869180105107041,0.20494281459185118,0.09121108991182161,2.2469067608991384,-0.12878616249849914
locked,0.1,0.27241671917669685,0.5974116876962366,-0.20449293321808001,0.020423178368593888,0.11633902800047179,-0.2948476724696798,-0.02206692951126526,-0.00164375114267137,0.033851614785868255,-0.13540375722565398,-0.0008218755713356833,-0.183986247601318,-0.0008218755713356833,0.183986247601318,-0.089254322234604,0.2055933502350758,0.0917479501376954,2.240849522267485,-0.12867345961662913
locked,0.1,0.27295259572379005,0.596611817268831,-0.2044738536944895,0.020462122713876194,0.11642622277794214,-0.29606102585885297,-0.02194001049148296,-0.0014778877776067678,0.034020327765488446,-0.13607912690967058,-0.0007389438888033874,-0.18444452208568746,-0.0007389438888033874,0.18444452208568746,-0.08981740154045542,0.20624362431839754,0.09228570227597914,2.234838325243804,-0.12856109463816173
locked,0.1,0.27348847227088324,0.5958134704871894,-0.20445489571002504,0.020500994227956596,0.11651260276234847,-0.2972746913682873,-0.021813354533104255,-0.0013123603051476591,0.034189052571317456,-0.1367544879956993,-0.0006561801525738348,-0.1849016549383072,-0.0006561801525738348,0.1849016549383072,-0.09038104430296942,0.2068936470653179,0.09282434592855203,2.228872662615542,-0.12844906555229985
locked,0.1,0.27402434881797644,0.5950166367887108,-0.2044360580110015,0.020539793418405065,0.11659817278510237,-0.29848868438034126,-0.021686960159791747,-0.0011471667413866828,0.034357789514221596,-0.13742984206535383,-0.0005735833706933396,-0.18535765567232032,-0.0005735833706933396,0.18535765567232032,-0.09094525579761945,0.20754342858272182,0.09336388076516995,2.2229520332893804,-0.1283373703751361
locked,0.1,0.27456022536506963,0.5942213057570032,-0.20441733936269946,0.020578520785746058,0.11668293762095104,-0.2997030201056764,-0.021560825914525523,-0.0009823051287794655,0.03452653889556135,-0.13810519065887938,-0.000491152564389738,-0.18581253365884623,-0.000491152564389738,0.18581253365884623,-0.09151004124236267,0.20819297886331373,0.09390430652137494,2.217075942261752,-0.12822600714912608
locked,0.1,0.2750961019121629,0.5934274671190083,-0.2043987385489812,0.020617176823597167,0.11676690198903089,-0.30091771358694364,-0.021434950359228613,-0.0008177735356314463,0.03469530100740869,-0.13878053527607917,-0.0004088867678157214,-0.18626629812990805,-0.0004088867678157214,0.18626629812990805,-0.09207540579895637,0.20884230778798726,0.0944456229964768,2.211243900585821,-0.1281149739425753
locked,0.1,0.2756319784592561,0.592635110742202,-0.2043802543719173,0.02065576201880405,0.11685007055389411,-0.3021327797023742,-0.021309332074402526,-0.0006535700555984764,0.034864076132758055,-0.13945587737721465,-0.0003267850277992347,-0.1867189581812828,-0.0003267850277992347,0.1867189581812828,-0.09264135457424003,0.20949142512813415,0.09498783005160706,2.205455425335194,-0.1280042688491395
locked,0.1,0.27616785500634927,0.59184422663186,-0.20436188565142238,0.020694276851572362,0.11693244792651147,-0.30334823316928117,-0.021183969658770854,-0.000489692807198492,0.03503286454573232,-0.14013121838388384,-0.00024484640359924426,-0.18717052277527826,-0.00024484640359924426,0.18717052277527826,-0.09320789262138485,0.21014034054789632,0.09553092760784267,2.1997100395646605,-0.12789388998733675
locked,0.1,0.2767037315534425,0.5910548049283918,-0.20434363122489932,0.02073272179559626,0.11701403866525065,-0.30456408854748607,-0.021058861728932038,-0.0003261399333357763,0.03520166651178446,-0.14080655967988173,-0.0001630699666678899,-0.18762100074344146,-0.0001630699666678899,0.18762100074344146,-0.09377502494111771,0.21078906360636834,0.09607491564440301,2.1940072722681405,-0.12778383550007127
locked,0.1,0.2772396081005357,0.5902668359047427,-0.2043254899468931,0.020771097318183596,0.11709484727683027,-0.3057803602426439,-0.020934006919020857,-0.00016290960083726116,0.03537048228789202,-0.14148190261203003,-8.145480041863579e-05,-0.1880704007891925,-8.145480041863579e-05,0.1880704007891925,-0.0943427564829068,0.21143760375973708,0.09661979419690396,2.1883466583342432,-0.12767410355416997
Hopf,0.1,0.2777754846476289,0.58948030996386,-0.20430746068875322,0.0208094038803781,0.1171748782172513,-0.30699706250949277,-0.020809403880378066,3.469446951953614e-17,0.035539312122747,-0.142157248490988,1.734723475976807e-17,-0.18851873149039333,1.734723475976807e-17,0.18851873149039333,-0.09491109214612073,0.21208597036337204,0.09716556335567718,2.1827277384995503,-0.1275646923399295
