case,A,time,delta_r_over_epsilon,delta_psi_over_epsilon
stable_node,0.17840322435994352,0.0,1.0,0.0
stable_node,0.17840322435994352,0.4062944519696228,1.0039150063627313,-0.005483479403544139
stable_node,0.17840322435994352,0.8125889039392457,1.0076952525948182,-0.010865541851306832
stable_node,0.17840322435994352,1.2188833559088685,1.011342986976171,-0.01614772114358954
stable_node,0.17840322435994352,1.6251778078784913,1.0148604246073365,-0.021331529036614606
stable_node,0.17840322435994352,2.031472259848114,1.0182497478829657,-0.026418455554594888
stable_node,0.17840322435994352,2.437766711817737,1.0215131069585925,-0.03140996929740612
stable_node,0.17840322435994352,2.8440611637873596,1.02465262021082,-0.03630751774392394
stable_node,0.17840322435994352,3.2503556157569826,1.0276703746910045,-0.04111252755108651
stable_node,0.17840322435994352,3.6566500677266056,1.030568426572532,-0.045826404848743
stable_node,0.17840322435994352,4.062944519696228,1.0333488015917722,-0.050450535530346986
stable_node,0.17840322435994352,4.469238971665851,1.036013495482807,-0.054986285539553606
stable_node,0.17840322435994352,4.875533423635474,1.0385644744060119,-0.05943500115277764
stable_node,0.17840322435994352,5.281827875605097,1.041003675370584,-0.06379800925776967
stable_node,0.17840322435994352,5.688122327574719,1.0433330066511,-0.0680766176282665
stable_node,0.17840322435994352,6.094416779544343,1.0455543481981848,-0.07227211519477035
stable_node,0.17840322435994352,6.500711231513965,1.0476695520433796,-0.07638577231151239
stable_node,0.17840322435994352,6.907005683483588,1.0496804426982855,-0.08041884101965305
stable_node,0.17840322435994352,7.313300135453211,1.0515888175480668,-0.08437255530677339
stable_node,0.17840322435994352,7.719594587422834,1.0533964472393935,-0.0882481313627083
stable_node,0.17840322435994352,8.125889039392456,1.0551050760628977,-0.09204676783177457
stable_node,0.17840322435994352,8.53218349136208,1.056716422330226,-0.09576964606144289
stable_node,0.17840322435994352,8.938477943331701,1.0582321787457594,-0.09941793034750525
stable_node,0.17840322435994352,9.344772395301325,1.0596540127730816,-0.10299276817578638
stable_node,0.17840322435994352,9.751066847270948,1.0609835669962615,-0.10649529046044758
stable_node,0.17840322435994352,10.15736129924057,1.0622224594760319,-0.10992661177893162
stable_node,0.17840322435994352,10.563655751210193,1.0633722841009285,-0.11328783060359562
stable_node,0.17840322435994352,10.969950203179817,1.064434610933467,-0.11658002953007832
stable_node,0.17840322435994352,11.376244655149439,1.0654109865514212,-0.11980427550244786
stable_node,0.17840322435994352,11.782539107119062,1.066302934384278,-0.1229616200351756
stable_node,0.17840322435994352,12.188833559088685,1.0671119550449322,-0.12605309943198034
stable_node,0.17840322435994352,12.595128011058307,1.0678395266566905,-0.12907973500158704
stable_node,0.17840322435994352,13.00142246302793,1.0684871051756495,-0.13204253327044352
stable_node,0.17840322435994352,13.407716914997554,1.0690561247085155,-0.13494248619243804
stable_node,0.17840322435994352,13.814011366967176,1.0695479978259252,-0.1377805713556597
stable_node,0.17840322435994352,14.220305818936799,1.0699641158713382,-0.1405577521862436
stable_node,0.17840322435994352,14.626600270906422,1.0703058492655544,-0.1432749781493415
stable_node,0.17840322435994352,15.032894722876044,1.070574547806927,-0.14593318494725843
stable_node,0.17840322435994352,15.439189174845668,1.0707715409673264,-0.14853329471479568
stable_node,0.17840322435994352,15.845483626815291,1.070898138183914,-0.1510762162118387
stable_node,0.17840322435994352,16.251778078784913,1.0709556291467903,-0.15356284501322903
stable_node,0.17840322435994352,16.658072530754534,1.070945284082571,-0.15599406369595883
stable_node,0.17840322435994352,17.06436698272416,1.0708683540339474,-0.15837074202372503
stable_node,0.17840322435994352,17.47066143469378,1.070726071135294,-0.16069373712888066
stable_node,0.17840322435994352,17.876955886663403,1.0705196488843707,-0.16296389369182027
stable_node,0.17840322435994352,18.283250338633028,1.0702502824101827,-0.1651820441178344
stable_node,0.17840322435994352,18.68954479060265,1.0699191487370454,-0.16734900871147076
stable_node,0.17840322435994352,19.09583924257227,1.0695274070449121,-0.1694655958484345
stable_node,0.17840322435994352,19.502133694541897,1.0690761989260154,-0.17153260214506522
stable_node,0.17840322435994352,19.90842814651152,1.0685666486378755,-0.17355081262542182
stable_node,0.17840322435994352,20.31472259848114,1.0679998633527241,-0.17552100088601172
stable_node,0.17840322435994352,20.721017050450765,1.067376933403398,-0.17744392925819494
stable_node,0.17840322435994352,21.127311502420387,1.0666989325257483,-0.17932034896829807
stable_node,0.17840322435994352,21.53360595439001,1.0659669180976181,-0.18115100029546893
stable_node,0.17840322435994352,21.939900406359634,1.065181931374433,-0.1829366127273037
stable_node,0.17840322435994352,22.346194858329255,1.0643449977214567,-0.18467790511327906
stable_node,0.17840322435994352,22.752489310298877,1.0634571268427544,-0.1863755858160194
stable_node,0.17840322435994352,23.158783762268502,1.0625193130069133,-0.1880303528604287
stable_node,0.17840322435994352,23.565078214238124,1.0615325352695646,-0.18964289408071947
stable_node,0.17840322435994352,23.971372666207746,1.0604977576927521,-0.19121388726536584
stable_node,0.17840322435994352,24.37766711817737,1.0594159295611931,-0.1927440003000118
stable_node,0.17840322435994352,24.783961570146992,1.058287985595473,-0.19423389130836247
stable_node,0.17840322435994352,25.190256022116614,1.0571148461622195,-0.19568420879108717
stable_node,0.17840322435994352,25.59655047408624,1.0558974174812976,-0.1970955917627621
stable_node,0.17840322435994352,26.00284492605586,1.0546365918300664,-0.19846866988688
stable_node,0.17840322435994352,26.409139378025483,1.0533332477447417,-0.199804063608955
stable_node,0.17840322435994352,26.815433829995108,1.0519882502189029,-0.20110238428774802
stable_node,0.17840322435994352,27.22172828196473,1.0506024508991851,-0.20236423432464007
stable_node,0.17840322435994352,27.62802273393435,1.049176688278198,-0.20359020729118005
stable_node,0.17840322435994352,28.034317185903976,1.047711787884706,-0.2047808880548309
stable_node,0.17840322435994352,28.440611637873598,1.0462085624711135,-0.20593685290294161
stable_node,0.17840322435994352,28.84690608984322,1.0446678121982906,-0.20705866966496864
stable_node,0.17840322435994352,29.253200541812845,1.0430903248177765,-0.20814689783297194
stable_node,0.17840322435994352,29.659494993782467,1.0414768758513977,-0.20920208868040965
stable_node,0.17840322435994352,30.06578944575209,1.03982822876834,-0.2102247853792559
stable_node,0.17840322435994352,30.472083897721713,1.038145135159705,-0.21121552311546446
stable_node,0.17840322435994352,30.878378349691335,1.0364283349105932,-0.21217482920280248
stable_node,0.17840322435994352,31.284672801660957,1.0346785563697414,-0.21310322319507635
stable_node,0.17840322435994352,31.690967253630582,1.0328965165167558,-0.2140012169967735
stable_node,0.17840322435994352,32.097261705600204,1.0310829211269692,-0.21486931497214082
stable_node,0.17840322435994352,32.503556157569825,1.0292384649339594,-0.2157080140527235
stable_node,0.17840322435994352,32.90985060953945,1.0273638317897598,-0.21651780384338443
stable_node,0.17840322435994352,33.31614506150907,1.0254596948227948,-0.21729916672682664
stable_node,0.17840322435994352,33.7224395134787,1.023526716593574,-0.2180525779666391
stable_node,0.17840322435994352,34.12873396544832,1.0215655492481754,-0.2187785058088873
stable_node,0.17840322435994352,34.53502841741794,1.0195768346695468,-0.21947741158226874
stable_node,0.17840322435994352,34.94132286938756,1.017561204626661,-0.22014974979685334
stable_node,0.17840322435994352,35.347617321357184,1.0155192809215503,-0.22079596824142933
stable_node,0.17840322435994352,35.753911773326806,1.0134516755342537,-0.22141650807947355
stable_node,0.17840322435994352,36.160206225296434,1.0113589907657032,-0.2220118039437663
stable_node,0.17840322435994352,36.566500677266056,1.009241819378581,-0.22258228402966862
stable_node,0.17840322435994352,36.97279512923568,1.007100744736175,-0.22312837018708276
stable_node,0.17840322435994352,37.3790895812053,1.0049363409392604,-0.2236504780111121
stable_node,0.17840322435994352,37.78538403317492,1.0027491729610356,-0.22414901693144032
stable_node,0.17840322435994352,38.19167848514454,1.0005397967801408,-0.22462439030044823
stable_node,0.17840322435994352,38.59797293711417,0.9983087595117849,-0.2250769954800842
stable_node,0.17840322435994352,39.00426738908379,0.9960565995370088,-0.22550722392750744
stable_node,0.17840322435994352,39.410561841053415,0.9937838466301091,-0.22591546127952064
stable_node,0.17840322435994352,39.81685629302304,0.9914910220842511,-0.22630208743580987
stable_node,0.17840322435994352,40.22315074499266,0.9891786388352957,-0.22666747664100642
stable_node,0.17840322435994352,40.62944519696228,0.9868472015838621,-0.22701199756559026
stable_node,0.17840322435994352,41.03573964893191,0.9844972069156577,-0.2273360133856484
stable_node,0.17840322435994352,41.44203410090153,0.9821291434200934,-0.22763988186150705
stable_node,0.17840322435994352,41.84832855287115,0.9797434918072129,-0.22792395541525043
stable_node,0.17840322435994352,42.254623004840774,0.9773407250229545,-0.22818858120714555
stable_node,0.17840322435994352,42.660917456810395,0.9749213083627793,-0.22843410121098423
stable_node,0.17840322435994352,43.06721190878002,0.9724856995836734,-0.2286608522883614
stable_node,0.17840322435994352,43.473506360749646,0.9700343490145615,-0.22886916626190226
stable_node,0.17840322435994352,43.87980081271927,0.9675676996651482,-0.22905936998745394
stable_node,0.17840322435994352,44.28609526468889,0.9650861873332051,-0.22923178542525646
stable_node,0.17840322435994352,44.69238971665851,0.962590240710336,-0.22938672971010649
stable_node,0.17840322435994352,45.09868416862813,0.96008028148623,-0.22952451522052925
stable_node,0.17840322435994352,45.504978620597754,0.9575567244514338,-0.22964544964697173
stable_node,0.17840322435994352,45.91127307256738,0.9550199775986572,-0.2297498360590313
stable_node,0.17840322435994352,46.317567524537004,0.9524704422226364,-0.22983797297173297
stable_node,0.17840322435994352,46.723861976506626,0.9499085130185743,-0.22991015441086954
stable_node,0.17840322435994352,47.13015642847625,0.9473345781791763,-0.22996666997741647
stable_node,0.17840322435994352,47.53645088044587,0.9447490194903043,-0.2300078049110363
stable_node,0.17840322435994352,47.94274533241549,0.942152212425267,-0.23003384015268316
stable_node,0.17840322435994352,48.34903978438512,0.9395445262377656,-0.23004505240632292
stable_node,0.17840322435994352,48.75533423635474,0.9369263240535133,-0.2300417141997787
stable_node,0.17840322435994352,49.16162868832436,0.9342979629605483,-0.23002409394471515
stable_node,0.17840322435994352,49.567923140293985,0.9316597940982598,-0.229992455995775
stable_node,0.17840322435994352,49.97421759226361,0.929012162745144,-0.22994706070887672
stable_node,0.17840322435994352,50.38051204423323,0.9263554084053048,-0.22988816449868854
stable_node,0.17840322435994352,50.78680649620286,0.9236898648937234,-0.2298160198952879
stable_node,0.17840322435994352,51.19310094817248,0.9210158604203107,-0.22973087560001895
stable_node,0.17840322435994352,51.5993954001421,0.9183337176727572,-0.22963297654055914
stable_node,0.17840322435994352,52.00568985211172,0.915643753898204,-0.22952256392520645
stable_node,0.17840322435994352,52.411984304081344,0.9129462809837436,-0.22939987529639702
stable_node,0.17840322435994352,52.818278756050965,0.9102416055357745,-0.22926514458346614
stable_node,0.17840322435994352,53.22457320802059,0.907530028958219,-0.22911860215466057
stable_node,0.17840322435994352,53.630867659990216,0.9048118475296283,-0.2289604748684153
stable_node,0.17840322435994352,54.03716211195984,0.9020873524791805,-0.22879098612390375
stable_node,0.17840322435994352,54.44345656392946,0.8993568300615956,-0.228610355910871
stable_node,0.17840322435994352,54.84975101589908,0.8966205616309806,-0.2284188008587628
stable_node,0.17840322435994352,55.2560454678687,0.8938788237136162,-0.2282165342851564
stable_node,0.17840322435994352,55.662339919838324,0.8911318880797063,-0.2280037662435071
stable_node,0.17840322435994352,56.06863437180795,0.8883800218140977,-0.22778070357021704
stable_node,0.17840322435994352,56.474928823777574,0.8856234873859912,-0.2275475499310373
stable_node,0.17840322435994352,56.881223275747196,0.8828625427176551,-0.22730450586681247
stable_node,0.17840322435994352,57.28751772771682,0.8800974412521553,-0.227051768838577
stable_node,0.17840322435994352,57.69381217968644,0.8773284320201139,-0.22678953327201165
stable_node,0.17840322435994352,58.10010663165606,0.8745557597055188,-0.226517990601271
stable_node,0.17840322435994352,58.50640108362569,0.8717796647105829,-0.22623732931218818
stable_node,0.17840322435994352,58.91269553559531,0.8690003832196815,-0.22594773498486811
stable_node,0.17840322435994352,59.31898998756493,0.8662181472623709,-0.22564939033567635
stable_node,0.17840322435994352,59.725284439534555,0.8634331847755051,-0.22534247525863274
stable_node,0.17840322435994352,60.13157889150418,0.8606457196644638,-0.225027166866218
stable_node,0.17840322435994352,60.5378733434738,0.8578559718634997,-0.22470363952960115
stable_node,0.17840322435994352,60.94416779544343,0.8550641573952265,-0.2243720649182973
stable_node,0.17840322435994352,61.35046224741305,0.8522704884292496,-0.22403261203926197
stable_node,0.17840322435994352,61.75675669938267,0.8494751733399584,-0.22368544727543124
stable_node,0.17840322435994352,62.16305115135229,0.84667841676349,-0.2233307344237151
stable_node,0.17840322435994352,62.56934560332191,0.8438804196538736,-0.2229686347324515
stable_node,0.17840322435994352,62.975640055291535,0.8410813793383758,-0.22259930693832952
stable_node,0.17840322435994352,63.381934507261164,0.838281489572042,-0.22222290730278774
stable_node,0.17840322435994352,63.788228959230786,0.8354809405914672,-0.2218395896478967
stable_node,0.17840322435994352,64.19452341120041,0.8326799191677834,-0.22144950539173167
stable_node,0.17840322435994352,64.60081786317004,0.829878608658894,-0.22105280358324336
stable_node,0.17840322435994352,65.00711231513965,0.8270771890609556,-0.22064963093663365
stable_node,0.17840322435994352,65.41340676710928,0.8242758370591219,-0.2202401318652436
stable_node,0.17840322435994352,65.8197012190789,0.821474726077555,-0.2198244485149593
stable_node,0.17840322435994352,66.22599567104852,0.8186740263287231,-0.21940272079714468
stable_node,0.17840322435994352,66.63229012301814,0.8158739048619863,-0.21897508642110547
stable_node,0.17840322435994352,67.03858457498777,0.813074525611486,-0.21854168092609244
stable_node,0.17840322435994352,67.4448790269574,0.8102760494433432,-0.21810263771285054
stable_node,0.17840322435994352,67.85117347892701,0.807478634202182,-0.21765808807471881
stable_node,0.17840322435994352,68.25746793089664,0.8046824347569812,-0.2172081612282896
stable_node,0.17840322435994352,68.66376238286625,0.8018876030462659,-0.21675298434363144
stable_node,0.17840322435994352,69.07005683483588,0.7990942881226517,-0.2162926825740822
stable_node,0.17840322435994352,69.47635128680551,0.7963026361967436,-0.21582737908561975
stable_node,0.17840322435994352,69.88264573877512,0.7935127906804078,-0.21535719508581425
stable_node,0.17840322435994352,70.28894019074475,0.7907248922294152,-0.2148822498523694
stable_node,0.17840322435994352,70.69523464271437,0.7879390787854765,-0.21440266076125772
stable_node,0.17840322435994352,71.101529094684,0.7851554856176649,-0.21391854331445587
stable_node,0.17840322435994352,71.50782354665361,0.7823742453632481,-0.2134300111672855
stable_node,0.17840322435994352,71.91411799862324,0.779595488067929,-0.21293717615536548
stable_node,0.17840322435994352,72.32041245059287,0.7768193412255062,-0.21244014832118077
stable_node,0.17840322435994352,72.72670690256248,0.7740459298169621,-0.21193903594027286
stable_node,0.17840322435994352,73.13300135453211,0.7712753763489887,-0.2114339455470581
stable_node,0.17840322435994352,73.53929580650173,0.7685078008919564,-0.21092498196027915
stable_node,0.17840322435994352,73.94559025847136,0.7657433211173363,-0.21041224830809288
stable_node,0.17840322435994352,74.35188471044098,0.7629820523345796,-0.20989584605280284
stable_node,0.17840322435994352,74.7581791624106,0.7602241075274674,-0.2093758750152385
stable_node,0.17840322435994352,75.16447361438023,0.7574695973899326,-0.20885243339878784
stable_node,0.17840322435994352,75.57076806634984,0.7547186303613684,-0.20832561781308853
stable_node,0.17840322435994352,75.97706251831947,0.7519713126614214,-0.20779552329738052
stable_node,0.17840322435994352,76.38335697028909,0.749227748324286,-0.20726224334352703
stable_node,0.17840322435994352,76.78965142225871,0.7464880392325021,-0.20672586991870812
stable_node,0.17840322435994352,77.19594587422834,0.7437522851502579,-0.20618649348778692
stable_node,0.17840322435994352,77.60224032619796,0.7410205837562244,-0.20564420303536582
stable_node,0.17840322435994352,78.00853477816759,0.7382930306759006,-0.20509908608751976
stable_node,0.17840322435994352,78.4148292301372,0.7355697195134995,-0.2045512287332241
stable_node,0.17840322435994352,78.82112368210683,0.7328507418833664,-0.20400071564547648
stable_node,0.17840322435994352,79.22741813407644,0.7301361874409478,-0.2034476301021176
stable_node,0.17840322435994352,79.63371258604607,0.7274261439133077,-0.20289205400635452
stable_node,0.17840322435994352,80.0400070380157,0.7247206971292034,-0.20233406790699288
stable_node,0.17840322435994352,80.44630148998532,0.7220199310487241,-0.20177375101837894
stable_node,0.17840322435994352,80.85259594195495,0.7193239277924997,-0.20121118124005824
stable_node,0.17840322435994352,81.25889039392456,0.7166327676704886,-0.2006464351761542
stable_node,0.17840322435994352,81.66518484589419,0.7139465292103435,-0.20007958815446866
stable_node,0.17840322435994352,82.07147929786382,0.7112652891853692,-0.1995107142453121
stable_node,0.17840322435994352,82.47777374983343,0.7085891226420719,-0.19893988628006345
stable_node,0.17840322435994352,82.88406820180306,0.7059181029273097,-0.1983671758694661
stable_node,0.17840322435994352,83.29036265377268,0.7032523017150494,-0.1977926534216618
stable_node,0.17840322435994352,83.6966571057423,0.7005917890327311,-0.1972163881599684
stable_node,0.17840322435994352,84.10295155771192,0.6979366332872522,-0.1966384481404025
stable_node,0.17840322435994352,84.50924600968155,0.6952869012905751,-0.1960589002689528
stable_node,0.17840322435994352,84.91554046165118,0.6926426582849585,-0.19547781031860642
stable_node,0.17840322435994352,85.32183491362079,0.6900039679678236,-0.19489524294613178
stable_node,0.17840322435994352,85.72812936559042,0.6873708925162559,-0.19431126170862223
stable_node,0.17840322435994352,86.13442381756003,0.6847434926111559,-0.19372592907980313
stable_node,0.17840322435994352,86.54071826952966,0.6821218274610313,-0.19313930646610528
stable_node,0.17840322435994352,86.94701272149929,0.6795059548254467,-0.1925514542225099
stable_node,0.17840322435994352,87.3533071734689,0.6768959310381298,-0.19196243166816604
stable_node,0.17840322435994352,87.75960162543853,0.6742918110297398,-0.1913722971017848
stable_node,0.17840322435994352,88.16589607740815,0.6716936483503052,-0.19078110781681407
stable_node,0.17840322435994352,88.57219052937778,0.6691014951913355,-0.19018892011639552
stable_node,0.17840322435994352,88.97848498134739,0.6665154024076054,-0.18959578932810833
stable_node,0.17840322435994352,89.38477943331702,0.6639354195386232,-0.18900176981850106
stable_node,0.17840322435994352,89.79107388528665,0.6613615948297883,-0.18840691500741638
stable_node,0.17840322435994352,90.19736833725626,0.6587939752532348,-0.18781127738211087
stable_node,0.17840322435994352,90.6036627892259,0.6562326065283738,-0.1872149085111717
stable_node,0.17840322435994352,91.00995724119551,0.653677533142132,-0.1866178590582354
stable_node,0.17840322435994352,91.41625169316514,0.6511287983688968,-0.1860201787955089
stable_node,0.17840322435994352,91.82254614513477,0.6485864442901703,-0.18542191661709825
stable_node,0.17840322435994352,92.22884059710438,0.646050511813928,-0.18482312055214462
stable_node,0.17840322435994352,92.63513504907401,0.6435210406937052,-0.18422383777777437
stable_node,0.17840322435994352,93.04142950104362,0.6409980695473949,-0.18362411463186173
stable_node,0.17840322435994352,93.44772395301325,0.6384816358757717,-0.183023996625609
stable_node,0.17840322435994352,93.85401840498287,0.6359717760807485,-0.18242352845594717
stable_node,0.17840322435994352,94.2603128569525,0.6334685254833586,-0.1818227540177577
stable_node,0.17840322435994352,94.66660730892212,0.6309719183414775,-0.18122171641591941
stable_node,0.17840322435994352,95.07290176089174,0.6284819878672843,-0.18062045797718315
stable_node,0.17840322435994352,95.47919621286137,0.6259987662444655,-0.18001902026187494
stable_node,0.17840322435994352,95.88549066483098,0.6235222846451668,-0.17941744407543253
stable_node,0.17840322435994352,96.29178511680061,0.6210525732466934,-0.17881576947977518
stable_node,0.17840322435994352,96.69807956877024,0.6185896612479664,-0.1782140358045108
stable_node,0.17840322435994352,97.10437402073985,0.6161335768857382,-0.17761228165798235
stable_node,0.17840322435994352,97.51066847270948,0.6136843474505641,-0.17701054493815513
stable_node,0.17840322435994352,97.9169629246791,0.6112419993025434,-0.17640886284334775
stable_node,0.17840322435994352,98.32325737664873,0.6088065578868277,-0.17580727188280978
stable_node,0.17840322435994352,98.72955182861834,0.6063780477488956,-0.1752058078871457
stable_node,0.17840322435994352,99.13584628058797,0.6039564925496103,-0.17460450601859095
stable_node,0.17840322435994352,99.5421407325576,0.6015419150800466,-0.1740034007811385
stable_node,0.17840322435994352,99.94843518452721,0.599134337276103,-0.1734025260305213
stable_node,0.17840322435994352,100.35472963649684,0.5967337802328984,-0.17280191498404987
stable_node,0.17840322435994352,100.76102408846646,0.594340264218953,-0.17220160023030948
stable_node,0.17840322435994352,101.16731854043609,0.591953808690162,-0.1716016137387168
stable_node,0.17840322435994352,101.57361299240571,0.589574432303561,-0.17100198686893942
stable_node,0.17840322435994352,101.97990744437533,0.5872021529308876,-0.17040275038018068
stable_node,0.17840322435994352,102.38620189634496,0.5848369876719428,-0.1698039344403286
stable_node,0.17840322435994352,102.79249634831457,0.5824789528677516,-0.16920556863497538
stable_node,0.17840322435994352,103.1987908002842,0.5801280641135336,-0.16860768197630543
stable_node,0.17840322435994352,103.60508525225382,0.5777843362714761,-0.1680103029118561
stable_node,0.17840322435994352,104.01137970422344,0.5754477834833177,-0.16741345933315158
stable_node,0.17840322435994352,104.41767415619307,0.5731184191827483,-0.1668171785842126
stable_node,0.17840322435994352,104.82396860816269,0.5707962561076242,-0.16622148746994414
stable_node,0.17840322435994352,105.23026306013232,0.5684813063119938,-0.16562641226440006
stable_node,0.17840322435994352,105.63655751210193,0.5661735811779585,-0.16503197871893127
stable_node,0.17840322435994352,106.04285196407156,0.5638730914273409,-0.16443821207021372
stable_node,0.17840322435994352,106.44914641604117,0.5615798471331941,-0.16384513704816245
stable_node,0.17840322435994352,106.8554408680108,0.5592938577311276,-0.1632527778837305
stable_node,0.17840322435994352,107.26173531998043,0.557015132030469,-0.16266115831659447
stable_node,0.17840322435994352,107.66802977195005,0.5547436782252619,-0.16207030160273111
stable_node,0.17840322435994352,108.07432422391967,0.552479503905091,-0.16148023052188173
stable_node,0.17840322435994352,108.48061867588929,0.5502226160657573,-0.1608909673849114
stable_node,0.17840322435994352,108.88691312785892,0.547973021119781,-0.16030253404105949
stable_node,0.17840322435994352,109.29320757982855,0.5457307249067559,-0.15971495188508686
stable_node,0.17840322435994352,109.69950203179816,0.5434957327035458,-0.1591282418643189
stable_node,0.17840322435994352,110.10579648376779,0.5412680492343273,-0.15854242448558672
stable_node,0.17840322435994352,110.5120909357374,0.5390476786804844,-0.15795751982206838
stable_node,0.17840322435994352,110.91838538770703,0.5368346246903494,-0.15737354752003022
stable_node,0.17840322435994352,111.32467983967665,0.5346288903888052,-0.15679052680547123
stable_node,0.17840322435994352,111.73097429164628,0.5324304783867347,-0.15620847649067077
stable_node,0.17840322435994352,112.1372687436159,0.5302393907903382,-0.15562741498064192
stable_node,0.17840322435994352,112.54356319558552,0.5280556292102968,-0.15504736027948993
stable_node,0.17840322435994352,112.94985764755515,0.5258791947708138,-0.1544683299966809
stable_node,0.17840322435994352,113.35615209952476,0.5237100881185061,-0.15389034135321658
stable_node,0.17840322435994352,113.76244655149439,0.5215483094311688,-0.15331341118772182
stable_node,0.17840322435994352,114.16874100346402,0.5193938584264081,-0.1527375559624431
stable_node,0.17840322435994352,114.57503545543364,0.5172467343701358,-0.1521627917691586
stable_node,0.17840322435994352,114.98132990740326,0.5151069360849463,-0.1515891343350048
stable_node,0.17840322435994352,115.38762435937288,0.5129744619583598,-0.15101659902821662
stable_node,0.17840322435994352,115.79391881134251,0.5108493099509419,-0.15044520086378463
stable_node,0.17840322435994352,116.20021326331212,0.5087314776043004,-0.14987495450903007
stable_node,0.17840322435994352,116.60650771528175,0.5066209620489628,-0.14930587428909914
stable_node,0.17840322435994352,117.01280216725138,0.5045177600121299,-0.14873797419237636
stable_node,0.17840322435994352,117.419096619221,0.5024218678253171,-0.14817126787582044
stable_node,0.17840322435994352,117.82539107119062,0.5003332814318746,-0.14760576867022124
stable_node,0.17840322435994352,118.23168552316024,0.4982519963943957,-0.14704148958538113
stable_node,0.17840322435994352,118.63797997512987,0.49617800790201294,-0.14647844331522025
stable_node,0.17840322435994352,119.0442744270995,0.4941113107775803,-0.14591664224280756
stable_node,0.17840322435994352,119.45056887906911,0.49205189948474964,-0.1453560984453188
stable_node,0.17840322435994352,119.85686333103874,0.48999976813493273,-0.14479682369892113
stable_node,0.17840322435994352,120.26315778300835,0.4879549104941686,-0.1442388294835887
stable_node,0.17840322435994352,120.66945223497798,0.48591731998986815,-0.14368212698784438
stable_node,0.17840322435994352,121.0757466869476,0.48388698971747574,-0.14312672711343644
stable_node,0.17840322435994352,121.48204113891722,0.481863912447012,-0.1425726404799434
stable_node,0.17840322435994352,121.88833559088685,0.47984808062952716,-0.1420198774293138
stable_node,0.17840322435994352,122.29463004285647,0.4778394864034481,-0.1414684480303384
stable_node,0.17840322435994352,122.7009244948261,0.4758381216008336,-0.1409183620830574
stable_node,0.17840322435994352,123.10721894679571,0.4738439777535287,-0.14036962912310377
stable_node,0.17840322435994352,123.51351339876534,0.47185704609922713,-0.13982225842598114
stable_node,0.17840322435994352,123.91980785073497,0.4698773175874408,-0.13927625901128177
stable_node,0.17840322435994352,124.32610230270458,0.46790478288537507,-0.13873163964684054
stable_node,0.17840322435994352,124.73239675467421,0.46593943238371244,-0.13818840885282818
stable_node,0.17840322435994352,125.13869120664383,0.4639812562023143,-0.1376465749057872
stable_node,0.17840322435994352,125.54498565861346,0.4620302441958217,-0.1371061458426039
stable_node,0.17840322435994352,125.95128011058307,0.46008638595918316,-0.13656712946442667
stable_node,0.17840322435994352,126.3575745625527,0.4581496708330843,-0.13602953334052392
stable_node,0.17840322435994352,126.76386901452233,0.4562200879093062,-0.1354933648120872
stable_node,0.17840322435994352,127.17016346649194,0.4542976260359862,-0.13495863099597613
stable_node,0.17840322435994352,127.57645791846157,0.4523822738228095,-0.13442533878841087
stable_node,0.17840322435994352,127.98275237043119,0.4504740196461124,-0.13389349486860866
stable_node,0.17840322435994352,128.38904682240081,0.44857285165390837,-0.13336310570236704
stable_node,0.17840322435994352,128.79534127437043,0.44667875777083665,-0.13283417754559518
stable_node,0.17840322435994352,129.20163572634007,0.4447917257030311,-0.13230671644779218
stable_node,0.17840322435994352,129.6079301783097,0.4429117429429156,-0.13178072825547466
stable_node,0.17840322435994352,130.0142246302793,0.4410387967739237,-0.13125621861555367
stable_node,0.17840322435994352,130.42051908224892,0.4391728742751415,-0.13073319297866204
stable_node,0.17840322435994352,130.82681353421856,0.43731396232588127,-0.1302116566024322
stable_node,0.17840322435994352,131.23310798618817,0.4354620476101834,-0.12969161455472594
stable_node,0.17840322435994352,131.6394024381578,0.43361711662124225,-0.12917307171681652
stable_node,0.17840322435994352,132.04569689012743,0.43177915566576996,-0.12865603278652352
stable_node,0.17840322435994352,132.45199134209705,0.42994815086828747,-0.12814050228130164
stable_node,0.17840322435994352,132.85828579406666,0.4281240881753436,-0.1276264845412833
stable_node,0.17840322435994352,133.26458024603627,0.4263069533596763,-0.12711398373227664
stable_node,0.17840322435994352,133.67087469800592,0.4244967320243033,-0.12660300384871934
stable_node,0.17840322435994352,134.07716914997553,0.4226934096065444,-0.12609354871658798
stable_node,0.17840322435994352,134.48346360194515,0.42089697138198734,-0.12558562199626488
stable_node,0.17840322435994352,134.8897580539148,0.4191074024683868,-0.1250792271853622
stable_node,0.17840322435994352,135.2960525058844,0.41732468782949983,-0.12457436762150387
stable_node,0.17840322435994352,135.70234695785402,0.41554881227886437,-0.12407104648506721
stable_node,0.17840322435994352,136.10864140982363,0.4137797604835122,-0.12356926680188224
stable_node,0.17840322435994352,136.51493586179328,0.4120175169676251,-0.12306903144589171
stable_node,0.17840322435994352,136.9212303137629,0.41026206611613913,-0.12257034314177284
stable_node,0.17840322435994352,137.3275247657325,0.40851339217827837,-0.12207320446751734
stable_node,0.17840322435994352,137.73381921770215,0.40677147927104085,-0.12157761785697539
stable_node,0.17840322435994352,138.14011366967176,0.4050363113826242,-0.12108358560235993
stable_node,0.17840322435994352,138.54640812164138,0.4033078723758032,-0.1205911098567156
stable_node,0.17840322435994352,138.95270257361102,0.4015861459912429,-0.12010019263634879
stable_node,0.17840322435994352,139.35899702558063,0.39987111585076596,-0.11961083582322302
stable_node,0.17840322435994352,139.76529147755025,0.39816276546056173,-0.11912304116731717
stable_node,0.17840322435994352,140.17158592951986,0.39646107821434934,-0.11863681028894994
stable_node,0.17840322435994352,140.5778803814895,0.39476603739648203,-0.11815214468106813
stable_node,0.17840322435994352,140.98417483345912,0.39307762618501446,-0.11766904571150248
stable_node,0.17840322435994352,141.39046928542874,0.39139582765469705,-0.11718751462518685
stable_node,0.17840322435994352,141.79676373739838,0.38972062477994684,-0.11670755254634747
stable_node,0.17840322435994352,142.203058189368,0.3880520004377541,-0.11622916048065715
stable_node,0.17840322435994352,142.6093526413376,0.38638993741054634,-0.11575233931735761
stable_node,0.17840322435994352,143.01564709330722,0.3847344183890036,-0.11527708983135067
stable_node,0.17840322435994352,143.42194154527687,0.3830854259748327,-0.11480341268525751
stable_node,0.17840322435994352,143.82823599724648,0.3814429426834864,-0.11433130843144619
stable_node,0.17840322435994352,144.2345304492161,0.3798069509468497,-0.11386077751403088
stable_node,0.17840322435994352,144.64082490118574,0.37817743311586927,-0.11339182027083769
stable_node,0.17840322435994352,145.04711935315535,0.3765543714631527,-0.11292443693534501
stable_node,0.17840322435994352,145.45341380512497,0.3749377481855104,-0.11245862763859014
stable_node,0.17840322435994352,145.85970825709458,0.37332754540646934,-0.11199439241105091
stable_node,0.17840322435994352,146.26600270906422,0.37172374517873574,-0.11153173118449704
stable_node,0.17840322435994352,146.67229716103384,0.3701263294866173,-0.11107064379381326
stable_node,0.17840322435994352,147.07859161300345,0.36853528024841176,-0.11061112997879613
stable_node,0.17840322435994352,147.4848860649731,0.36695057931874847,-0.11015318938592271
stable_node,0.17840322435994352,147.8911805169427,0.36537220849089197,-0.10969682157009238
stable_node,0.17840322435994352,148.29747496891233,0.3638001494990121,-0.10924202599634356
stable_node,0.17840322435994352,148.70376942088197,0.3622343840204101,-0.10878880204154244
stable_node,0.17840322435994352,149.11006387285158,0.36067489367770866,-0.1083371489960477
stable_node,0.17840322435994352,149.5163583248212,0.35912166004100626,-0.10788706606534906
stable_node,0.17840322435994352,149.9226527767908,0.3575746646299957,-0.10743855237168116
stable_node,0.17840322435994352,150.32894722876046,0.35603388891604226,-0.106991606955613
stable_node,0.17840322435994352,150.73524168073007,0.35449931432423465,-0.10654622877761312
stable_node,0.17840322435994352,151.14153613269968,0.35297092223539217,-0.10610241671959098
stable_node,0.17840322435994352,151.54783058466933,0.35144869398804307,-0.10566016958641417
stable_node,0.17840322435994352,151.95412503663894,0.34993261088036676,-0.10521948610740374
stable_node,0.17840322435994352,152.36041948860856,0.3484226541721059,-0.10478036493780539
stable_node,0.17840322435994352,152.76671394057817,0.34691880508644124,-0.10434280466023925
stable_node,0.17840322435994352,153.1730083925478,0.3454210448118373,-0.10390680378612618
stable_node,0.17840322435994352,153.57930284451743,0.34392935450385453,-0.10347236075709407
stable_node,0.17840322435994352,153.98559729648704,0.34244371528693146,-0.10303947394636011
stable_node,0.17840322435994352,154.3918917484567,0.34096410825613543,-0.10260814166009469
stable_node,0.17840322435994352,154.7981862004263,0.33949051447888096,-0.10217836213876141
stable_node,0.17840322435994352,155.20448065239592,0.33802291499662457,-0.1017501335584394
stable_node,0.17840322435994352,155.61077510436553,0.33656129082651803,-0.10132345403212234
stable_node,0.17840322435994352,156.01706955633517,0.3351056229630472,-0.1008983216110003
stable_node,0.17840322435994352,156.4233640083048,0.33365589237963084,-0.10047473428571951
stable_node,0.17840322435994352,156.8296584602744,0.33221208003019537,-0.10005268998762401
stable_node,0.17840322435994352,157.23595291224404,0.33077416685072314,-0.09963218658997763
stable_node,0.17840322435994352,157.64224736421366,0.329342133760773,-0.09921322190916755
stable_node,0.17840322435994352,158.04854181618327,0.32791596166496767,-0.09879579370588808
stable_node,0.17840322435994352,158.4548362681529,0.3264956314544649,-0.09837989968630748
stable_node,0.17840322435994352,158.86113072012253,0.32508112400839634,-0.09796553750321595
stable_node,0.17840322435994352,159.26742517209215,0.32367242019527837,-0.09755270475715551
stable_node,0.17840322435994352,159.67371962406176,0.3222695008744047,-0.09714139899753348
stable_node,0.17840322435994352,160.0800140760314,0.3208723468972047,-0.09673161772371659
stable_node,0.17840322435994352,160.48630852800102,0.31948093910858966,-0.09632335838611075
stable_node,0.17840322435994352,160.89260297997063,0.3180952583482589,-0.095916618387221
stable_node,0.17840322435994352,161.29889743194028,0.31671528545199756,-0.09551139508269771
stable_node,0.17840322435994352,161.7051918839099,0.3153410012529398,-0.09510768578236435
stable_node,0.17840322435994352,162.1114863358795,0.31397238658281335,-0.09470548775123024
stable_node,0.17840322435994352,162.51778078784912,0.3126094222731614,-0.09430479821048685
stable_node,0.17840322435994352,162.92407523981876,0.3112520891565412,-0.09390561433848912
stable_node,0.17840322435994352,163.33036969178838,0.3099003680676992,-0.0935079332717207
stable_node,0.17840322435994352,163.736664143758,0.30855423984472674,-0.09311175210574428
stable_node,0.17840322435994352,164.14295859572763,0.30721368533019566,-0.09271706789613768
stable_node,0.17840322435994352,164.54925304769725,0.3058786853722628,-0.09232387765941293
stable_node,0.17840322435994352,164.95554749966686,0.3045492208257699,-0.09193217837392394
stable_node,0.17840322435994352,165.36184195163648,0.30322527255330833,-0.0915419669807576
stable_node,0.17840322435994352,165.76813640360612,0.30190682142627223,-0.09115324038461123
stable_node,0.17840322435994352,166.17443085557574,0.3005938483258886,-0.090765995454657
stable_node,0.17840322435994352,166.58072530754535,0.29928633414422573,-0.09038022902539095
stable_node,0.17840322435994352,166.987019759515,0.2979842597851889,-0.08999593789747076
stable_node,0.17840322435994352,167.3933142114846,0.2966876061654899,-0.08961311883853809
stable_node,0.17840322435994352,167.79960866345422,0.2953963542156004,-0.08923176858402869
stable_node,0.17840322435994352,168.20590311542384,0.29411048488069097,-0.0888518838379703
stable_node,0.17840322435994352,168.61219756739348,0.2928299791215438,-0.08847346127376636
stable_node,0.17840322435994352,169.0184920193631,0.29155481791545584,-0.08809649753496844
stable_node,0.17840322435994352,169.4247864713327,0.2902849822571177,-0.08772098923603526
stable_node,0.17840322435994352,169.83108092330235,0.28902045315947966,-0.08734693296308065
stable_node,0.17840322435994352,170.23737537527197,0.2877612116545984,-0.08697432527460824
stable_node,0.17840322435994352,170.64366982724158,0.2865072387944679,-0.08660316270223559
stable_node,0.17840322435994352,171.04996427921122,0.2852585156518312,-0.08623344175140527
stable_node,0.17840322435994352,171.45625873118084,0.2840150233209833,-0.08586515890208626
stable_node,0.17840322435994352,171.86255318315045,0.28277674291854565,-0.08549831060946188
stable_node,0.17840322435994352,172.26884763512007,0.2815436555842404,-0.0851328933046089
stable_node,0.17840322435994352,172.6751420870897,0.28031574248163155,-0.08476890339516295
stable_node,0.17840322435994352,173.08143653905933,0.279092984798866,-0.0844063372659757
stable_node,0.17840322435994352,173.48773099102894,0.2778753637493928,-0.08404519127976015
stable_node,0.17840322435994352,173.89402544299858,0.27666286057266526,-0.08368546177772476
stable_node,0.17840322435994352,174.3003198949682,0.27545545653483516,-0.08332714508019913
stable_node,0.17840322435994352,174.7066143469378,0.2742531329294247,-0.08297023748724681
stable_node,0.17840322435994352,175.11290879890743,0.27305587107799206,-0.08261473527927105
stable_node,0.17840322435994352,175.51920325087707,0.27186365233077775,-0.08226063471760824
stable_node,0.17840322435994352,175.92549770284668,0.2706764580673367,-0.0819079320451124
stable_node,0.17840322435994352,176.3317921548163,0.2694942696971629,-0.08155662348673078
stable_node,0.17840322435994352,176.73808660678594,0.26831706866029476,-0.08120670525006878
stable_node,0.17840322435994352,177.14438105875556,0.2671448364279076,-0.08085817352594604
stable_node,0.17840322435994352,177.55067551072517,0.26597755450289895,-0.08051102448894396
stable_node,0.17840322435994352,177.95696996269479,0.2648152044204529,-0.08016525429794269
stable_node,0.17840322435994352,178.36326441466443,0.26365776774859845,-0.07982085909665047
stable_node,0.17840322435994352,178.76955886663404,0.26250522608875654,-0.07947783501412437
stable_node,0.17840322435994352,179.17585331860366,0.2613575610762633,-0.07913617816528008
stable_node,0.17840322435994352,179.5821477705733,0.26021475438089986,-0.07879588465139678
stable_node,0.17840322435994352,179.98844222254291,0.2590767877073916,-0.07845695056060979
stable_node,0.17840322435994352,180.39473667451253,0.2579436427959119,-0.07811937196839827
stable_node,0.17840322435994352,180.80103112648217,0.25681530142256337,-0.07778314493806224
stable_node,0.17840322435994352,181.2073255784518,0.2556917453998512,-0.07744826552119258
stable_node,0.17840322435994352,181.6136200304214,0.2545729565771495,-0.0771147297581338
stable_node,0.17840322435994352,182.01991448239102,0.2534589168411511,-0.0767825336784374
stable_node,0.17840322435994352,182.42620893436066,0.2523496081163096,-0.07645167330130888
stable_node,0.17840322435994352,182.83250338633027,0.2512450123652693,-0.07612214463604616
stable_node,0.17840322435994352,183.2387978382999,0.25014511158928954,-0.075793943682472
stable_node,0.17840322435994352,183.64509229026953,0.24904988782865037,-0.07546706643135684
stable_node,0.17840322435994352,184.05138674223915,0.2479593231630556,-0.07514150886483623
stable_node,0.17840322435994352,184.45768119420876,0.24687339971202463,-0.07481726695682102
stable_node,0.17840322435994352,184.86397564617837,0.24579209963527024,-0.0744943366733989
stable_node,0.17840322435994352,185.27027009814802,0.24471540513307402,-0.07417271397323133
stable_node,0.17840322435994352,185.67656455011763,0.24364329844664478,-0.07385239480794131
stable_node,0.17840322435994352,186.08285900208725,0.24257576185847318,-0.07353337512249615
stable_node,0.17840322435994352,186.4891534540569,0.2415127776926753,-0.07321565085558289
stable_node,0.17840322435994352,186.8954479060265,0.24045432831532867,-0.07289921793997749
stable_node,0.17840322435994352,187.30174235799612,0.23940039613479638,-0.07258407230290691
stable_node,0.17840322435994352,187.70803680996573,0.23835096360204477,-0.0722702098664057
stable_node,0.17840322435994352,188.11433126193538,0.23730601321095451,-0.071957626547666
stable_node,0.17840322435994352,188.520625713905,0.2362655274986172,-0.07164631825938088
stable_node,0.17840322435994352,188.9269201658746,0.2352294890456326,-0.07133628091008294
stable_node,0.17840322435994352,189.33321461784425,0.2341978804763888,-0.0710275104044755
stable_node,0.17840322435994352,189.73950906981386,0.23317068445933997,-0.07072000264375855
stable_node,0.17840322435994352,190.14580352178348,0.23214788370727507,-0.0704137535259492
stable_node,0.17840322435994352,190.5520979737531,0.23112946097757817,-0.07010875894619586
stable_node,0.17840322435994352,190.95839242572274,0.23011539907248182,-0.06980501479708742
stable_node,0.17840322435994352,191.36468687769235,0.22910568083931246,-0.069502516968956
stable_node,0.17840322435994352,191.77098132966196,0.22810028917072805,-0.06920126135017514
stable_node,0.17840322435994352,192.1772757816316,0.22709920700495023,-0.06890124382745223
stable_node,0.17840322435994352,192.58357023360122,0.22610241732598882,-0.06860246028611573
stable_node,0.17840322435994352,192.98986468557084,0.22510990316385576,-0.06830490661039683
stable_node,0.17840322435994352,193.39615913754048,0.22412164759478018,-0.06800857868370697
stable_node,0.17840322435994352,193.8024535895101,0.22313763374140708,-0.06771347238890892
stable_node,0.17840322435994352,194.2087480414797,0.22215784477299647,-0.06741958360858395
stable_node,0.17840322435994352,194.61504249344932,0.22118226390561224,-0.06712690822529356
stable_node,0.17840322435994352,195.02133694541897,0.2202108744023093,-0.06683544212183715
stable_node,0.17840322435994352,195.42763139738858,0.21924365957330527,-0.06654518118150327
stable_node,0.17840322435994352,195.8339258493582,0.21828060277615793,-0.06625612128831863
stable_node,0.17840322435994352,196.24022030132784,0.21732168741592556,-0.06596825832728996
stable_node,0.17840322435994352,196.64651475329745,0.21636689694532815,-0.06568158818464308
stable_node,0.17840322435994352,197.05280920526707,0.21541621486490087,-0.06539610674805689
stable_node,0.17840322435994352,197.45910365723668,0.21446962472314113,-0.06511180990689305
stable_node,0.17840322435994352,197.86539810920632,0.21352711011665038,-0.0648286935524212
stable_node,0.17840322435994352,198.27169256117594,0.2125886546902682,-0.06454675357803953
stable_node,0.17840322435994352,198.67798701314555,0.21165424213720851,-0.06426598587949282
stable_node,0.17840322435994352,199.0842814651152,0.21072385619917602,-0.06398638635508332
stable_node,0.17840322435994352,199.4905759170848,0.20979748066649537,-0.0637079509058813
stable_node,0.17840322435994352,199.89687036905443,0.20887509937821844,-0.06343067543592791
stable_node,0.17840322435994352,200.30316482102404,0.20795669622223903,-0.0631545558524371
stable_node,0.17840322435994352,200.70945927299368,0.2070422551353925,-0.06287958806599118
stable_node,0.17840322435994352,201.1157537249633,0.2061317601035596,-0.06260576799073497
stable_node,0.17840322435994352,201.5220481769329,0.20522519516175777,-0.06233309154456373
stable_node,0.17840322435994352,201.92834262890256,0.20432254439423259,-0.06206155464930935
stable_node,0.17840322435994352,202.33463708087217,0.20342379193454188,-0.06179115323092161
stable_node,0.17840322435994352,202.74093153284178,0.20252892196563696,-0.061521883219646564
stable_node,0.17840322435994352,203.14722598481143,0.20163791871993733,-0.06125374055020103
stable_node,0.17840322435994352,203.55352043678104,0.20075076647940204,-0.06098672116194352
stable_node,0.17840322435994352,203.95981488875066,0.19986744957559915,-0.06072082099904243
stable_node,0.17840322435994352,204.36610934072027,0.198987952389764,-0.060456036010639265
stable_node,0.17840322435994352,204.77240379268991,0.1981122593528598,-0.06019236215101031
stable_node,0.17840322435994352,205.17869824465953,0.19724035494563266,-0.059929795379724156
stable_node,0.17840322435994352,205.58499269662914,0.19637222369866073,-0.05966833166179602
stable_node,0.17840322435994352,205.9912871485988,0.1955078501924,-0.05940796696783886
stable_node,0.17840322435994352,206.3975816005684,0.19464721905722573,-0.05914869727421127
stable_node,0.17840322435994352,206.80387605253802,0.19379031497347343,-0.05889051856316315
stable_node,0.17840322435994352,207.21017050450763,0.19293712267146854,-0.058633426822976537
stable_node,0.17840322435994352,207.61646495647727,0.1920876269315612,-0.05837741804810546
stable_node,0.17840322435994352,208.0227594084469,0.19124181258415213,-0.05812248823931179
stable_node,0.17840322435994352,208.4290538604165,0.19039966450971427,-0.05786863340379776
stable_node,0.17840322435994352,208.83534831238615,0.18956116763881392,-0.05761584955533689
stable_node,0.17840322435994352,209.24164276435576,0.18872630695212878,-0.05736413271440133
stable_node,0.17840322435994352,209.64793721632537,0.18789506748045515,-0.057113478908285734
stable_node,0.17840322435994352,210.054231668295,0.1870674343047239,-0.05686388417123025
stable_node,0.17840322435994352,210.46052612026463,0.18624339255600292,-0.05661534454453922
stable_node,0.17840322435994352,210.86682057223425,0.18542292741550107,-0.05636785607669795
stable_node,0.17840322435994352,211.27311502420386,0.18460602411456817,-0.05612141482348666
stable_node,0.17840322435994352,211.6794094761735,0.18379266793468885,-0.05587601684809158
stable_node,0.17840322435994352,212.08570392814312,0.18298284420748331,-0.05563165822121523
stable_node,0.17840322435994352,212.49199838011273,0.18217653831468825,-0.0553883350211809
stable_node,0.17840322435994352,212.89829283208235,0.18137373568815232,-0.05514604333403845
stable_node,0.17840322435994352,213.304587284052,0.18057442180981664,-0.05490477925366498
stable_node,0.17840322435994352,213.7108817360216,0.17977858221169796,-0.054664538881864254
stable_node,0.17840322435994352,214.11717618799122,0.17898620247586836,-0.05442531832846398
stable_node,0.17840322435994352,214.52347063996086,0.1781972682344292,-0.05418711371140993
stable_node,0.17840322435994352,214.92976509193048,0.17741176516948923,-0.053949921156859204
stable_node,0.17840322435994352,215.3360595439001,0.17662967901313043,-0.05371373679926933
stable_node,0.17840322435994352,215.74235399586973,0.1758509955473796,-0.053478556781486976
stable_node,0.17840322435994352,216.14864844783935,0.17507570060417424,-0.05324437725483392
stable_node,0.17840322435994352,216.55494289980896,0.174303780065325,-0.05301119437919042
stable_node,0.17840322435994352,216.96123735177858,0.17353521986247689,-0.052779004323076986
stable_node,0.17840322435994352,217.36753180374822,0.1727700059770677,-0.05254780326373409
stable_node,0.17840322435994352,217.77382625571784,0.1720081244402849,-0.05231758738719978
stable_node,0.17840322435994352,218.18012070768745,0.17124956133301908,-0.05208835288838538
stable_node,0.17840322435994352,218.5864151596571,0.17049430278581681,-0.05186009597114913
stable_node,0.17840322435994352,218.9927096116267,0.16974233497882796,-0.0516328128483679
stable_node,0.17840322435994352,219.39900406359632,0.1689936441417547,-0.051406499742007235
stable_node,0.17840322435994352,219.80529851556594,0.16824821655379651,-0.05118115288318913
stable_node,0.17840322435994352,220.21159296753558,0.16750603854359372,-0.05095676851225877
stable_node,0.17840322435994352,220.6178874195052,0.16676709648916774,-0.05073334287884842
stable_node,0.17840322435994352,221.0241818714748,0.16603137681785968,-0.05051087224194017
stable_node,0.17840322435994352,221.43047632344445,0.16529886600626886,-0.050289352869927015
stable_node,0.17840322435994352,221.83677077541407,0.16456955058018832,-0.050068781040672125
stable_node,0.17840322435994352,222.24306522738368,0.1638434171145369,-0.04984915304156616
stable_node,0.17840322435994352,222.6493596793533,0.16312045223329139,-0.049630465169583214
stable_node,0.17840322435994352,223.05565413132294,0.16240064260941559,-0.04941271373133496
stable_node,0.17840322435994352,223.46194858329255,0.16168397496479073,-0.049195895043123716
stable_node,0.17840322435994352,223.86824303526217,0.16097043607013886,-0.04898000543099301
stable_node,0.17840322435994352,224.2745374872318,0.16026001274494847,-0.04876504123077722
stable_node,0.17840322435994352,224.68083193920143,0.15955269185739665,-0.04855099878814941
stable_node,0.17840322435994352,225.08712639117104,0.15884846032427488,-0.04833787445866902
stable_node,0.17840322435994352,225.49342084314068,0.1581473051109005,-0.04812566460782469
stable_node,0.17840322435994352,225.8997152951103,0.15744921323104288,-0.04791436561107989
stable_node,0.17840322435994352,226.3060097470799,0.15675417174683495,-0.047703973853913846
stable_node,0.17840322435994352,226.71230419904953,0.15606216776869222,-0.047494485731863066
stable_node,0.17840322435994352,227.11859865101917,0.15537318845522266,-0.047285897650560044
stable_node,0.17840322435994352,227.52489310298878,0.1546872210131404,-0.04707820602577127
stable_node,0.17840322435994352,227.9311875549584,0.154004252697181,-0.046871407283435224
stable_node,0.17840322435994352,228.33748200692804,0.15332427081000308,-0.04666549785969571
stable_node,0.17840322435994352,228.74377645889766,0.15264726270210247,-0.04646047420093727
stable_node,0.17840322435994352,229.15007091086727,0.15197321577171863,-0.04625633276381814
stable_node,0.17840322435994352,229.55636536283689,0.1513021174647372,-0.046053070015300714
stable_node,0.17840322435994352,229.96265981480653,0.1506339552745977,-0.0458506824326829
stable_node,0.17840322435994352,230.36895426677614,0.14996871674219575,-0.045649166503626944
stable_node,0.17840322435994352,230.77524871874576,0.14930638945578478,-0.04544851872618728
stable_node,0.17840322435994352,231.1815431707154,0.14864696105087793,-0.04524873560883753
stable_node,0.17840322435994352,231.58783762268502,0.1479904192101456,-0.04504981367049563
stable_node,0.17840322435994352,231.99413207465463,0.14733675166331833,-0.04485174944054939
stable_node,0.17840322435994352,232.40042652662424,0.14668594618707997,-0.044654539458878775
stable_node,0.17840322435994352,232.8067209785939,0.14603799060496817,-0.04445818027587924
stable_node,0.17840322435994352,233.2130154305635,0.14539287278726606,-0.04426266845248187
stable_node,0.17840322435994352,233.61930988253312,0.14475058065090055,-0.044068000560174785
stable_node,0.17840322435994352,234.02560433450276,0.14411110215933448,-0.04387417318102175
stable_node,0.17840322435994352,234.43189878647237,0.14347442532245888,-0.043681182907680194
stable_node,0.17840322435994352,234.838193238442,0.14284053819648498,-0.0434890263434187
stable_node,0.17840322435994352,235.2444876904116,0.1422094288838358,-0.04329770010213308
stable_node,0.17840322435994352,235.65078214238125,0.1415810855330367,-0.04310720080836189
stable_node,0.17840322435994352,236.05707659435086,0.14095549633860072,-0.04291752509729988
stable_node,0.17840322435994352,236.46337104632047,0.14033264954092364,-0.04272866961481275
stable_node,0.17840322435994352,236.86966549829012,0.13971253342616463,-0.04254063101744814
stable_node,0.17840322435994352,237.27595995025973,0.13909513632613826,-0.042353405972448396
stable_node,0.17840322435994352,237.68225440222935,0.13848044661819728,-0.04216699115776037
stable_node,0.17840322435994352,238.088548854199,0.13786845272511916,-0.041981383262045674
stable_node,0.17840322435994352,238.4948433061686,0.137259143114992,-0.04179657898468993
stable_node,0.17840322435994352,238.90113775813822,0.1366525063010942,-0.041612575035809916
stable_node,0.17840322435994352,239.30743221010783,0.13604853084178273,-0.04142936813626198
stable_node,0.17840322435994352,239.71372666207748,0.1354472053403725,-0.041246955017647934
stable_node,0.17840322435994352,240.1200211140471,0.13484851844501997,-0.041065332422321174
stable_node,0.17840322435994352,240.5263155660167,0.13425245884860254,-0.04088449710339108
stable_node,0.17840322435994352,240.93261001798635,0.13365901528859955,-0.04070444582472728
stable_node,0.17840322435994352,241.33890446995596,0.13306817654697492,-0.04052517536096395
stable_node,0.17840322435994352,241.74519892192558,0.1324799314500537,-0.040346682497501334
stable_node,0.17840322435994352,242.1514933738952,0.1318942688684035,-0.04016896403050874
stable_node,0.17840322435994352,242.55778782586484,0.1313111777167091,-0.03999201676692466
stable_node,0.17840322435994352,242.96408227783445,0.13073064695365552,-0.0398158375244587
stable_node,0.17840322435994352,243.37037672980406,0.13015266558180127,-0.03964042313159028
stable_node,0.17840322435994352,243.7766711817737,0.12957722264745897,-0.039465770427568936
stable_node,0.17840322435994352,244.18296563374332,0.12900430724056694,-0.03929187626241164
stable_node,0.17840322435994352,244.58926008571294,0.12843390849457054,-0.03911873749690195
stable_node,0.17840322435994352,244.99555453768255,0.12786601558629498,-0.03894635100258657
stable_node,0.17840322435994352,245.4018489896522,0.1273006177358198,-0.038774713661771994
stable_node,0.17840322435994352,245.8081434416218,0.12673770420635702,-0.038603822367521315
stable_node,0.17840322435994352,246.21443789359142,0.12617726430412118,-0.03843367402364847
stable_node,0.17840322435994352,246.62073234556107,0.1256192873782085,-0.03826426554471448
stable_node,0.17840322435994352,247.02702679753068,0.12506376282046475,-0.03809559385602038
stable_node,0.17840322435994352,247.4333212495003,0.12451068006536457,-0.03792765589360219
stable_node,0.17840322435994352,247.83961570146994,0.12396002858988056,-0.037760448604223396
stable_node,0.17840322435994352,248.24591015343955,0.12341179791335749,-0.03759396894536767
stable_node,0.17840322435994352,248.65220460540917,0.12286597759738316,-0.037428213885230835
stable_node,0.17840322435994352,249.05849905737878,0.12232255724566395,-0.03726318040271295
stable_node,0.17840322435994352,249.46479350934843,0.12178152650389376,-0.03709886548740908
stable_node,0.17840322435994352,249.87108796131804,0.12124287505962643,-0.03693526613959971
stable_node,0.17840322435994352,250.27738241328765,0.12070659264214845,-0.036772379370241186
stable_node,0.17840322435994352,250.6836768652573,0.12017266902234669,-0.0366102022009546
stable_node,0.17840322435994352,251.0899713172269,0.11964109401258449,-0.03644873166401614
stable_node,0.17840322435994352,251.49626576919653,0.11911185746656765,-0.036287964802344364
stable_node,0.17840322435994352,251.90256022116614,0.11858494927921774,-0.03612789866948946
stable_node,0.17840322435994352,252.30885467313578,0.11806035938654094,-0.03596853032962027
stable_node,0.17840322435994352,252.7151491251054,0.11753807776550021,-0.0358098568575122
stable_node,0.17840322435994352,253.121443577075,0.11701809443388374,-0.03565187533853392
stable_node,0.17840322435994352,253.52773802904466,0.11650039945017408,-0.035494582868633315
stable_node,0.17840322435994352,253.93403248101427,0.11598498291341976,-0.035337976554324246
stable_node,0.17840322435994352,254.34032693298388,0.11547183496310506,-0.03518205351267222
stable_node,0.17840322435994352,254.7466213849535,0.11496094577901714,-0.03502681087127898
stable_node,0.17840322435994352,255.15291583692314,0.11445230558111726,-0.03487224576826785
stable_node,0.17840322435994352,255.55921028889276,0.11394590462941057,-0.0347183553522685
stable_node,0.17840322435994352,255.96550474086237,0.11344173322381312,-0.0345651367824004
stable_node,0.17840322435994352,256.371799192832,0.11293978170402409,-0.0344125872282573
stable_node,0.17840322435994352,256.77809364480163,0.11244004044939078,-0.03426070386988991
stable_node,0.17840322435994352,257.1843880967713,0.11194249987878216,-0.034109483897789776
stable_node,0.17840322435994352,257.59068254874086,0.1114471504504548,-0.03395892451287148
stable_node,0.17840322435994352,257.9969770007105,0.11095398266192108,-0.03380902292645483
stable_node,0.17840322435994352,258.40327145268014,0.11046298704982326,-0.03365977636024811
stable_node,0.17840322435994352,258.80956590464973,0.10997415418979423,-0.03351118204632803
stable_node,0.17840322435994352,259.2158603566194,0.10948747469633374,-0.03336323722712276
stable_node,0.17840322435994352,259.62215480858896,0.10900293922267434,-0.03321593915539255
stable_node,0.17840322435994352,260.0284492605586,0.10852053846064741,-0.03306928509420988
stable_node,0.17840322435994352,260.43474371252825,0.10804026314055806,-0.03292327231694136
stable_node,0.17840322435994352,260.84103816449783,0.10756210403104921,-0.032777898107226935
stable_node,0.17840322435994352,261.2473326164675,0.10708605193897192,-0.0326331597589603
stable_node,0.17840322435994352,261.6536270684371,0.1066120977092538,-0.03248905457626837
stable_node,0.17840322435994352,262.0599215204067,0.10614023222477124,-0.03234557987349154
stable_node,0.17840322435994352,262.46621597237635,0.10567044640621216,-0.032202732975161505
stable_node,0.17840322435994352,262.872510424346,0.10520273121195098,-0.0320605112159815
stable_node,0.17840322435994352,263.2788048763156,0.10473707763791537,-0.03191891194080455
stable_node,0.17840322435994352,263.6850993282852,0.1042734767174546,-0.03177793250461155
stable_node,0.17840322435994352,264.09139378025486,0.10381191952121087,-0.03163757027249014
stable_node,0.17840322435994352,264.49768823222445,0.10335239715698774,-0.03149782261961251
stable_node,0.17840322435994352,264.9039826841941,0.10289490076961794,-0.031358686931212604
stable_node,0.17840322435994352,265.31027713616373,0.10243942154083599,-0.031220160602564637
stable_node,0.17840322435994352,265.7165715881333,0.10198595068914564,-0.031082241038959697
stable_node,0.17840322435994352,266.12286604010296,0.1015344794696909,-0.030944925655683336
stable_node,0.17840322435994352,266.52916049207255,0.10108499917412432,-0.030808211877992087
stable_node,0.17840322435994352,266.9354549440422,0.10063750113048002,-0.030672097141090864
stable_node,0.17840322435994352,267.34174939601183,0.10019197670304082,-0.030536578890108922
stable_node,0.17840322435994352,267.7480438479814,0.09974841729220824,-0.030401654580076088
stable_node,0.17840322435994352,268.15433829995106,0.09930681433437674,-0.030267321675899756
stable_node,0.17840322435994352,268.5606327519207,0.09886715930179972,-0.030133577652340066
stable_node,0.17840322435994352,268.9669272038903,0.09842944370246368,-0.030000419993986237
stable_node,0.17840322435994352,269.37322165585994,0.09799365907995765,-0.029867846195232212
stable_node,0.17840322435994352,269.7795161078296,0.09755979701334305,-0.029735853760251615
stable_node,0.17840322435994352,270.18581055979917,0.0971278491170282,-0.029604440202974053
stable_node,0.17840322435994352,270.5921050117688,0.09669780704063499,-0.029473603047059215
stable_node,0.17840322435994352,270.99839946373845,0.09626966246887587,-0.029343339825873026
stable_node,0.17840322435994352,271.40469391570804,0.09584340712142018,-0.029213648082461477
stable_node,0.17840322435994352,271.8109883676777,0.09541903275277043,-0.02908452536952629
stable_node,0.17840322435994352,272.21728281964727,0.09499653115213141,-0.028955969249398868
stable_node,0.17840322435994352,272.6235772716169,0.09457589414328321,-0.028827977294014977
stable_node,0.17840322435994352,273.02987172358655,0.09415711358445601,-0.028700547084889647
stable_node,0.17840322435994352,273.43616617555614,0.0937401813681994,-0.028573676213090548
stable_node,0.17840322435994352,273.8424606275258,0.09332508942125733,-0.028447362279212733
stable_node,0.17840322435994352,274.2487550794954,0.09291182970444037,-0.02832160289335225
stable_node,0.17840322435994352,274.655049531465,0.09250039421249909,-0.02819639567508021
stable_node,0.17840322435994352,275.06134398343465,0.09209077497399765,-0.02807173825341646
stable_node,0.17840322435994352,275.4676384354043,0.0916829640511894,-0.027947628266803765
stable_node,0.17840322435994352,275.8739328873739,0.0912769535398859,-0.027824063363080107
stable_node,0.17840322435994352,276.2802273393435,0.09087273556933717,-0.027701041199453685
stable_node,0.17840322435994352,276.68652179131317,0.09047030230210285,-0.02757855944247544
stable_node,0.17840322435994352,277.09281624328275,0.09006964593392605,-0.0274566157680122
stable_node,0.17840322435994352,277.4991106952524,0.0896707586936117,-0.027335207861220578
stable_node,0.17840322435994352,277.90540514722204,0.0892736328428976,-0.02721433341651922
stable_node,0.17840322435994352,278.3116995991916,0.08887826067633361,-0.02709399013756266
stable_node,0.17840322435994352,278.71799405116127,0.08848463452115454,-0.026974175737213616
stable_node,0.17840322435994352,279.12428850313086,0.08809274673715756,-0.026854887937516236
stable_node,0.17840322435994352,279.5305829551005,0.08770258971657707,-0.026736124469668547
stable_node,0.17840322435994352,279.93687740707014,0.08731415588396324,-0.026617883073995725
stable_node,0.17840322435994352,280.3431718590397,0.08692743769605749,-0.02650016149992246
stable_node,0.17840322435994352,280.74946631100937,0.08654242764166797,-0.026382957505945177
stable_node,0.17840322435994352,281.155760762979,0.08615911824154888,-0.026266268859605105
stable_node,0.17840322435994352,281.5620552149486,0.08577750204828029,-0.026150093337461263
stable_node,0.17840322435994352,281.96834966691824,0.08539757164613829,-0.0260344287250611
stable_node,0.17840322435994352,282.3746441188879,0.08501931965098063,-0.02591927281691474
stable_node,0.17840322435994352,282.7809385708575,0.08464273871012166,-0.025804623416466322
stable_node,0.17840322435994352,283.1872330228271,0.08426782150221093,-0.025690478336066504
stable_node,0.17840322435994352,283.59352747479676,0.08389456073711374,-0.02557683539694487
stable_node,0.17840322435994352,283.99982192676634,0.08352294915578788,-0.025463692429181686
stable_node,0.17840322435994352,284.406116378736,0.08315297953016583,-0.025351047271680666
stable_node,0.17840322435994352,284.81241083070563,0.08278464466303229,-0.025238897772140476
stable_node,0.17840322435994352,285.2187052826752,0.08241793738790505,-0.025127241787027157
stable_node,0.17840322435994352,285.62499973464486,0.08205285056891529,-0.02501607718154604
stable_node,0.17840322435994352,286.03129418661445,0.08168937710068991,-0.024905401829614243
stable_node,0.17840322435994352,286.4375886385841,0.08132750990822862,-0.024795213613831628
stable_node,0.17840322435994352,286.84388309055373,0.08096724194678907,-0.024685510425453853
stable_node,0.17840322435994352,287.2501775425233,0.08060856620176549,-0.024576290164363513
stable_node,0.17840322435994352,287.65647199449296,0.0802514756885732,-0.024467550739042693
stable_node,0.17840322435994352,288.0627664464626,0.0798959634525285,-0.024359290066544442
stable_node,0.17840322435994352,288.4690608984322,0.07954202256873266,-0.024251506072464894
stable_node,0.17840322435994352,288.87535535040183,0.0791896461419531,-0.024144196690914776
stable_node,0.17840322435994352,289.2816498023715,0.07883882730650907,-0.024037359864491972
stable_node,0.17840322435994352,289.68794425434106,0.07848955922615167,-0.023930993544252568
stable_node,0.17840322435994352,290.0942387063107,0.0781418350939514,-0.02382509568968345
stable_node,0.17840322435994352,290.50053315828035,0.0777956481321774,-0.02371966426867317
stable_node,0.17840322435994352,290.90682761024993,0.07745099159218696,-0.023614697257484947
stable_node,0.17840322435994352,291.3131220622196,0.07710785875430694,-0.02351019264072766
stable_node,0.17840322435994352,291.71941651418916,0.07676624292771884,-0.023406148411327828
stable_node,0.17840322435994352,292.1257109661588,0.0764261374503464,-0.02330256257050188
stable_node,0.17840322435994352,292.53200541812845,0.07608753568873845,-0.02319943312772732
stable_node,0.17840322435994352,292.93829987009804,0.0757504310379561,-0.023096758100714973
stable_node,0.17840322435994352,293.3445943220677,0.07541481692145935,-0.022994535515380696
stable_node,0.17840322435994352,293.7508887740373,0.07508068679099324,-0.022892763405817324
stable_node,0.17840322435994352,294.1571832260069,0.07474803412647542,-0.022791439814266602
stable_node,0.17840322435994352,294.56347767797655,0.07441685243588171,-0.022690562791090597
stable_node,0.17840322435994352,294.9697721299462,0.07408713525513613,-0.02259013039474423
stable_node,0.17840322435994352,295.3760665819158,0.07375887614799594,-0.022490140691746447
stable_node,0.17840322435994352,295.7823610338854,0.07343206870594274,-0.02239059175665282
stable_node,0.17840322435994352,296.18865548585507,0.0731067065480693,-0.022291481672027096
stable_node,0.17840322435994352,296.59494993782465,0.07278278332096916,-0.022192808528413217
stable_node,0.17840322435994352,297.0012443897943,0.07246029269862571,-0.022094570424307285
stable_node,0.17840322435994352,297.40753884176394,0.07213922838230086,-0.02199676546612939
stable_node,0.17840322435994352,297.8138332937335,0.07181958410042659,-0.021899391768195893
stable_node,0.17840322435994352,298.22012774570317,0.07150135360849491,-0.0218024474526915
stable_node,0.17840322435994352,298.62642219767275,0.07118453068894617,-0.021705930649640715
stable_node,0.17840322435994352,299.0327166496424,0.07086910915106277,-0.021609839496880567
stable_node,0.17840322435994352,299.43901110161204,0.07055508283086016,-0.021514172140032702
stable_node,0.17840322435994352,299.8453055535816,0.07024244559097621,-0.02141892673247497
stable_node,0.17840322435994352,300.25160000555127,0.06993119132056456,-0.021324101435313967
stable_node,0.17840322435994352,300.6578944575209,0.06962131393518868,-0.021229694417357614
stable_node,0.17840322435994352,301.0641889094905,0.06931280737671111,-0.021135703855086584
stable_node,0.17840322435994352,301.47048336146014,0.06900566561318788,-0.02104212793262692
stable_node,0.17840322435994352,301.8767778134298,0.06869988263876307,-0.0209489648417227
stable_node,0.17840322435994352,302.28307226539937,0.06839545247355988,-0.020856212781707698
stable_node,0.17840322435994352,302.689366717369,0.06809236916357761,-0.020763869959478452
stable_node,0.17840322435994352,303.09566116933865,0.06779062678058291,-0.020671934589466003
stable_node,0.17840322435994352,303.50195562130824,0.06749021942200603,-0.020580404893608708
stable_node,0.17840322435994352,303.9082500732779,0.06719114121083665,-0.020489279101324885
stable_node,0.17840322435994352,304.31454452524747,0.06689338629551757,-0.02039855544948501
stable_node,0.17840322435994352,304.7208389772171,0.06659694884984059,-0.02030823218238429
stable_node,0.17840322435994352,305.12713342918676,0.06630182307284373,-0.020218307551715588
stable_node,0.17840322435994352,305.53342788115634,0.06600800318870666,-0.020128779816541865
stable_node,0.17840322435994352,305.939722333126,0.06571548344664747,-0.020039647243268774
stable_node,0.17840322435994352,306.3460167850956,0.06542425812081942,-0.019950908105617587
stable_node,0.17840322435994352,306.7523112370652,0.0651343215102098,-0.019862560684598123
stable_node,0.17840322435994352,307.15860568903486,0.06484566793853502,-0.019774603268480948
stable_node,0.17840322435994352,307.5649001410045,0.06455829175414182,-0.019687034152771194
stable_node,0.17840322435994352,307.9711945929741,0.06427218732990338,-0.019599851640180785
stable_node,0.17840322435994352,308.37748904494373,0.0639873490631186,-0.019513054040601597
stable_node,0.17840322435994352,308.7837834969134,0.06370377137541243,-0.019426639671078796
stable_node,0.17840322435994352,309.19007794888296,0.06342144871263286,-0.019340606855783284
stable_node,0.17840322435994352,309.5963724008526,0.06314037554475325,-0.019254953925985502
stable_node,0.17840322435994352,310.00266685282224,0.06286054636577142,-0.019169679220028376
stable_node,0.17840322435994352,310.40896130479183,0.06258195569360998,-0.01908478108330048
stable_node,0.17840322435994352,310.8152557567615,0.06230459807001621,-0.019000257868209112
stable_node,0.17840322435994352,311.22155020873106,0.0620284680604659,-0.018916107934154377
stable_node,0.17840322435994352,311.6278446607007,0.061753560254062416,-0.018832329647501842
stable_node,0.17840322435994352,312.03413911267035,0.06147986926343872,-0.0187489213815562
stable_node,0.17840322435994352,312.44043356463993,0.061207389724661866,-0.018665881516535265
stable_node,0.17840322435994352,312.8467280166096,0.06093611629713248,-0.018583208439542826
stable_node,0.17840322435994352,313.2530224685792,0.06066604366348946,-0.01850090054454273
stable_node,0.17840322435994352,313.6593169205488,0.06039716652951269,-0.018418956232332476
stable_node,0.17840322435994352,314.06561137251845,0.060129479624026726,-0.01833737391051692
stable_node,0.17840322435994352,314.4719058244881,0.05986297769880483,-0.01825615199348221
stable_node,0.17840322435994352,314.8782002764577,0.059597655528472945,-0.01817528890236955
stable_node,0.17840322435994352,315.2844947284273,0.05933350791041381,-0.01809478306504903
stable_node,0.17840322435994352,315.69078918039696,0.059070529664672515,-0.018014632916093756
stable_node,0.17840322435994352,316.09708363236655,0.05880871563386245,-0.017934836896754083
stable_node,0.17840322435994352,316.5033780843362,0.05854806068306882,-0.01785539345493125
stable_node,0.17840322435994352,316.9096725363058,0.0582885596997571,-0.017776301045152123
stable_node,0.17840322435994352,317.3159669882754,0.05803020759367723,-0.017697558128542953
stable_node,0.17840322435994352,317.72226144024506,0.05777299929677143,-0.017619163172803987
stable_node,0.17840322435994352,318.12855589221465,0.057516929763080586,-0.017541114652183675
stable_node,0.17840322435994352,318.5348503441843,0.057261993968651316,-0.017463411047453078
stable_node,0.17840322435994352,318.94114479615394,0.05700818691144507,-0.017386050845880695
stable_node,0.17840322435994352,319.3474392481235,0.05675550361124416,-0.017309032541206578
stable_node,0.17840322435994352,319.75373370009316,0.056503939109560544,-0.017232354633617043
stable_node,0.17840322435994352,320.1600281520628,0.056253488469546004,-0.01715601562971977
stable_node,0.17840322435994352,320.5663226040324,0.05600414677589931,-0.017080014042518136
stable_node,0.17840322435994352,320.97261705600204,0.05575590913477597,-0.01700434839138611
stable_node,0.17840322435994352,321.3789115079717,0.055508770673697805,-0.016929017202043144
stable_node,0.17840322435994352,321.78520595994127,0.05526272654146418,-0.016854019006529487
stable_node,0.17840322435994352,322.1915004119109,0.05501777190806048,-0.016779352343180683
stable_node,0.17840322435994352,322.59779486388055,0.05477390196456896,-0.016705015756602777
stable_node,0.17840322435994352,323.00408931585014,0.054531111923081785,-0.016631007797647975
stable_node,0.17840322435994352,323.4103837678198,0.05428939701660965,-0.01655732702338921
stable_node,0.17840322435994352,323.81667821978937,0.054048752498994816,-0.016483971997095816
stable_node,0.17840322435994352,324.222972671759,0.053809173644823224,-0.016410941288208872
stable_node,0.17840322435994352,324.62926712372865,0.05357065574933568,-0.016338233472316433
stable_node,0.17840322435994352,325.03556157569824,0.053333194128342046,-0.01626584713112941
stable_node,0.17840322435994352,325.4418560276679,0.053096784118132526,-0.0161937808524567
stable_node,0.17840322435994352,325.8481504796375,0.05286142107539213,-0.01612203323018119
stable_node,0.17840322435994352,326.2544449316071,0.05262710037711344,-0.016050602864235226
stable_node,0.17840322435994352,326.66073938357675,0.052393817420511926,-0.015979488360576728
stable_node,0.17840322435994352,327.0670338355464,0.05216156762293784,-0.015908688331164524
stable_node,0.17840322435994352,327.473328287516,0.05193034642179322,-0.01583820139393485
stable_node,0.17840322435994352,327.8796227394856,0.051700149274446,-0.015768026172777144
stable_node,0.17840322435994352,328.28591719145527,0.05147097165814351,-0.015698161297509686
stable_node,0.17840322435994352,328.69221164342486,0.05124280906993066,-0.015628605403856414
stable_node,0.17840322435994352,329.0985060953945,0.05101565702656434,-0.015559357133422779
stable_node,0.17840322435994352,329.50480054736414,0.050789511064430054,-0.01549041513367211
stable_node,0.17840322435994352,329.9110949993337,0.05056436673945816,-0.015421778057901948
stable_node,0.17840322435994352,330.31738945130337,0.05034021962704076,-0.015353444565220448
stable_node,0.17840322435994352,330.72368390327296,0.0501170653219486,-0.015285413320522844
stable_node,0.17840322435994352,331.1299783552426,0.049894899438249894,-0.015217682994468315
stable_node,0.17840322435994352,331.53627280721224,0.04967371760922583,-0.015150252263456183
stable_node,0.17840322435994352,331.9425672591818,0.049453515487291,-0.015083119809603042
stable_node,0.17840322435994352,332.34886171115147,0.04923428874390998,-0.015016284320719234
stable_node,0.17840322435994352,332.7551561631211,0.04901603306951713,-0.014949744490285884
stable_node,0.17840322435994352,333.1614506150907,0.048798744173434966,-0.014883499017431726
stable_node,0.17840322435994352,333.56774506706034,0.048582417783794685,-0.014817546606910394
stable_node,0.17840322435994352,333.97403951903,0.04836704964745454,-0.014751885969077127
stable_node,0.17840322435994352,334.3803339709996,0.0481526355299204,-0.014686515819866151
stable_node,0.17840322435994352,334.7866284229692,0.04793917121526595,-0.014621434880767807
stable_node,0.17840322435994352,335.19292287493886,0.04772665250605317,-0.014556641878805857
stable_node,0.17840322435994352,335.59921732690844,0.04751507522325459,-0.014492135546515201
stable_node,0.17840322435994352,336.0055117788781,0.04730443520617186,-0.014427914621918626
stable_node,0.17840322435994352,336.4118062308477,0.047094728312360036,-0.014363977848505039
stable_node,0.17840322435994352,336.8181006828173,0.04688595041754738,-0.014300323975206563
stable_node,0.17840322435994352,337.22439513478696,0.04667809741555865,-0.014236951756376437
stable_node,0.17840322435994352,337.63068958675655,0.04647116521823787,-0.014173859951766893
stable_node,0.17840322435994352,338.0369840387262,0.046265149755369696,-0.014111047326506608
stable_node,0.17840322435994352,338.44327849069583,0.04606004697460394,-0.014048512651078907
stable_node,0.17840322435994352,338.8495729426654,0.04585585284137763,-0.013986254701299475
stable_node,0.17840322435994352,339.25586739463506,0.04565256333884049,-0.013924272258294802
stable_node,0.17840322435994352,339.6621618466047,0.04545017446777623,-0.013862564108479598
stable_node,0.17840322435994352,340.0684562985743,0.045248682246530385,-0.013801129043535918
stable_node,0.17840322435994352,340.47475075054393,0.045048082710931234,-0.01373996586039048
stable_node,0.17840322435994352,340.8810452025136,0.04484837191421774,-0.013679073361193738
stable_node,0.17840322435994352,341.28733965448316,0.04464954592696245,-0.013618450353297767
stable_node,0.17840322435994352,341.6936341064528,0.04445160083699812,-0.013558095649234969
stable_node,0.17840322435994352,342.09992855842245,0.044254532749343906,-0.013498008066696803
stable_node,0.17840322435994352,342.50622301039203,0.04405833778613037,-0.013438186428512053
stable_node,0.17840322435994352,342.9125174623617,0.0438630120865266,-0.013378629562625787
stable_node,0.17840322435994352,343.31881191433126,0.043668551806665935,-0.013319336302077876
stable_node,0.17840322435994352,343.7251063663009,0.04347495311957465,-0.01326030548498227
stable_node,0.17840322435994352,344.13140081827055,0.04328221221509802,-0.013201535954505609
stable_node,0.17840322435994352,344.53769527024014,0.043090325299826995,-0.013143026558846022
stable_node,0.17840322435994352,344.9439897222098,0.042899288597028316,-0.013084776151212733
stable_node,0.17840322435994352,345.3502841741794,0.04270909834657058,-0.013026783589804759
stable_node,0.17840322435994352,345.756578626149,0.042519750804853915,-0.01296904773779032
stable_node,0.17840322435994352,346.16287307811865,0.04233124224473811,-0.01291156746328612
stable_node,0.17840322435994352,346.5691675300883,0.04214356895547191,-0.012854341639336664
stable_node,0.17840322435994352,346.9754619820579,0.041956727242622296,-0.012797369143893771
stable_node,0.17840322435994352,347.3817564340275,0.0417707134280033,-0.012740648859795839
stable_node,0.17840322435994352,347.78805088599717,0.04158552384960689,-0.01268417967474776
stable_node,0.17840322435994352,348.19434533796675,0.04140115486153287,-0.01262796048130043
stable_node,0.17840322435994352,348.6006397899364,0.04121760283391891,-0.01257199017683042
stable_node,0.17840322435994352,349.006934241906,0.04103486415287124,-0.012516267663519756
stable_node,0.17840322435994352,349.4132286938756,0.04085293522039638,-0.012460791848336017
stable_node,0.17840322435994352,349.81952314584527,0.04067181245433163,-0.012405561643012038
stable_node,0.17840322435994352,350.22581759781485,0.040491492288276455,-0.012350575964025907
stable_node,0.17840322435994352,350.6321120497845,0.040311971171525754,-0.01229583373258143
stable_node,0.17840322435994352,351.03840650175414,0.04013324556900001,-0.01224133387458778
stable_node,0.17840322435994352,351.4447009537237,0.03995531196117888,-0.012187075320640046
stable_node,0.17840322435994352,351.85099540569337,0.039778166844033735,-0.012133057005999514
stable_node,0.17840322435994352,352.257289857663,0.039601806728960395,-0.012079277870573982
stable_node,0.17840322435994352,352.6635843096326,0.03942622814271214,-0.012025736858898194
stable_node,0.17840322435994352,353.06987876160224,0.039251427627334176,-0.011972432920114547
stable_node,0.17840322435994352,353.4761732135719,0.039077401740095344,-0.011919365007953276
stable_node,0.17840322435994352,353.88246766554147,0.03890414705342475,-0.011866532080713648
stable_node,0.17840322435994352,354.2887621175111,0.038731660154843806,-0.01181393310124424
stable_node,0.17840322435994352,354.69505656948076,0.03855993764690262,-0.011761567036924154
stable_node,0.17840322435994352,355.10135102145034,0.03838897614711311,-0.011709432859643447
stable_node,0.17840322435994352,355.50764547342,0.03821877228788532,-0.01165752954578447
stable_node,0.17840322435994352,355.91393992538957,0.03804932271646272,-0.011605856076202745
stable_node,0.17840322435994352,356.3202343773592,0.03788062409485682,-0.011554411436207938
stable_node,0.17840322435994352,356.72652882932886,0.03771267309978445,-0.011503194615545264
stable_node,0.17840322435994352,357.13282328129844,0.03754546642260372,-0.011452204608376733
stable_node,0.17840322435994352,357.5391177332681,0.03737900076924837,-0.011401440413261894
stable_node,0.17840322435994352,357.9454121852377,0.03721327286016766,-0.011350901033140025
stable_node,0.17840322435994352,358.3517066372073,0.03704827943026089,-0.011300585475310997
stable_node,0.17840322435994352,358.75800108917696,0.036884017228816506,-0.011250492751417214
stable_node,0.17840322435994352,359.1642955411466,0.036720483019447255,-0.011200621877424658
stable_node,0.17840322435994352,359.5705899931162,0.03655767358003008,-0.011150971873605043
stable_node,0.17840322435994352,359.97688444508583,0.03639558570264289,-0.01110154176451729
stable_node,0.17840322435994352,360.3831788970555,0.03623421619350368,-0.01105233057898949
stable_node,0.17840322435994352,360.78947334902506,0.03607356187290822,-0.01100333735010059
stable_node,0.17840322435994352,361.1957678009947,0.03591361957516911,-0.01095456111516237
stable_node,0.17840322435994352,361.60206225296434,0.03575438614855508,-0.010906000915701588
stable_node,0.17840322435994352,362.00835670493393,0.03559585845522938,-0.010857655797441725
stable_node,0.17840322435994352,362.4146511569036,0.03543803337119108,-0.010809524810285636
stable_node,0.17840322435994352,362.82094560887316,0.03528090778621272,-0.010761607008297248
stable_node,0.17840322435994352,363.2272400608428,0.03512447860378156,-0.010713901449684073
stable_node,0.17840322435994352,363.63353451281245,0.03496874274103996,-0.010666407196779639
stable_node,0.17840322435994352,364.03982896478203,0.034813697128725625,-0.01061912331602578
stable_node,0.17840322435994352,364.4461234167517,0.0346593387111118,-0.01057204887795505
stable_node,0.17840322435994352,364.8524178687213,0.034505664445949304,-0.010525182957173427
stable_node,0.17840322435994352,365.2587123206909,0.034352671304407015,-0.010478524632342816
stable_node,0.17840322435994352,365.66500677266055,0.03420035627101404,-0.010432072986163853
stable_node,0.17840322435994352,366.0713012246302,0.03404871634360097,-0.010385827105358542
stable_node,0.17840322435994352,366.4775956765998,0.03389774853324234,-0.010339786080653201
stable_node,0.17840322435994352,366.8838901285694,0.03374744986419809,-0.010293949006761116
stable_node,0.17840322435994352,367.29018458053906,0.033597817373856684,-0.010248314982365697
stable_node,0.17840322435994352,367.69647903250865,0.033448848112678106,-0.010202883110103502
stable_node,0.17840322435994352,368.1027734844783,0.033300539144136186,-0.010157652496547261
stable_node,0.17840322435994352,368.5090679364479,0.03315288754466214,-0.010112622252189007
stable_node,0.17840322435994352,368.9153623884175,0.033005890403587965,-0.010067791491423308
stable_node,0.17840322435994352,369.32165684038716,0.03285954482309005,-0.010023159332530585
stable_node,0.17840322435994352,369.72795129235675,0.032713847918133296,-0.009978724897660452
stable_node,0.17840322435994352,370.1342457443264,0.03256879681641534,-0.009934487312815187
stable_node,0.17840322435994352,370.54054019629604,0.032424388658310196,-0.009890445707832969
stable_node,0.17840322435994352,370.9468346482656,0.032280620596814254,-0.009846599216371831
stable_node,0.17840322435994352,371.35312910023526,0.03213748979748972,-0.009802946975892901
stable_node,0.17840322435994352,371.7594235522049,0.03199499343841059,-0.009759488127644239
stable_node,0.17840322435994352,372.1657180041745,0.031853128710108196,-0.009716221816644721
stable_node,0.17840322435994352,372.57201245614414,0.03171189281551543,-0.009673147191667442
stable_node,0.17840322435994352,372.9783069081138,0.03157128296991414,-0.00963026340522402
stable_node,0.17840322435994352,373.38460136008337,0.031431296400880375,-0.009587569613548343
stable_node,0.17840322435994352,373.790895812053,0.03129193034823036,-0.009545064976580475
stable_node,0.17840322435994352,374.19719026402265,0.031153182063967635,-0.009502748657950885
stable_node,0.17840322435994352,374.60348471599224,0.03101504881222962,-0.009460619824964581
stable_node,0.17840322435994352,375.0097791679619,0.03087752786923371,-0.00941867764858503
stable_node,0.17840322435994352,375.41607361993147,0.030740616523225548,-0.009376921303418736
stable_node,0.17840322435994352,375.8223680719011,0.03060431207442617,-0.00933534996769948
stable_node,0.17840322435994352,376.22866252387075,0.03046861183497892,-0.009293962823272536
stable_node,0.17840322435994352,376.63495697584034,0.03033351312889792,-0.00925275905557925
stable_node,0.17840322435994352,377.04125142781,0.03019901329201582,-0.00921173785364151
stable_node,0.17840322435994352,377.4475458797796,0.03006510967193268,-0.009170898410046445
stable_node,0.17840322435994352,377.8538403317492,0.029931799627963437,-0.009130239920930783
stable_node,0.17840322435994352,378.26013478371885,0.029799080531087298,-0.00908976158596576
stable_node,0.17840322435994352,378.6664292356885,0.029666949763896465,-0.009049462608341762
stable_node,0.17840322435994352,379.0727236876581,0.029535404720545215,-0.009009342194753182
stable_node,0.17840322435994352,379.4790181396277,0.029404442806700033,-0.008969399555383452
stable_node,0.17840322435994352,379.88531259159737,0.029274061439487357,-0.00892963390388954
stable_node,0.17840322435994352,380.29160704356696,0.029144258047445606,-0.008890044457387506
stable_node,0.17840322435994352,380.6979014955366,0.029015030070473343,-0.008850630436437096
stable_node,0.17840322435994352,381.1041959475062,0.02888637495978066,-0.008811391065027159
stable_node,0.17840322435994352,381.5104903994758,0.028758290177839207,-0.008772325570560733
stable_node,0.17840322435994352,381.91678485144547,0.028630773198332255,-0.008733433183840112
stable_node,0.17840322435994352,382.32307930341506,0.02850382150610718,-0.0086947131390526
stable_node,0.17840322435994352,382.7293737553847,0.02837743259712422,-0.008656164673755266
stable_node,0.17840322435994352,383.13566820735434,0.028251603978409756,-0.00861778702886088
stable_node,0.17840322435994352,383.54196265932393,0.02812633316800723,-0.008579579448623226
stable_node,0.17840322435994352,383.9482571112936,0.028001617694927698,-0.008541541180622407
stable_node,0.17840322435994352,384.3545515632632,0.027877455099103273,-0.008503671475750787
stable_node,0.17840322435994352,384.7608460152328,0.02775384293133861,-0.008465969588198511
stable_node,0.17840322435994352,385.16714046720244,0.0276307787532631,-0.0084284347754392
stable_node,0.17840322435994352,385.5734349191721,0.02750826013728306,-0.00839106629821564
stable_node,0.17840322435994352,385.9797293711417,0.027386284666535473,-0.008353863420525874
stable_node,0.17840322435994352,386.3860238231113,0.02726484993484009,-0.008316825409608881
stable_node,0.17840322435994352,386.79231827508096,0.02714395354665234,-0.008279951535930492
stable_node,0.17840322435994352,387.19861272705054,0.02702359311701771,-0.00824324107316965
stable_node,0.17840322435994352,387.6049071790202,0.02690376627152382,-0.008206693298204107
stable_node,0.17840322435994352,388.0112016309898,0.026784470646255484,-0.008170307491096903
stable_node,0.17840322435994352,388.4174960829594,0.026665703887748124,-0.00813408293508241
stable_node,0.17840322435994352,388.82379053492906,0.026547463652941042,-0.00809801891655234
stable_node,0.17840322435994352,389.23008498689865,0.026429747609133334,-0.008062114725042493
stable_node,0.17840322435994352,389.6363794388683,0.026312553433937232,-0.008026369653218733
stable_node,0.17840322435994352,390.04267389083793,0.0261958788152332,-0.00799078299686358
stable_node,0.17840322435994352,390.4489683428075,0.026079721451124395,-0.007955354054862482
stable_node,0.17840322435994352,390.85526279477716,0.025964079049892626,-0.007920082129190622
stable_node,0.17840322435994352,391.2615572467468,0.025848949329952915,-0.00788496652489928
stable_node,0.17840322435994352,391.6678516987164,0.025734330019809192,-0.007850006550102486
stable_node,0.17840322435994352,392.07414615068603,0.02562021885800995,-0.007815201515963774
stable_node,0.17840322435994352,392.4804406026557,0.02550661359310413,-0.007780550736682866
stable_node,0.17840322435994352,392.88673505462526,0.025393511983597128,-0.007746053529482491
stable_node,0.17840322435994352,393.2930295065949,0.025280911797906994,-0.007711709214595207
stable_node,0.17840322435994352,393.6993239585645,0.02516881081432123,-0.007677517115250418
stable_node,0.17840322435994352,394.10561841053413,0.025057206820952686,-0.007643476557661136
stable_node,0.17840322435994352,394.5119128625038,0.0249460976156972,-0.007609586871011226
stable_node,0.17840322435994352,394.91820731447336,0.024835481006189566,-0.007575847387442188
stable_node,0.17840322435994352,395.324501766443,0.024725354809761887,-0.007542257442040617
stable_node,0.17840322435994352,395.73079621841265,0.024615716853400346,-0.0075088163728251915
stable_node,0.17840322435994352,396.13709067038224,0.024506564973701933,-0.007475523520733718
stable_node,0.17840322435994352,396.5433851223519,0.0243978970168339,-0.00744237822961086
stable_node,0.17840322435994352,396.9496795743215,0.024289710838490536,-0.007409379846195151
stable_node,0.17840322435994352,397.3559740262911,0.02418200430385119,-0.00737652772010642
stable_node,0.17840322435994352,397.76226847826075,0.024074775287538625,-0.0073438212038332
stable_node,0.17840322435994352,398.1685629302304,0.023968021673578616,-0.007311259652720548
stable_node,0.17840322435994352,398.5748573822,0.023861741355356608,-0.007278842424957098
stable_node,0.17840322435994352,398.9811518341696,0.023755932235578207,-0.007246568881563047
stable_node,0.17840322435994352,399.38744628613927,0.02365059222622709,-0.007214438386377571
stable_node,0.17840322435994352,399.79374073810885,0.023545719248524763,-0.0071824503060466515
stable_node,0.17840322435994352,400.2000351900785,0.02344131123289002,-0.007150604010010896
stable_node,0.17840322435994352,400.6063296420481,0.02333736611889751,-0.007118898870493052
stable_node,0.17840322435994352,401.0126240940177,0.02323388185523872,-0.00708733426248624
stable_node,0.17840322435994352,401.41891854598737,0.023130856399680776,-0.0070559095637415595
stable_node,0.17840322435994352,401.82521299795695,0.02302828771902737,-0.007024624154756295
stable_node,0.17840322435994352,402.2315074499266,0.022926173789077832,-0.006993477418761612
stable_node,0.17840322435994352,402.63780190189624,0.022824512594589,-0.006962468741711022
stable_node,0.17840322435994352,403.0440963538658,0.02272330212923443,-0.0069315975122681206
stable_node,0.17840322435994352,403.45039080583547,0.022622540395565865,-0.00690086312179497
stable_node,0.17840322435994352,403.8566852578051,0.022522225404974196,-0.0068702649643403
stable_node,0.17840322435994352,404.2629797097747,0.022422355177649882,-0.00683980243662761
stable_node,0.17840322435994352,404.66927416174434,0.02232292774254458,-0.006809474938043577
stable_node,0.17840322435994352,405.075568613714,0.022223941137333125,-0.006779281870626572
stable_node,0.17840322435994352,405.48186306568357,0.02212539340837388,-0.006749222639054767
stable_node,0.17840322435994352,405.8881575176532,0.02202728261067152,-0.006719296650634809
stable_node,0.17840322435994352,406.29445196962286,0.021929606807838724,-0.006689503315290339
stable_node,0.17840322435994352,406.70074642159244,0.021832364072057433,-0.006659842045550284
stable_node,0.17840322435994352,407.1070408735621,0.021735552484042353,-0.006630312256537819
stable_node,0.17840322435994352,407.51333532553167,0.02163917013300274,-0.006600913365958851
stable_node,0.17840322435994352,407.9196297775013,0.021543215116604376,-0.006571644794090561
stable_node,0.17840322435994352,408.32592422947096,0.02144768554093349,-0.006542505963770468
stable_node,0.17840322435994352,408.73221868144054,0.021352579520459016,-0.006513496300385078
stable_node,0.17840322435994352,409.1385131334102,0.02125789517799504,-0.006484615231858532
stable_node,0.17840322435994352,409.54480758537983,0.021163630644665525,-0.00645586218864192
stable_node,0.17840322435994352,409.9511020373494,0.02106978405986597,-0.006427236603701776
stable_node,0.17840322435994352,410.35739648931906,0.020976353571228585,-0.006398737912509477
stable_node,0.17840322435994352,410.7636909412887,0.020883337334584407,-0.006370365553029869
stable_node,0.17840322435994352,411.1699853932583,0.02079073351392862,-0.006342118965710735
stable_node,0.17840322435994352,411.57627984522793,0.02069854028138326,-0.006313997593471582
stable_node,0.17840322435994352,411.9825742971976,0.02060675581716228,-0.006286000881693037
stable_node,0.17840322435994352,412.38886874916716,0.020515378309535336,-0.006258128278205938
stable_node,0.17840322435994352,412.7951632011368,0.020424405954792807,-0.006230379233280749
stable_node,0.17840322435994352,413.2014576531064,0.02033383695720995,-0.006202753199616725
stable_node,0.17840322435994352,413.60775210507603,0.020243669529011604,-0.006175249632331247
stable_node,0.17840322435994352,414.0140465570457,0.020153901890337497,-0.006147867988949348
stable_node,0.17840322435994352,414.42034100901526,0.020064532269207406,-0.006120607729393149
stable_node,0.17840322435994352,414.8266354609849,0.019975558901485814,-0.006093468315971212
stable_node,0.17840322435994352,415.23292991295455,0.01988698003084784,-0.006066449213368213
stable_node,0.17840322435994352,415.63922436492413,0.019798793908744772,-0.006039549888634518
stable_node,0.17840322435994352,416.0455188168938,0.019710998794369224,-0.006012769811175673
stable_node,0.17840322435994352,416.4518132688634,0.019623592954621603,-0.00598610845274222
stable_node,0.17840322435994352,416.858107720833,0.019536574664076004,-0.005959565287419432
stable_node,0.17840322435994352,417.26440217280265,0.019449942204945704,-0.005933139791616843
stable_node,0.17840322435994352,417.6706966247723,0.019363693867050235,-0.005906831444058279
stable_node,0.17840322435994352,418.0769910767419,0.019277827947781895,-0.005880639725771747
stable_node,0.17840322435994352,418.4832855287115,0.019192342752071167,-0.005854564120078974
stable_node,0.17840322435994352,418.88957998068116,0.019107236592354703,-0.005828604112585717
stable_node,0.17840322435994352,419.29587443265075,0.019022507788541795,-0.005802759191171597
stable_node,0.17840322435994352,419.7021688846204,0.01893815466798116,-0.005777028845980063
stable_node,0.17840322435994352,420.10846333659,0.018854175565428406,-0.005751412569408547
stable_node,0.17840322435994352,420.5147577885596,0.018770568823013076,-0.005725909856098498
stable_node,0.17840322435994352,420.92105224052926,0.01868733279020626,-0.005700520202925544
stable_node,0.17840322435994352,421.32734669249885,0.0186044658237881,-0.005675243108989702
stable_node,0.17840322435994352,421.7336411444685,0.018521966287815925,-0.005650078075605673
stable_node,0.17840322435994352,422.13993559643814,0.01843983255359127,-0.005625024606292917
stable_node,0.17840322435994352,422.5462300484077,0.01835806299962866,-0.005600082206766167
stable_node,0.17840322435994352,422.95252450037736,0.018276656011623246,-0.005575250384925641
stable_node,0.17840322435994352,423.358818952347,0.018195609982419664,-0.00555052865084759
stable_node,0.17840322435994352,423.7651134043166,0.0181149233119804,-0.00552591651677473
stable_node,0.17840322435994352,424.17140785628624,0.01803459440735319,-0.005501413497106396
stable_node,0.17840322435994352,424.5777023082559,0.017954621682641378,-0.005477019108389515
stable_node,0.17840322435994352,424.98399676022547,0.01787500355897203,-0.005452732869308974
stable_node,0.17840322435994352,425.3902912121951,0.017795738464464615,-0.005428554300678135
stable_node,0.17840322435994352,425.7965856641647,0.01771682483420034,-0.005404482925429541
stable_node,0.17840322435994352,426.20288011613434,0.01763826111019185,-0.005380518268605721
stable_node,0.17840322435994352,426.609174568104,0.017560045741352028,-0.005356659857349759
stable_node,0.17840322435994352,427.01546902007357,0.017482177183463708,-0.0053329072208960935
stable_node,0.17840322435994352,427.4217634720432,0.017404653899149455,-0.0053092598905613774
stable_node,0.17840322435994352,427.82805792401285,0.017327474357841172,-0.005285717399735263
stable_node,0.17840322435994352,428.23435237598244,0.01725063703575014,-0.005262279283871313
stable_node,0.17840322435994352,428.6406468279521,0.017174140415836772,-0.005238945080477862
stable_node,0.17840322435994352,429.0469412799217,0.017097982987781542,-0.0052157143291091355
stable_node,0.17840322435994352,429.4532357318913,0.017022163247954393,-0.005192586571356077
stable_node,0.17840322435994352,429.85953018386095,0.01694667969938586,-0.005169561350837496
stable_node,0.17840322435994352,430.2658246358306,0.016871530851736937,-0.005146638213191006
stable_node,0.17840322435994352,430.6721190878002,0.016796715221270755,-0.005123816706064388
stable_node,0.17840322435994352,431.0784135397698,0.016722231330822408,-0.005101096379106467
stable_node,0.17840322435994352,431.48470799173947,0.01664807770977064,-0.005078476783958527
stable_node,0.17840322435994352,431.89100244370906,0.01657425289400851,-0.005055957474245399
stable_node,0.17840322435994352,432.2972968956787,0.016500755425914983,-0.005033538005566861
stable_node,0.17840322435994352,432.7035913476483,0.01642758385432582,-0.005011217935488795
stable_node,0.17840322435994352,433.1098857996179,0.01635473673450503,-0.00498899682353456
stable_node,0.17840322435994352,433.51618025158757,0.016282212628117274,-0.004966874231176559
stable_node,0.17840322435994352,433.92247470355716,0.01621001010319856,-0.004944849721827429
stable_node,0.17840322435994352,434.3287691555268,0.016138127734128538,-0.004922922860831574
stable_node,0.17840322435994352,434.73506360749644,0.016066564101602638,-0.004901093215456748
stable_node,0.17840322435994352,435.14135805946603,0.015995317792603707,-0.004879360354885426
stable_node,0.17840322435994352,435.5476525114357,0.0159243874003746,-0.004857723850206513
stable_node,0.17840322435994352,435.9539469634053,0.015853771524390308,-0.0048361832744068635
stable_node,0.17840322435994352,436.3602414153749,0.015783468770330464,-0.004814738202362957
stable_node,0.17840322435994352,436.76653586734454,0.01571347775005207,-0.004793388210832604
stable_node,0.17840322435994352,437.1728303193142,0.01564379708156178,-0.004772132878446557
stable_node,0.17840322435994352,437.5791247712838,0.015574425388989005,-0.00475097178570034
stable_node,0.17840322435994352,437.9854192232534,0.01550536130255915,-0.0047299045149461
stable_node,0.17840322435994352,438.39171367522306,0.015436603458565517,-0.004708930650384148
stable_node,0.17840322435994352,438.79800812719265,0.015368150499344525,-0.004688049778055328
stable_node,0.17840322435994352,439.2043025791623,0.015300001073246418,-0.004667261485832243
stable_node,0.17840322435994352,439.6105970311319,0.015232153834610726,-0.00464656536341174
stable_node,0.17840322435994352,440.0168914831015,0.015164607443739007,-0.00462596100230663
stable_node,0.17840322435994352,440.42318593507116,0.015097360566868352,-0.004605447995837684
stable_node,0.17840322435994352,440.82948038704075,0.015030411876145526,-0.0045850259391257454
stable_node,0.17840322435994352,441.2357748390104,0.014963760049600245,-0.004564694429083654
stable_node,0.17840322435994352,441.64206929098003,0.014897403771119885,-0.004544453064408523
stable_node,0.17840322435994352,442.0483637429496,0.01483134173042313,-0.004524301445573767
stable_node,0.17840322435994352,442.45465819491926,0.01476557262303406,-0.004504239174821244
stable_node,0.17840322435994352,442.8609526468889,0.014700095150257254,-0.004484265856153637
stable_node,0.17840322435994352,443.2672470988585,0.014634908019151032,-0.004464381095326416
stable_node,0.17840322435994352,443.67354155082813,0.014570009942503051,-0.004444584499840342
stable_node,0.17840322435994352,444.0798360027978,0.014505399638804359,-0.004424875678933652
stable_node,0.17840322435994352,444.48613045476736,0.014441075832224417,-0.004405254243574426
stable_node,0.17840322435994352,444.892424906737,0.014377037252585982,-0.0043857198064529935
stable_node,0.17840322435994352,445.2987193587066,0.014313282635340006,-0.004366271981974275
stable_node,0.17840322435994352,445.70501381067623,0.01424981072154073,-0.004346910386250253
stable_node,0.17840322435994352,446.1113082626459,0.014186620257820911,-0.0043276346370924165
stable_node,0.17840322435994352,446.51760271461546,0.014123709996367568,-0.004308444354004401
stable_node,0.17840322435994352,446.9238971665851,0.014061078694896426,-0.004289339158174257
stable_node,0.17840322435994352,447.33019161855475,0.013998725116628695,-0.00427031867246732
stable_node,0.17840322435994352,447.73648607052434,0.01393664803026532,-0.004251382521418479
stable_node,0.17840322435994352,448.142780522494,0.013874846209964296,-0.004232530331225213
stable_node,0.17840322435994352,448.5490749744636,0.013813318435315155,-0.004213761729739879
stable_node,0.17840322435994352,448.9553694264332,0.013752063491315629,-0.004195076346462599
stable_node,0.17840322435994352,449.36166387840285,0.013691080168347903,-0.004176473812534042
stable_node,0.17840322435994352,449.7679583303725,0.013630367262154315,-0.004157953760728078
stable_node,0.17840322435994352,450.1742527823421,0.01356992357381349,-0.004139515825444475
stable_node,0.17840322435994352,450.5805472343117,0.013509747909717346,-0.004121159642701946
stable_node,0.17840322435994352,450.98684168628137,0.013449839081547428,-0.004102884850130933
stable_node,0.17840322435994352,451.39313613825095,0.013390195906251076,-0.004084691086966385
stable_node,0.17840322435994352,451.7994305902206,0.013330817206018633,-0.0040665779940408115
stable_node,0.17840322435994352,452.2057250421902,0.01327170180825981,-0.004048545213777117
stable_node,0.17840322435994352,452.6120194941598,0.013212848545580896,-0.004030592390181667
stable_node,0.17840322435994352,453.01831394612947,0.013154256255761868,-0.004012719168837308
stable_node,0.17840322435994352,453.42460839809905,0.013095923781733028,-0.003994925196896304
stable_node,0.17840322435994352,453.8309028500687,0.013037849971552488,-0.00397721012307348
stable_node,0.17840322435994352,454.23719730203834,0.012980033678383716,-0.003959573597639368
stable_node,0.17840322435994352,454.6434917540079,0.012922473760472283,-0.003942015272413179
stable_node,0.17840322435994352,455.04978620597757,0.012865169081124091,-0.003924534800756163
stable_node,0.17840322435994352,455.4560806579472,0.012808118508682848,-0.0039071318375647444
stable_node,0.17840322435994352,455.8623751099168,0.01275132091650723,-0.0038898060392636154
stable_node,0.17840322435994352,456.26866956188644,0.012694775182949073,-0.0038725570637990823
stable_node,0.17840322435994352,456.6749640138561,0.012638480191331406,-0.003855384570632389
stable_node,0.17840322435994352,457.08125846582567,0.012582434829926202,-0.00383828822073295
stable_node,0.17840322435994352,457.4875529177953,0.01252663799193259,-0.003821267676571735
stable_node,0.17840322435994352,457.8938473697649,0.012471088575455237,-0.0038043226021146816
stable_node,0.17840322435994352,458.30014182173454,0.012415785483481772,-0.0037874526628158506
stable_node,0.17840322435994352,458.7064362737042,0.012360727623862571,-0.0037706575256112426
stable_node,0.17840322435994352,459.11273072567377,0.012305913909288016,-0.003753936858911928
stable_node,0.17840322435994352,459.5190251776434,0.012251343257267658,-0.00373729033259767
stable_node,0.17840322435994352,459.92531962961306,0.012197014590108834,-0.003720717618010444
stable_node,0.17840322435994352,460.33161408158264,0.012142926834895202,-0.003704218387947901
stable_node,0.17840322435994352,460.7379085335523,0.012089078923465852,-0.003687792316657023
stable_node,0.17840322435994352,461.14420298552193,0.012035469792394067,-0.0036714390798276526
stable_node,0.17840322435994352,461.5504974374915,0.011982098382966606,-0.0036551583545861794
stable_node,0.17840322435994352,461.95679188946116,0.011928963641162527,-0.003638949819489146
stable_node,0.17840322435994352,462.3630863414308,0.011876064517632578,-0.003622813154516917
stable_node,0.17840322435994352,462.7693807934004,0.011823399967678384,-0.0036067480410674046
stable_node,0.17840322435994352,463.17567524537003,0.011770968951232441,-0.003590754161949924
stable_node,0.17840322435994352,463.5819696973397,0.011718770432836685,-0.0035748312013787397
stable_node,0.17840322435994352,463.98826414930926,0.011666803381622608,-0.0035589788449669605
stable_node,0.17840322435994352,464.3945586012789,0.01161506677129106,-0.003543196779720429
stable_node,0.17840322435994352,464.8008530532485,0.011563559580091656,-0.0035274846940314348
stable_node,0.17840322435994352,465.20714750521813,0.01151228079080309,-0.003511842277672744
stable_node,0.17840322435994352,465.6134419571878,0.011461229390712323,-0.003496269221791258
stable_node,0.17840322435994352,466.01973640915736,0.011410404371595502,-0.0034807652189021974
stable_node,0.17840322435994352,466.426030861127,0.011359804729697725,-0.0034653299628829614
stable_node,0.17840322435994352,466.83232531309665,0.011309429465712841,-0.003449963148966989
stable_node,0.17840322435994352,467.23861976506623,0.011259277584764476,-0.003434664473737948
stable_node,0.17840322435994352,467.6449142170359,0.011209348096385888,-0.003419433635123655
stable_node,0.17840322435994352,468.0512086690055,0.01115964001450074,-0.003404270332390177
stable_node,0.17840322435994352,468.4575031209751,0.01111015235740335,-0.0033891742661358603
stable_node,0.17840322435994352,468.86379757294475,0.011060884147739836,-0.003374145138285564
stable_node,0.17840322435994352,469.2700920249144,0.011011834412487993,-0.003359182652084564
stable_node,0.17840322435994352,469.676386476884,0.010963002182939486,-0.0033442865120930994
stable_node,0.17840322435994352,470.0826809288536,0.01091438649467907,-0.003329456424180079
stable_node,0.17840322435994352,470.4889753808232,0.010865986387566789,-0.0033146920955176564
stable_node,0.17840322435994352,470.89526983279285,0.01081780090571897,-0.0032999932345754205
stable_node,0.17840322435994352,471.3015642847625,0.01076982909748838,-0.00328535955111441
stable_node,0.17840322435994352,471.7078587367321,0.010722070015446731,-0.0032707907561817244
stable_node,0.17840322435994352,472.1141531887017,0.010674522716365244,-0.003256286562104661
stable_node,0.17840322435994352,472.52044764067136,0.010627186261196318,-0.0032418466824850984
stable_node,0.17840322435994352,472.92674209264095,0.010580059715054888,-0.003227470832193847
stable_node,0.17840322435994352,473.3330365446106,0.010533142147199921,-0.003213158727365007
stable_node,0.17840322435994352,473.73933099658024,0.010486432631016123,-0.003198910085390407
stable_node,0.17840322435994352,474.1456254485498,0.010439930243996115,-0.0031847246249141546
stable_node,0.17840322435994352,474.55191990051947,0.010393634067721381,-0.003170602065826873
stable_node,0.17840322435994352,474.9582143524891,0.010347543187844931,-0.0031565421292603893
stable_node,0.17840322435994352,475.3645088044587,0.010301656694072783,-0.003142544537582128
stable_node,0.17840322435994352,475.77080325642834,0.010255973680146288,-0.003128609014389701
stable_node,0.17840322435994352,476.177097708398,0.010210493243823952,-0.0031147352845054023
stable_node,0.17840322435994352,476.58339216036757,0.010165214486864181,-0.0031009230739709273
stable_node,0.17840322435994352,476.9896866123372,0.010120136515007089,-0.0030871721100418537
stable_node,0.17840322435994352,477.3959810643068,0.010075258437956692,-0.00307348212118222
stable_node,0.17840322435994352,477.80227551627644,0.010030579369364053,-0.003059852837059377
stable_node,0.17840322435994352,478.2085699682461,0.009986098426809215,-0.0030462839885385057
stable_node,0.17840322435994352,478.61486442021567,0.00994181473178417,-0.0030327753076774227
stable_node,0.17840322435994352,479.0211588721853,0.009897727409675152,-0.003019326527721188
stable_node,0.17840322435994352,479.42745332415495,0.009853835589745492,-0.003005937383096902
stable_node,0.17840322435994352,479.83374777612454,0.009810138405118957,-0.0029926076094085943
stable_node,0.17840322435994352,480.2400422280942,0.009766634992761732,-0.002979336943431783
stable_node,0.17840322435994352,480.6463366800638,0.009723324493466202,-0.0029661251231085065
stable_node,0.17840322435994352,481.0526311320334,0.009680206051833704,-0.0029529718875420724
stable_node,0.17840322435994352,481.45892558400305,0.00963727881625729,-0.0029398769769918304
stable_node,0.17840322435994352,481.8652200359727,0.009594541938905767,-0.0029268401328682845
stable_node,0.17840322435994352,482.2715144879423,0.009551994575706144,-0.002913861097727781
stable_node,0.17840322435994352,482.6778089399119,0.009509635886327458,-0.0029009396152675413
stable_node,0.17840322435994352,483.08410339188157,0.009467465034164072,-0.00288807543032061
stable_node,0.17840322435994352,483.49039784385116,0.009425481186319157,-0.0028752682888508107
stable_node,0.17840322435994352,483.8966922958208,0.00938368351358828,-0.0028625179379477466
stable_node,0.17840322435994352,484.3029867477904,0.00934207119044301,-0.002849824125821819
stable_node,0.17840322435994352,484.70928119976,0.009300643395014524,-0.002837186601799224
stable_node,0.17840322435994352,485.11557565172967,0.009259399309077805,-0.002824605116317138
stable_node,0.17840322435994352,485.52187010369926,0.009218338118035036,-0.0028120794209186705
stable_node,0.17840322435994352,485.9281645556689,0.009177459010899761,-0.0027996092682480364
stable_node,0.17840322435994352,486.33445900763854,0.009136761180280844,-0.0027871944120456595
stable_node,0.17840322435994352,486.74075345960813,0.009096243822366509,-0.0027748346071433303
stable_node,0.17840322435994352,487.1470479115778,0.00905590613690868,-0.002762529609459419
stable_node,0.17840322435994352,487.5533423635474,0.00901574732720676,-0.0027502791759939555
stable_node,0.17840322435994352,487.959636815517,0.008975766600092328,-0.0027380830648239445
stable_node,0.17840322435994352,488.36593126748664,0.008935963165913162,-0.0027259410350985165
stable_node,0.17840322435994352,488.7722257194563,0.008896336238518163,-0.002713852847034326
stable_node,0.17840322435994352,489.1785201714259,0.008856885035241307,-0.002701818261910666
stable_node,0.17840322435994352,489.5848146233955,0.008817608776886471,-0.0026898370420648495
stable_node,0.17840322435994352,489.9911090753651,0.008778506687711823,-0.0026779089508874553
stable_node,0.17840322435994352,490.39740352733475,0.008739577995414942,-0.0026660337528177872
stable_node,0.17840322435994352,490.8036979793044,0.008700821931117153,-0.0026542112133391147
stable_node,0.17840322435994352,491.209992431274,0.008662237729348739,-0.0026424410989741476
stable_node,0.17840322435994352,491.6162868832436,0.0086238246280334,-0.0026307231772803277
stable_node,0.17840322435994352,492.02258133521326,0.008585581868473543,-0.0026190572168453287
stable_node,0.17840322435994352,492.42887578718285,0.008547508695335214,-0.0026074429872824756
stable_node,0.17840322435994352,492.8351702391525,0.008509604356633312,-0.0025958802592262334
stable_node,0.17840322435994352,493.24146469112213,0.008471868103716541,-0.0025843688043276254
stable_node,0.17840322435994352,493.6477591430917,0.008434299191252522,-0.0025729083952497093
stable_node,0.17840322435994352,494.05405359506136,0.008396896877213688,-0.0025614988056632646
stable_node,0.17840322435994352,494.460348047031,0.008359660422862044,-0.002550139810242142
stable_node,0.17840322435994352,494.8666424990006,0.008322589092734691,-0.0025388311846588907
stable_node,0.17840322435994352,495.27293695097023,0.008285682154629659,-0.0025275727055803997
stable_node,0.17840322435994352,495.6792314029399,0.008248938879591064,-0.0025163641506633964
stable_node,0.17840322435994352,496.08552585490946,0.008212358541894912,-0.0025052052985501225
stable_node,0.17840322435994352,496.4918203068791,0.008175940419034763,-0.0024940959288639606
stable_node,0.17840322435994352,496.8981147588487,0.008139683791707288,-0.0024830358222050412
stable_node,0.17840322435994352,497.30440921081833,0.008103587943798483,-0.0024720247601460314
stable_node,0.17840322435994352,497.710703662788,0.008067652162369167,-0.002461062525227721
stable_node,0.17840322435994352,498.11699811475756,0.008031875737641107,-0.002450148900954794
stable_node,0.17840322435994352,498.5232925667272,0.007996257962982832,-0.0024392836717915187
stable_node,0.17840322435994352,498.92958701869685,0.007960798134895832,-0.002428466623157527
stable_node,0.17840322435994352,499.33588147066644,0.007925495553000724,-0.002417697541423602
stable_node,0.17840322435994352,499.7421759226361,0.007890349520023163,-0.00240697621390739
stable_node,0.17840322435994352,500.1484703746057,0.007855359341780574,-0.0023963024288693496
stable_node,0.17840322435994352,500.5547648265753,0.007820524327167839,-0.0023856759755084074
stable_node,0.17840322435994352,500.96105927854495,0.00778584378814404,-0.0023750966439579
stable_node,0.17840322435994352,501.3673537305146,0.007751317039718817,-0.0023645642252814246
stable_node,0.17840322435994352,501.7736481824842,0.007716943399938999,-0.002354078511468765
stable_node,0.17840322435994352,502.1799426344538,0.007682722189874647,-0.002343639295431644
stable_node,0.17840322435994352,502.5862370864234,0.007648652733606257,-0.002333246370999806
stable_node,0.17840322435994352,502.99253153839305,0.007614734358211066,-0.0023228995329168706
stable_node,0.17840322435994352,503.3988259903627,0.007580966393749764,-0.0023125985768362644
stable_node,0.17840322435994352,503.8051204423323,0.00754734817325354,-0.0023023432993172733
stable_node,0.17840322435994352,504.2114148943019,0.0075138790327104995,-0.0022921334978209204
stable_node,0.17840322435994352,504.61770934627157,0.007480558311053038,-0.0022819689707060894
stable_node,0.17840322435994352,505.02400379824115,0.007447385350144467,-0.0022718495172254797
stable_node,0.17840322435994352,505.4302982502108,0.007414359494765942,-0.0022617749375216057
stable_node,0.17840322435994352,505.83659270218044,0.007381480092604043,-0.0022517450326230144
stable_node,0.17840322435994352,506.24288715415,0.007348746494237248,-0.0022417596044401627
stable_node,0.17840322435994352,506.64918160611967,0.0073161580531235035,-0.002231818455761634
stable_node,0.17840322435994352,507.0554760580893,0.007283714125587521,-0.0022219213902502618
stable_node,0.17840322435994352,507.4617705100589,0.007251414070807682,-0.0022120682124391433
stable_node,0.17840322435994352,507.86806496202854,0.007219257250803835,-0.002202258727727912
stable_node,0.17840322435994352,508.2743594139982,0.007187243030424467,-0.0021924927423788414
stable_node,0.17840322435994352,508.68065386596777,0.007155370777334251,-0.0021827700635130357
stable_node,0.17840322435994352,509.0869483179374,0.007123639862001298,-0.002173090499106557
stable_node,0.17840322435994352,509.493242769907,0.007092049657685259,-0.002163453857986789
stable_node,0.17840322435994352,509.89953722187664,0.007060599540424339,-0.002153859949828485
stable_node,0.17840322435994352,510.3058316738463,0.007029288889023625,-0.002144308585150209
stable_node,0.17840322435994352,510.71212612581587,0.006998117085042154,-0.0021347995753103963
stable_node,0.17840322435994352,511.1184205777855,0.006967083512781356,-0.002125332732503825
stable_node,0.17840322435994352,511.52471502975516,0.006936187559272206,-0.0021159078697577127
stable_node,0.17840322435994352,511.93100948172474,0.0069054286142639434,-0.002106524800928256
stable_node,0.17840322435994352,512.3373039336943,0.006874806070211249,-0.0020971833406967437
stable_node,0.17840322435994352,512.743598385664,0.0068443193222627405,-0.00208788330456605
stable_node,0.17840322435994352,513.1498928376336,0.006813967768248757,-0.002078624508856892
stable_node,0.17840322435994352,513.5561872896033,0.006783750808669669,-0.002069406770704288
stable_node,0.17840322435994352,513.9624817415729,0.006753667846684037,-0.0020602299080539283
stable_node,0.17840322435994352,514.3687761935425,0.0067237182880967574,-0.0020510937396585765
stable_node,0.17840322435994352,514.7750706455121,0.006693901541347198,-0.0020419980850744555
stable_node,0.17840322435994352,515.1813650974817,0.006664217017497741,-0.002032942764657742
stable_node,0.17840322435994352,515.5876595494514,0.006634664130221994,-0.002023927599560983
stable_node,0.17840322435994352,515.993954001421,0.006605242295793489,-0.0020149524117296473
stable_node,0.17840322435994352,516.4002484533906,0.006575950933073921,-0.0020060170238985365
stable_node,0.17840322435994352,516.8065429053603,0.0065467894635015495,-0.0019971212595882603
stable_node,0.17840322435994352,517.2128373573298,0.006517757311079991,-0.0019882649431018167
stable_node,0.17840322435994352,517.6191318092995,0.006488853902366972,-0.001979447899521152
stable_node,0.17840322435994352,518.0254262612691,0.006460078666462779,-0.001970669954703653
stable_node,0.17840322435994352,518.4317207132387,0.006431431034998776,-0.0019619309352786525
stable_node,0.17840322435994352,518.8380151652084,0.00640291044212696,-0.001953230668644219
stable_node,0.17840322435994352,519.2443096171779,0.006374516324508023,-0.0019445689829635394
stable_node,0.17840322435994352,519.6506040691476,0.006346248121300281,-0.0019359457071615551
stable_node,0.17840322435994352,520.0568985211172,0.006318105274149135,-0.001927360670921717
stable_node,0.17840322435994352,520.4631929730868,0.00629008722717574,-0.001918813704682546
stable_node,0.17840322435994352,520.8694874250565,0.0062621934269657025,-0.001910304639634209
stable_node,0.17840322435994352,521.2757818770261,0.006234423322558886,-0.0019018333077153679
stable_node,0.17840322435994352,521.6820763289957,0.006206776365437802,-0.0018933995416096805
stable_node,0.17840322435994352,522.0883707809653,0.0061792520095171975,-0.0018850031747426066
stable_node,0.17840322435994352,522.494665232935,0.006151849711133356,-0.001876644041278147
stable_node,0.17840322435994352,522.9009596849046,0.006124568929032775,-0.0018683219761153988
stable_node,0.17840322435994352,523.3072541368742,0.0060974091243622885,-0.0018600368148855419
stable_node,0.17840322435994352,523.7135485888439,0.006070369760657912,-0.0018517883939484273
stable_node,0.17840322435994352,524.1198430408134,0.006043450303834313,-0.0018435765503893834
stable_node,0.17840322435994352,524.526137492783,0.0060166502221741846,-0.0018354011220159774
stable_node,0.17840322435994352,524.9324319447527,0.005989968986318276,-0.001827261947354952
stable_node,0.17840322435994352,525.3387263967223,0.00596340606925412,-0.0018191588656488202
stable_node,0.17840322435994352,525.745020848692,0.005936960946306387,-0.0018110917168528977
stable_node,0.17840322435994352,526.1513153006615,0.005910633095125988,-0.001803060341632003
stable_node,0.17840322435994352,526.5576097526312,0.0058844219956801285,-0.0017950645813574072
stable_node,0.17840322435994352,526.9639042046008,0.0058583271302417046,-0.0017871042781036123
stable_node,0.17840322435994352,527.3701986565704,0.005832347983379408,-0.0017791792746453296
stable_node,0.17840322435994352,527.7764931085401,0.005806484041947422,-0.001771289414454339
stable_node,0.17840322435994352,528.1827875605097,0.0057807347950750146,-0.0017634345416963216
stable_node,0.17840322435994352,528.5890820124793,0.005755099734157182,-0.0017556145012279933
stable_node,0.17840322435994352,528.9953764644489,0.005729578352843495,-0.0017478291385937294
stable_node,0.17840322435994352,529.4016709164185,0.005704170147029305,-0.0017400783000228485
stable_node,0.17840322435994352,529.8079653683882,0.005678874614844936,-0.001732361832426348
stable_node,0.17840322435994352,530.2142598203578,0.005653691256646117,-0.001724679583393975
stable_node,0.17840322435994352,530.6205542723275,0.005628619575004116,-0.0017170314011912126
stable_node,0.17840322435994352,531.026848724297,0.0056036590746957275,-0.0017094171347562432
stable_node,0.17840322435994352,531.4331431762666,0.005578809262693855,-0.001701836633697052
stable_node,0.17840322435994352,531.8394376282363,0.005554069648157251,-0.0016942897482883355
stable_node,0.17840322435994352,532.2457320802059,0.005529439742421534,-0.0016867763294687193
stable_node,0.17840322435994352,532.6520265321756,0.005504919058988634,-0.0016792962288375815
stable_node,0.17840322435994352,533.0583209841451,0.005480507113518095,-0.001671849298652371
stable_node,0.17840322435994352,533.4646154361147,0.005456203423817004,-0.0016644353918255426
stable_node,0.17840322435994352,533.8709098880844,0.005432007509830375,-0.001657054361921647
stable_node,0.17840322435994352,534.277204340054,0.005407918893632226,-0.0016497060631545748
stable_node,0.17840322435994352,534.6834987920237,0.005383937099415303,-0.0016423903503844557
stable_node,0.17840322435994352,535.0897932439933,0.005360061653482495,-0.0016351070791150223
stable_node,0.17840322435994352,535.4960876959628,0.0053362920842372425,-0.0016278561054906837
stable_node,0.17840322435994352,535.9023821479325,0.0053126279221738515,-0.0016206372862935861
stable_node,0.17840322435994352,536.3086765999021,0.005289068699868548,-0.0016134504789408802
stable_node,0.17840322435994352,536.7149710518718,0.005265613951970301,-0.0016062955414819172
stable_node,0.17840322435994352,537.1212655038414,0.005242263215191566,-0.001599172332595426
stable_node,0.17840322435994352,537.5275599558111,0.00521901602829898,-0.0015920807115866863
stable_node,0.17840322435994352,537.9338544077806,0.005195871932104485,-0.0015850205383848102
stable_node,0.17840322435994352,538.3401488597502,0.005172830469456092,-0.00157799167353994
stable_node,0.17840322435994352,538.7464433117199,0.005149891185228979,-0.001570993978220515
stable_node,0.17840322435994352,539.1527377636895,0.005127053626316281,-0.0015640273142104838
stable_node,0.17840322435994352,539.5590322156592,0.005104317341620562,-0.0015570915439066862
stable_node,0.17840322435994352,539.9653266676287,0.0050816818820445045,-0.0015501865303160247
stable_node,0.17840322435994352,540.3716211195983,0.005059146800482136,-0.0015433121370527862
stable_node,0.17840322435994352,540.777915571568,0.005036711651810123,-0.0015364682283359927
stable_node,0.17840322435994352,541.1842100235376,0.005014375992878881,-0.0015296546689866754
stable_node,0.17840322435994352,541.5905044755073,0.004992139382504049,-0.0015228713244252899
stable_node,0.17840322435994352,541.9967989274769,0.004970001381457118,-0.0015161180606688609
stable_node,0.17840322435994352,542.4030933794464,0.0049479615524577365,-0.001509394744328617
stable_node,0.17840322435994352,542.8093878314161,0.004926019460164188,-0.0015027012426071062
stable_node,0.17840322435994352,543.2156822833857,0.004904174671165432,-0.00149603742329576
stable_node,0.17840322435994352,543.6219767353554,0.004882426753972117,-0.0014894031547721543
stable_node,0.17840322435994352,544.028271187325,0.004860775279008221,-0.0014827983059974624
stable_node,0.17840322435994352,544.4345656392945,0.004839219818602721,-0.0014762227465139096
stable_node,0.17840322435994352,544.8408600912642,0.004817759946980747,-0.0014696763464420836
stable_node,0.17840322435994352,545.2471545432338,0.004796395240255629,-0.001463158976478504
stable_node,0.17840322435994352,545.6534489952035,0.00477512527642032,-0.0014566705078930024
stable_node,0.17840322435994352,546.0597434471731,0.004753949635338954,-0.0014502108125261613
stable_node,0.17840322435994352,546.4660378991427,0.004732867898738734,-0.0014437797627868264
stable_node,0.17840322435994352,546.8723323511123,0.004711879650201614,-0.001437377231649582
stable_node,0.17840322435994352,547.2786268030819,0.004690984475155972,-0.001431003092652203
stable_node,0.17840322435994352,547.6849212550516,0.004670181960868619,-0.001424657219893221
stable_node,0.17840322435994352,548.0912157070212,0.004649471696436446,-0.001418339488029378
stable_node,0.17840322435994352,548.4975101589908,0.004628853272778487,-0.001412049772273208
stable_node,0.17840322435994352,548.9038046109605,0.004608326282627695,-0.0014057879483905232
stable_node,0.17840322435994352,549.31009906293,0.0045878903205229735,-0.0013995538926979882
stable_node,0.17840322435994352,549.7163935148997,0.004567544982801191,-0.0013933474820606857
stable_node,0.17840322435994352,550.1226879668693,0.00454728986758912,-0.0013871685938896562
stable_node,0.17840322435994352,550.528982418839,0.004527124574795726,-0.0013810171061395444
stable_node,0.17840322435994352,550.9352768708086,0.004507048706103885,-0.0013748928973060784
stable_node,0.17840322435994352,551.3415713227781,0.004487061864962716,-0.0013687958464237335
stable_node,0.17840322435994352,551.7478657747478,0.0044671636565800695,-0.0013627258330634266
stable_node,0.17840322435994352,552.1541602267174,0.004447353687914076,-0.001356682737329959
stable_node,0.17840322435994352,552.560454678687,0.004427631567665972,-0.0013506664398598163
stable_node,0.17840322435994352,552.9667491306567,0.004407996906272005,-0.0013446768218187027
stable_node,0.17840322435994352,553.3730435826263,0.004388449315895982,-0.001338713764899266
stable_node,0.17840322435994352,553.7793380345959,0.004368988410421307,-0.0013327771513186786
stable_node,0.17840322435994352,554.1856324865655,0.004349613805443799,-0.0013268668638164323
stable_node,0.17840322435994352,554.5919269385352,0.004330325118263723,-0.0013209827856519218
stable_node,0.17840322435994352,554.9982213905048,0.004311121967878288,-0.0013151248006021518
stable_node,0.17840322435994352,555.4045158424744,0.004292003974974307,-0.0013092927929594963
stable_node,0.17840322435994352,555.8108102944441,0.004272970761920576,-0.001303486647529378
stable_node,0.17840322435994352,556.2171047464136,0.004254021952760467,-0.0012977062496280045
stable_node,0.17840322435994352,556.6233991983833,0.004235157173204282,-0.0012919514850800477
stable_node,0.17840322435994352,557.0296936503529,0.0042163760506223795,-0.0012862222402165295
stable_node,0.17840322435994352,557.4359881023225,0.004197678214037051,-0.001280518401872367
stable_node,0.17840322435994352,557.8422825542922,0.004179063294116098,-0.0012748398573843897
stable_node,0.17840322435994352,558.2485770062617,0.004160530923164755,-0.001269186494588897
stable_node,0.17840322435994352,558.6548714582314,0.004142080735118801,-0.0012635582018195434
stable_node,0.17840322435994352,559.061165910201,0.0041237123655373485,-0.0012579548679051487
stable_node,0.17840322435994352,559.4674603621706,0.004105425451595539,-0.0012523763821674612
stable_node,0.17840322435994352,559.8737548141403,0.004087219632077327,-0.0012468226344189684
stable_node,0.17840322435994352,560.2800492661099,0.004069094547368551,-0.001241293514960773
stable_node,0.17840322435994352,560.6863437180795,0.004051049839449742,-0.0012357889145804012
stable_node,0.17840322435994352,561.0926381700491,0.004033085151888724,-0.0012303087245495608
stable_node,0.17840322435994352,561.4989326220187,0.004015200129834269,-0.00122485283662218
stable_node,0.17840322435994352,561.9052270739884,0.003997394420008267,-0.0012194211430320483
stable_node,0.17840322435994352,562.311521525958,0.003979667670699663,-0.0012140135364909386
stable_node,0.17840322435994352,562.7178159779277,0.003962019531756715,-0.0012086299101862674
stable_node,0.17840322435994352,563.1241104298972,0.003944449654580336,-0.001203270157779063
stable_node,0.17840322435994352,563.5304048818668,0.00392695769211738,-0.0011979341734019019
stable_node,0.17840322435994352,563.9366993338365,0.003909543298853606,-0.0011926218516567818
stable_node,0.17840322435994352,564.3429937858061,0.0038922061308069794,-0.001187333087613066
stable_node,0.17840322435994352,564.7492882377758,0.0038749458455208173,-0.0011820677768053952
stable_node,0.17840322435994352,565.1555826897453,0.003857762102056934,-0.0011768258152316025
stable_node,0.17840322435994352,565.561877141715,0.0038406545609890454,-0.0011716070993506977
stable_node,0.17840322435994352,565.9681715936846,0.0038236228843959398,-0.0011664115260807875
stable_node,0.17840322435994352,566.3744660456542,0.0038066667358551405,-0.00116123899279713
stable_node,0.17840322435994352,566.7807604976239,0.0037897857804356306,-0.0011560893973299403
stable_node,0.17840322435994352,567.1870549495935,0.0037729796846919087,-0.0011509626379625532
stable_node,0.17840322435994352,567.593349401563,0.003756248116656834,-0.0011458586134292575
stable_node,0.17840322435994352,567.9996438535327,0.0037395907458356577,-0.0011407772229134634
stable_node,0.17840322435994352,568.4059383055023,0.0037230072431989007,-0.0011357183660455426
stable_node,0.17840322435994352,568.812232757472,0.003706497281176255,-0.0011306819429009573
stable_node,0.17840322435994352,569.2185272094416,0.0036900605336499894,-0.0011256678539982563
stable_node,0.17840322435994352,569.6248216614113,0.0036736966759484645,-0.0011206760002970952
stable_node,0.17840322435994352,570.0311161133808,0.003657405384839829,-0.0011157062831963116
stable_node,0.17840322435994352,570.4374105653504,0.003641186338525477,-0.0011107586045319329
stable_node,0.17840322435994352,570.8437050173201,0.003625039216633861,-0.0011058328665752883
stable_node,0.17840322435994352,571.2499994692897,0.0036089637002141486,-0.0011009289720310695
stable_node,0.17840322435994352,571.6562939212594,0.003592959471729793,-0.0010960468240353777
stable_node,0.17840322435994352,572.0625883732289,0.003577026215052265,-0.001091186326153809
stable_node,0.17840322435994352,572.4688828251985,0.0035611636154550185,-0.0010863473823796098
stable_node,0.17840322435994352,572.8751772771682,0.0035453713596070324,-0.0010815298971317132
stable_node,0.17840322435994352,573.2814717291378,0.003529649135566831,-0.0010767337752529095
stable_node,0.17840322435994352,573.6877661811075,0.0035139966327760656,-0.0010719589220078967
stable_node,0.17840322435994352,574.0940606330771,0.003498413542053691,-0.0010672052430814928
stable_node,0.17840322435994352,574.5003550850466,0.0034828995555895676,-0.0010624726445766974
stable_node,0.17840322435994352,574.9066495370163,0.0034674543669386557,-0.0010577610330129077
stable_node,0.17840322435994352,575.3129439889859,0.0034520776710147264,-0.0010530703153240123
stable_node,0.17840322435994352,575.7192384409556,0.0034367691640844406,-0.00104840039885658
stable_node,0.17840322435994352,576.1255328929252,0.0034215285437613602,-0.001043751191368029
stable_node,0.17840322435994352,576.5318273448947,0.003406355508999952,-0.0010391226010248084
stable_node,0.17840322435994352,576.9381217968644,0.0033912497600897124,-0.0010345145364005967
stable_node,0.17840322435994352,577.344416248834,0.0033762109986490195,-0.0010299269064744313
stable_node,0.17840322435994352,577.7507107008037,0.0033612389276196065,-0.0010253596206290215
stable_node,0.17840322435994352,578.1570051527733,0.0033463332512603814,-0.0010208125886488628
stable_node,0.17840322435994352,578.563299604743,0.003331493675141668,-0.0010162857207184862
stable_node,0.17840322435994352,578.9695940567125,0.0033167199061394812,-0.0010117789274207048
stable_node,0.17840322435994352,579.3758885086821,0.003302011652429666,-0.0010072921197348266
stable_node,0.17840322435994352,579.7821829606518,0.0032873686234821836,-0.0010028252090349152
stable_node,0.17840322435994352,580.1884774126214,0.003272790530055263,-0.0009983781070880067
stable_node,0.17840322435994352,580.594771864591,0.003258277084189709,-0.000993950726052373
stable_node,0.17840322435994352,581.0010663165607,0.0032438279992034465,-0.0009895429784758526
stable_node,0.17840322435994352,581.4073607685302,0.003229442989685543,-0.0009851547772940325
stable_node,0.17840322435994352,581.8136552204999,0.003215121771490692,-0.0009807860358285695
stable_node,0.17840322435994352,582.2199496724695,0.0032008640617337473,-0.0009764366677855079
stable_node,0.17840322435994352,582.6262441244392,0.0031866695787838256,-0.0009721065872535022
stable_node,0.17840322435994352,583.0325385764088,0.003172538042259072,-0.0009677957087022022
stable_node,0.17840322435994352,583.4388330283783,0.003158469173020845,-0.0009635039469804916
stable_node,0.17840322435994352,583.845127480348,0.003144462693168551,-0.0009592312173149001
stable_node,0.17840322435994352,584.2514219323176,0.0031305183260335505,-0.000954977435307762
stable_node,0.17840322435994352,584.6577163842873,0.0031166357961744952,-0.0009507425169357754
stable_node,0.17840322435994352,585.0640108362569,0.0031028148293712325,-0.0009465263785481552
stable_node,0.17840322435994352,585.4703052882265,0.0030890551526196425,-0.0009423289368650588
stable_node,0.17840322435994352,585.8765997401961,0.003075356494126315,-0.0009381501089759506
stable_node,0.17840322435994352,586.2828941921657,0.0030617185833030284,-0.000933989812337931
stable_node,0.17840322435994352,586.6891886441354,0.003048141150761477,-0.0009298479647741247
stable_node,0.17840322435994352,587.095483096105,0.0030346239283080226,-0.0009257244844720728
stable_node,0.17840322435994352,587.5017775480746,0.0030211666489381697,-0.00092161928998206
stable_node,0.17840322435994352,587.9080720000443,0.003007769046831674,-0.0009175323002156093
stable_node,0.17840322435994352,588.3143664520138,0.002994430857346839,-0.0009134634344437545
stable_node,0.17840322435994352,588.7206609039835,0.0029811518170156275,-0.0009094126122955398
stable_node,0.17840322435994352,589.1269553559531,0.002967931663538334,-0.0009053797537564009
stable_node,0.17840322435994352,589.5332498079227,0.00295477013577838,-0.0009013647791665727
stable_node,0.17840322435994352,589.9395442598924,0.00294166697375729,-0.0008973676092195636
stable_node,0.17840322435994352,590.3458387118619,0.002928621918649233,-0.0008933881649604842
stable_node,0.17840322435994352,590.7521331638316,0.0029156347127763924,-0.0008894263677846351
stable_node,0.17840322435994352,591.1584276158012,0.0029027050996034273,-0.0008854821394358237
stable_node,0.17840322435994352,591.5647220677708,0.0028898328237327623,-0.0008815554020049205
stable_node,0.17840322435994352,591.9710165197405,0.002877017630899187,-0.0008776460779282186
stable_node,0.17840322435994352,592.3773109717101,0.0028642592679652083,-0.0008737540899860062
stable_node,0.17840322435994352,592.7836054236797,0.0028515574829157363,-0.0008698793613009585
stable_node,0.17840322435994352,593.1898998756493,0.002838912024853283,-0.000866021815336663
stable_node,0.17840322435994352,593.596194327619,0.0028263226439930113,-0.0008621813758961123
stable_node,0.17840322435994352,594.0024887795886,0.0028137890916576334,-0.0008583579671201522
stable_node,0.17840322435994352,594.4087832315582,0.0028013111202726962,-0.0008545515134860378
stable_node,0.17840322435994352,594.8150776835279,0.002788888483361634,-0.0008507619398059271
stable_node,0.17840322435994352,595.2213721354974,0.0027765209355408273,-0.0008469891712253726
stable_node,0.17840322435994352,595.627666587467,0.0027642082325147793,-0.0008432331332218541
stable_node,0.17840322435994352,596.0339610394367,0.002751950131071455,-0.0008394937516033502
stable_node,0.17840322435994352,596.4402554914063,0.0027397463890771667,-0.0008357709525067848
stable_node,0.17840322435994352,596.846549943376,0.0027275967654720487,-0.0008320646623966454
stable_node,0.17840322435994352,597.2528443953455,0.0027155010202652456,-0.0008283748080635087
stable_node,0.17840322435994352,597.6591388473151,0.0027034589145300755,-0.0008247013166225759
stable_node,0.17840322435994352,598.0654332992848,0.002691470210399377,-0.0008210441155122477
stable_node,0.17840322435994352,598.4717277512544,0.002679534671060934,-0.0008174031324927226
stable_node,0.17840322435994352,598.8780222032241,0.002667652060752458,-0.0008137782956444856
stable_node,0.17840322435994352,599.2843166551937,0.0026558221447572955,-0.000810169533366974
stable_node,0.17840322435994352,599.6906111071632,0.00264404468939969,-0.0008065767743771496
stable_node,0.17840322435994352,600.0969055591329,0.002632319462039873,-0.0008029999477080009
stable_node,0.17840322435994352,600.5032000111025,0.0026206462310700332,-0.0007994389827073007
stable_node,0.17840322435994352,600.9094944630722,0.0026090247659092034,-0.0007958938090360605
stable_node,0.17840322435994352,601.3157889150418,0.002597454836999027,-0.0007923643566672302
stable_node,0.17840322435994352,601.7220833670114,0.002585936215799043,-0.0007888505558842672
stable_node,0.17840322435994352,602.128377818981,0.0025744686747823805,-0.0007853523372798134
stable_node,0.17840322435994352,602.5346722709506,0.0025630519874309454,-0.000781869631754239
stable_node,0.17840322435994352,602.9409667229203,0.002551685928231364,-0.0007784023705143938
stable_node,0.17840322435994352,603.3472611748899,0.0025403702726701153,-0.0007749504850721316
stable_node,0.17840322435994352,603.7535556268596,0.0025291047972294052,-0.0007715139072430437
stable_node,0.17840322435994352,604.1598500788291,0.0025178892793825338,-0.0007680925691450556
stable_node,0.17840322435994352,604.5661445307987,0.002506723497589663,-0.0007646864031971249
stable_node,0.17840322435994352,604.9724389827684,0.00249560723129342,-0.0007612953421179059
stable_node,0.17840322435994352,605.378733434738,0.002484540260914332,-0.0007579193189243602
stable_node,0.17840322435994352,605.7850278867077,0.0024735223678467974,-0.0007545582669305225
stable_node,0.17840322435994352,606.1913223386773,0.0024625533344546325,-0.0007512121197461434
stable_node,0.17840322435994352,606.5976167906468,0.0024516329440665762,-0.0007478808112753214
stable_node,0.17840322435994352,607.0039112426165,0.002440760980972483,-0.0007445642757153343
stable_node,0.17840322435994352,607.4102056945861,0.002429937230418531,-0.0007412624475551876
stable_node,0.17840322435994352,607.8165001465558,0.002419161478603337,-0.0007379752615744218
stable_node,0.17840322435994352,608.2227945985254,0.0024084335126736195,-0.0007347026528417923
stable_node,0.17840322435994352,608.6290890504949,0.0023977531207199794,-0.0007314445567139821
stable_node,0.17840322435994352,609.0353835024646,0.0023871200917727317,-0.000728200908834331
stable_node,0.17840322435994352,609.4416779544342,0.0023765342157977057,-0.0007249716451315537
stable_node,0.17840322435994352,609.8479724064039,0.0023659952836922096,-0.0007217567018185079
stable_node,0.17840322435994352,610.2542668583735,0.0023555030872807947,-0.0007185560153909036
stable_node,0.17840322435994352,610.6605613103432,0.002345057419311116,-0.0007153695226260426
stable_node,0.17840322435994352,611.0668557623127,0.0023346580734499574,-0.0007121971605816006
stable_node,0.17840322435994352,611.4731502142823,0.002324304844279086,-0.0007090388665943653
stable_node,0.17840322435994352,611.879444666252,0.0023139975272910805,-0.0007058945782789709
stable_node,0.17840322435994352,612.2857391182216,0.0023037359188855873,-0.000702764233526742
stable_node,0.17840322435994352,612.6920335701913,0.0022935198163650116,-0.0006996477705043915
stable_node,0.17840322435994352,613.0983280221609,0.002283349017930681,-0.0006965451276528436
stable_node,0.17840322435994352,613.5046224741304,0.0022732233226787925,-0.0006934562436859993
stable_node,0.17840322435994352,613.9109169261001,0.00226314253059634,-0.0006903810575894972
stable_node,0.17840322435994352,614.3172113780697,0.0022531064425575283,-0.0006873195086196134
stable_node,0.17840322435994352,614.7235058300394,0.002243114860319351,-0.0006842715363019194
stable_node,0.17840322435994352,615.129800282009,0.0022331675865179886,-0.0006812370804301791
stable_node,0.17840322435994352,615.5360947339785,0.002223264424664892,-0.0006782160810651552
stable_node,0.17840322435994352,615.9423891859482,0.002213405179142817,-0.000675208478533398
stable_node,0.17840322435994352,616.3486836379178,0.0022035896552019194,-0.0006722142134260596
stable_node,0.17840322435994352,616.7549780898875,0.0021938176589561095,-0.0006692332265977738
stable_node,0.17840322435994352,617.1612725418571,0.0021840889973789683,-0.0006662654591654195
stable_node,0.17840322435994352,617.5675669938267,0.0021744034783001327,-0.0006633108525070093
stable_node,0.17840322435994352,617.9738614457963,0.002164760910401352,-0.0006603693482604931
stable_node,0.17840322435994352,618.3801558977659,0.0021551611032128684,-0.0006574408883226514
stable_node,0.17840322435994352,618.7864503497356,0.0021456038671095056,-0.000654525414847901
stable_node,0.17840322435994352,619.1927448017052,0.002136089013307009,-0.0006516228702471826
stable_node,0.17840322435994352,619.5990392536748,0.0021266163538583164,-0.0006487331971868173
stable_node,0.17840322435994352,620.0053337056445,0.002117185701649735,-0.0006458563385873477
stable_node,0.17840322435994352,620.411628157614,0.002107796870397467,-0.0006429922376224702
stable_node,0.17840322435994352,620.8179226095837,0.0020984496746436682,-0.0006401408377178404
stable_node,0.17840322435994352,621.2242170615533,0.0020891439297529998,-0.0006373020825500155
stable_node,0.17840322435994352,621.630511513523,0.0020798794519087784,-0.0006344759160452846
stable_node,0.17840322435994352,622.0368059654926,0.0020706560581096657,-0.0006316622823786519
stable_node,0.17840322435994352,622.4431004174621,0.002061473566165624,-0.0006288611259726124
stable_node,0.17840322435994352,622.8493948694318,0.0020523317946947056,-0.0006260723914961641
stable_node,0.17840322435994352,623.2556893214014,0.002043230563119254,-0.0006232960238636535
stable_node,0.17840322435994352,623.661983773371,0.0020341696916623326,-0.000620531968233688
stable_node,0.17840322435994352,624.0682782253407,0.00202514900134429,-0.0006177801700080832
stable_node,0.17840322435994352,624.4745726773103,0.002016168313979206,-0.0006150405748307811
stable_node,0.17840322435994352,624.8808671292799,0.0020072274521712465,-0.0006123131285867394
stable_node,0.17840322435994352,625.2871615812495,0.0019983262393112808,-0.0006095977774008998
stable_node,0.17840322435994352,625.6934560332191,0.001989464499573396,-0.0006068944676371208
stable_node,0.17840322435994352,626.0997504851888,0.001980642057911298,-0.0006042031458970859
stable_node,0.17840322435994352,626.5060449371584,0.0019718587400550484,-0.0006015237590193013
stable_node,0.17840322435994352,626.9123393891281,0.001963114372507408,-0.0005988562540779895
stable_node,0.17840322435994352,627.3186338410976,0.0019544087825406034,-0.0005962005783820913
stable_node,0.17840322435994352,627.7249282930673,0.0019457417981927807,-0.0005935566794741953
stable_node,0.17840322435994352,628.1312227450369,0.0019371132482646752,-0.0005909245051295174
stable_node,0.17840322435994352,628.5375171970065,0.0019285229623162402,-0.0005883040033548675
stable_node,0.17840322435994352,628.9438116489762,0.0019199707706631475,-0.0005856951223875936
stable_node,0.17840322435994352,629.3501061009457,0.0019114565043736977,-0.0005830978106946258
stable_node,0.17840322435994352,629.7564005529154,0.0019029799952651938,-0.0005805120169713815
stable_node,0.17840322435994352,630.162695004885,0.0018945410759008084,-0.0005779376901408037
stable_node,0.17840322435994352,630.5689894568546,0.0018861395795862189,-0.000575374779352336
stable_node,0.17840322435994352,630.9752839088243,0.0018777753403662713,-0.0005728232339809053
stable_node,0.17840322435994352,631.3815783607939,0.0018694481930218458,-0.0005702830036259634
stable_node,0.17840322435994352,631.7878728127635,0.001861157973066365,-0.0005677540381104276
stable_node,0.17840322435994352,632.1941672647331,0.0018529045167428309,-0.0005652362874797677
stable_node,0.17840322435994352,632.6004617167027,0.0018446876610202611,-0.000562729702000931
stable_node,0.17840322435994352,633.0067561686724,0.001836507243590709,-0.000560234232161422
stable_node,0.17840322435994352,633.413050620642,0.0018283631028660741,-0.0005577498286683338
stable_node,0.17840322435994352,633.8193450726116,0.0018202550779747035,-0.0005552764424473146
stable_node,0.17840322435994352,634.2256395245812,0.0018121830087584054,-0.0005528140246416515
stable_node,0.17840322435994352,634.6319339765508,0.0018041467357692088,-0.0005503625266112839
stable_node,0.17840322435994352,635.0382284285205,0.0017961461002661946,-0.0005479218999318392
stable_node,0.17840322435994352,635.4445228804901,0.0017881809442124171,-0.0005454920963936921
stable_node,0.17840322435994352,635.8508173324598,0.0017802511102717258,-0.0005430730680009915
stable_node,0.17840322435994352,636.2571117844293,0.0017723564418057223,-0.0005406647669707398
stable_node,0.17840322435994352,636.6634062363989,0.0017644967828705645,-0.0005382671457318116
stable_node,0.17840322435994352,637.0697006883686,0.001756671978214022,-0.0005358801569240567
stable_node,0.17840322435994352,637.4759951403382,0.001748881873272317,-0.0005335037533973399
stable_node,0.17840322435994352,637.8822895923079,0.001741126314167048,-0.0005311378882105978
stable_node,0.17840322435994352,638.2885840442775,0.0017334051477022518,-0.0005287825146309476
stable_node,0.17840322435994352,638.694878496247,0.0017257182213613004,-0.0005264375861327346
stable_node,0.17840322435994352,639.1011729482167,0.001718065383303867,-0.0005241030563966139
stable_node,0.17840322435994352,639.5074674001863,0.0017104464823630464,-0.0005217788793086638
stable_node,0.17840322435994352,639.913761852156,0.001702861368042241,-0.0005194650089594433
stable_node,0.17840322435994352,640.3200563041256,0.0016953098905122344,-0.0005171613996430951
stable_node,0.17840322435994352,640.7263507560951,0.0016877919006082706,-0.0005148680058564564
stable_node,0.17840322435994352,641.1326452080648,0.0016803072498270196,-0.000512584782298131
stable_node,0.17840322435994352,641.5389396600344,0.0016728557903237704,-0.0005103116838676367
stable_node,0.17840322435994352,641.9452341120041,0.0016654373749093202,-0.0005080486656644552
stable_node,0.17840322435994352,642.3515285639737,0.0016580518570473097,-0.0005057956829872153
stable_node,0.17840322435994352,642.7578230159434,0.0016506990908511346,-0.0005035526913327566
stable_node,0.17840322435994352,643.1641174679129,0.0016433789310811879,-0.0005013196463952837
stable_node,0.17840322435994352,643.5704119198825,0.0016360912331418078,-0.0004990965040654403
stable_node,0.17840322435994352,643.9767063718522,0.0016288358530787159,-0.0004968832204295206
stable_node,0.17840322435994352,644.3830008238218,0.0016216126475759034,-0.0004946797517685252
stable_node,0.17840322435994352,644.7892952757915,0.0016144214739528926,-0.0004924860545573255
stable_node,0.17840322435994352,645.1955897277611,0.0016072621901620106,-0.000490302085463828
stable_node,0.17840322435994352,645.6018841797306,0.0016001346547854568,-0.0004881278013480827
stable_node,0.17840322435994352,646.0081786317003,0.001593038727032508,-0.00048596315926143277
stable_node,0.17840322435994352,646.4144730836699,0.001585974266736868,-0.00048380811644570016
stable_node,0.17840322435994352,646.8207675356396,0.0015789411343537913,-0.0004816626303323118
stable_node,0.17840322435994352,647.2270619876092,0.0015719391909573123,-0.00047952665854145664
stable_node,0.17840322435994352,647.6333564395787,0.0015649682982375706,-0.0004774001588812648
stable_node,0.17840322435994352,648.0396508915484,0.001558028318498067,-0.00047528308934697254
stable_node,0.17840322435994352,648.445945343518,0.0015511191146528802,-0.0004731754081200758
stable_node,0.17840322435994352,648.8522397954877,0.0015442405502240203,-0.0004710770735675194
stable_node,0.17840322435994352,649.2585342474573,0.001537392489338765,-0.00046898804424088384
stable_node,0.17840322435994352,649.664828699427,0.0015305747967268553,-0.0004669082788755357
stable_node,0.17840322435994352,650.0711231513965,0.0015237873377179339,-0.0004648377363898391
stable_node,0.17840322435994352,650.4774176033661,0.00151702997823884,-0.0004627763758843353
stable_node,0.17840322435994352,650.8837120553358,0.0015103025848109527,-0.0004607241566409295
stable_node,0.17840322435994352,651.2900065073054,0.0015036050245475993,-0.0004586810381221032
stable_node,0.17840322435994352,651.696300959275,0.0014969371651513891,-0.0004566469799700967
stable_node,0.17840322435994352,652.1025954112447,0.0014902988749115763,-0.0004546219420061098
stable_node,0.17840322435994352,652.5088898632142,0.0014836900227015726,-0.00045260588422953873
stable_node,0.17840322435994352,652.9151843151839,0.0014771104779762077,-0.0004505987668171412
stable_node,0.17840322435994352,653.3214787671535,0.0014705601107692541,-0.0004486005501222848
stable_node,0.17840322435994352,653.7277732191232,0.001464038791690796,-0.00044661119467414
stable_node,0.17840322435994352,654.1340676710928,0.0014575463919247412,-0.0004446306611769234
stable_node,0.17840322435994352,654.5403621230623,0.001451082783226221,-0.00044265891050910487
stable_node,0.17840322435994352,654.946656575032,0.0014446478379190964,-0.00044069590372264404
stable_node,0.17840322435994352,655.3529510270016,0.0014382414288934126,-0.0004387416020422183
stable_node,0.17840322435994352,655.7592454789713,0.0014318634296028357,-0.0004367959668644381
stable_node,0.17840322435994352,656.1655399309409,0.0014255137140622642,-0.00043485895975711774
stable_node,0.17840322435994352,656.5718343829105,0.0014191921568453031,-0.00043293054245850606
stable_node,0.17840322435994352,656.9781288348801,0.0014128986330817132,-0.0004310106768765086
stable_node,0.17840322435994352,657.3844232868497,0.0014066330184550183,-0.00042909932508795726
stable_node,0.17840322435994352,657.7907177388194,0.0014003951892000476,-0.0004271964493378601
stable_node,0.17840322435994352,658.197012190789,0.0013941850221004845,-0.00042530201203865486
stable_node,0.17840322435994352,658.6033066427586,0.0013880023944863712,-0.000423415975769446
stable_node,0.17840322435994352,659.0096010947283,0.0013818471842318065,-0.0004215383032753035
stable_node,0.17840322435994352,659.4158955466978,0.0013757192697524032,-0.0004196689574664884
stable_node,0.17840322435994352,659.8221899986675,0.0013696185300029642,-0.00041780790141774185
stable_node,0.17840322435994352,660.2284844506371,0.0013635448444750753,-0.0004159550983675521
stable_node,0.17840322435994352,660.6347789026067,0.0013574980931947936,-0.00041411051171744563
stable_node,0.17840322435994352,661.0410733545764,0.0013514781567200663,-0.0004122741050312093
stable_node,0.17840322435994352,661.4473678065459,0.001345484916138625,-0.0004104458420342364
stable_node,0.17840322435994352,661.8536622585156,0.001339518253065508,-0.00040862568661277746
stable_node,0.17840322435994352,662.2599567104852,0.001333578049640711,-0.00040681360281322377
stable_node,0.17840322435994352,662.6662511624548,0.0013276641885268932,-0.0004050095548414053
stable_node,0.17840322435994352,663.0725456144245,0.0013217765529070697,-0.0004032135070618868
stable_node,0.17840322435994352,663.4788400663941,0.0013159150264822912,-0.00040142542399726147
stable_node,0.17840322435994352,663.8851345183637,0.001310079493469312,-0.00039964527032743894
stable_node,0.17840322435994352,664.2914289703333,0.0013042698385983505,-0.00039787301088896305
stable_node,0.17840322435994352,664.6977234223029,0.001298485947110844,-0.00039610861067432377
stable_node,0.17840322435994352,665.1040178742726,0.0012927277047570331,-0.0003943520348312253
stable_node,0.17840322435994352,665.5103123262422,0.00128699499779391,-0.00039260324866195485
stable_node,0.17840322435994352,665.9166067782118,0.0012812877129827962,-0.00039086221762264886
stable_node,0.17840322435994352,666.3229012301814,0.001275605737587176,-0.00038912890732262814
stable_node,0.17840322435994352,666.729195682151,0.0012699489593705527,-0.0003874032835237455
stable_node,0.17840322435994352,667.1354901341207,0.001264317266594057,-0.00038568531213965644
stable_node,0.17840322435994352,667.5417845860903,0.0012587105480143968,-0.0003839749592351929
stable_node,0.17840322435994352,667.94807903806,0.0012531286928815432,-0.00038227219102565814
stable_node,0.17840322435994352,668.3543734900295,0.0012475715909366426,-0.0003805769738761902
stable_node,0.17840322435994352,668.7606679419991,0.001242039132409754,-0.00037888927430107045
stable_node,0.17840322435994352,669.1669623939688,0.001236531208017735,-0.00037720905896307887
stable_node,0.17840322435994352,669.5732568459384,0.0012310477089620894,-0.0003755362946728383
stable_node,0.17840322435994352,669.9795512979081,0.0012255885269267391,-0.0003738709483881344
stable_node,0.17840322435994352,670.3858457498777,0.0012201535540759887,-0.0003722129872132958
stable_node,0.17840322435994352,670.7921402018472,0.0012147426830523638,-0.00037056237839853013
stable_node,0.17840322435994352,671.1984346538169,0.0012093558069743782,-0.00036891908933925116
stable_node,0.17840322435994352,671.6047291057865,0.0012039928194346318,-0.0003672830875754894
stable_node,0.17840322435994352,672.0110235577562,0.0011986536144975265,-0.0003656543407912031
stable_node,0.17840322435994352,672.4173180097258,0.0011933380866972828,-0.00036403281681366713
stable_node,0.17840322435994352,672.8236124616953,0.0011880461310357728,-0.00036241848361281644
stable_node,0.17840322435994352,673.229906913665,0.001182777642980511,-0.0003608113093006313
stable_node,0.17840322435994352,673.6362013656346,0.0011775325184626077,-0.000359211262130511
stable_node,0.17840322435994352,674.0424958176043,0.0011723106538745903,-0.00035761831049661434
stable_node,0.17840322435994352,674.4487902695739,0.0011671119460685121,-0.00035603242293327715
stable_node,0.17840322435994352,674.8550847215436,0.0011619362923538392,-0.0003544535681143707
stable_node,0.17840322435994352,675.2613791735131,0.0011567835904953397,-0.0003528817148526596
stable_node,0.17840322435994352,675.6676736254827,0.0011516537387112737,-0.00035131683209924395
stable_node,0.17840322435994352,676.0739680774524,0.001146546635671178,-0.0003497588889428892
stable_node,0.17840322435994352,676.480262529422,0.001141462180493989,-0.00034820785460945
stable_node,0.17840322435994352,676.8865569813917,0.0011364002727459594,-0.0003466636984612371
stable_node,0.17840322435994352,677.2928514333613,0.0011313608124387633,-0.00034512638999643837
stable_node,0.17840322435994352,677.6991458853308,0.0011263437000274684,-0.0003435958988484987
stable_node,0.17840322435994352,678.1054403373005,0.0011213488364085827,-0.00034207219478552675
stable_node,0.17840322435994352,678.5117347892701,0.0011163761229181044,-0.00034055524770969795
stable_node,0.17840322435994352,678.9180292412398,0.001111425461329515,-0.00033904502765664456
stable_node,0.17840322435994352,679.3243236932094,0.0011064967538519507,-0.00033754150479489513
stable_node,0.17840322435994352,679.7306181451789,0.0011015899031281953,-0.00033604464942526364
stable_node,0.17840322435994352,680.1369125971486,0.0010967048122327383,-0.0003345544319802585
stable_node,0.17840322435994352,680.5432070491182,0.0010918413846699138,-0.00033307082302351206
stable_node,0.17840322435994352,680.9495015010879,0.0010869995243719692,-0.0003315937932491931
stable_node,0.17840322435994352,681.3557959530575,0.0010821791356971904,-0.00033012331348143437
stable_node,0.17840322435994352,681.7620904050272,0.0010773801234279605,-0.0003286593546737413
stable_node,0.17840322435994352,682.1683848569967,0.001072602392768922,-0.0003272018879084308
stable_node,0.17840322435994352,682.5746793089663,0.0010678458493451148,-0.00032575088439606233
stable_node,0.17840322435994352,682.980973760936,0.001063110399200055,-0.00032430631547485393
stable_node,0.17840322435994352,683.3872682129056,0.0010583959487939425,-0.0003228681526101326
stable_node,0.17840322435994352,683.7935626648753,0.0010537024050017924,-0.00032143636739376784
stable_node,0.17840322435994352,684.1998571168449,0.001049029675111555,-0.0003200109315435946
stable_node,0.17840322435994352,684.6061515688144,0.0010443776668223612,-0.00031859181690288015
stable_node,0.17840322435994352,685.0124460207841,0.0010397462882426147,-0.0003171789954397424
stable_node,0.17840322435994352,685.4187404727537,0.0010351354478882566,-0.0003157724392466185
stable_node,0.17840322435994352,685.8250349247234,0.0010305450546808984,-0.00031437212053969725
stable_node,0.17840322435994352,686.231329376693,0.0010259750179460372,-0.00031297801165837435
stable_node,0.17840322435994352,686.6376238286625,0.0010214252474112925,-0.00031159008506471313
stable_node,0.17840322435994352,687.0439182806322,0.001016895653204622,-0.0003102083133429016
stable_node,0.17840322435994352,687.4502127326018,0.0010123861458524429,-0.00030883266919868034
stable_node,0.17840322435994352,687.8565071845715,0.0010078966362780748,-0.0003074631254588636
stable_node,0.17840322435994352,688.2628016365411,0.0010034270357997554,-0.0003060996550707382
stable_node,0.17840322435994352,688.6690960885107,0.000998977256129014,-0.0003047422311015668
stable_node,0.17840322435994352,689.0753905404803,0.0009945472093689169,-0.0003033908267380498
stable_node,0.17840322435994352,689.4816849924499,0.000990136808012313,-0.00030204541528579184
stable_node,0.17840322435994352,689.8879794444196,0.0009857459649400928,-0.0003007059701687726
stable_node,0.17840322435994352,690.2942738963892,0.0009813745934194869,-0.0002993724649288248
stable_node,0.17840322435994352,690.7005683483588,0.0009770226071023672,-0.0002980448732251171
stable_node,0.17840322435994352,691.1068628003285,0.0009726899200234874,-0.00029672316883361786
stable_node,0.17840322435994352,691.513157252298,0.0009683764465988768,-0.00029540732564660395
stable_node,0.17840322435994352,691.9194517042677,0.0009640821016240204,-0.0002940973176721083
stable_node,0.17840322435994352,692.3257461562373,0.0009598068002723114,-0.00029279311903344327
stable_node,0.17840322435994352,692.732040608207,0.0009555504580932817,-0.0002914947039686654
stable_node,0.17840322435994352,693.1383350601766,0.0009513129910109595,-0.00029020204683007274
stable_node,0.17840322435994352,693.5446295121461,0.0009470943153222429,-0.0002889151220837066
stable_node,0.17840322435994352,693.9509239641158,0.0009428943476952013,-0.00028763390430883656
stable_node,0.17840322435994352,694.3572184160854,0.0009387130051674272,-0.0002863583681974564
stable_node,0.17840322435994352,694.763512868055,0.0009345502051444472,-0.0002850884885537993
stable_node,0.17840322435994352,695.1698073200247,0.000930405865398036,-0.000283824240293824
stable_node,0.17840322435994352,695.5761017719943,0.0009262799040646298,-0.00028256559844472886
stable_node,0.17840322435994352,695.9823962239639,0.0009221722396436868,-0.00028131253814445503
stable_node,0.17840322435994352,696.3886906759335,0.0009180827909961016,-0.0002800650346411998
stable_node,0.17840322435994352,696.7949851279031,0.0009140114773425536,-0.00027882306329291495
stable_node,0.17840322435994352,697.2012795798728,0.0009099582182619879,-0.0002775865995668411
stable_node,0.17840322435994352,697.6075740318424,0.0009059229336899235,-0.0002763556190389945
stable_node,0.17840322435994352,698.013868483812,0.0009019055439170031,-0.0002751300973937217
stable_node,0.17840322435994352,698.4201629357816,0.0008979059695872863,-0.000273910010423181
stable_node,0.17840322435994352,698.8264573877512,0.000893924131696773,-0.000272695334026891
stable_node,0.17840322435994352,699.2327518397209,0.0008899599515918024,-0.0002714860442112423
stable_node,0.17840322435994352,699.6390462916905,0.0008860133509675217,-0.00027028211708903064
stable_node,0.17840322435994352,700.0453407436602,0.0008820842518663074,-0.0002690835288789754
stable_node,0.17840322435994352,700.4516351956297,0.0008781725766762338,-0.0002678902559052524
stable_node,0.17840322435994352,700.8579296475993,0.0008742782481296099,-0.00026670227459704693
stable_node,0.17840322435994352,701.264224099569,0.0008704011893013424,-0.00026551956148805394
stable_node,0.17840322435994352,701.6705185515386,0.0008665413236074721,-0.0002643420932160351
stable_node,0.17840322435994352,702.0768130035083,0.0008626985748036786,-0.0002631698465223574
stable_node,0.17840322435994352,702.4831074554779,0.0008588728669837201,-0.000262002798251522
stable_node,0.17840322435994352,702.8894019074474,0.0008550641245780194,-0.00026084092535072836
stable_node,0.17840322435994352,703.2956963594171,0.0008512722723520528,-0.0002596842048693875
stable_node,0.17840322435994352,703.7019908113867,0.0008474972354049906,-0.00025853261395870333
stable_node,0.17840322435994352,704.1082852633564,0.0008437389391681107,-0.0002573861298711909
stable_node,0.17840322435994352,704.514579715326,0.0008399973094033973,-0.0002562447299602483
stable_node,0.17840322435994352,704.9208741672956,0.0008362722722020292,-0.0002551083916796961
stable_node,0.17840322435994352,705.3271686192652,0.0008325637539829724,-0.000253977092583346
stable_node,0.17840322435994352,705.7334630712348,0.0008288716814914696,-0.0002528508103245428
stable_node,0.17840322435994352,706.1397575232045,0.0008251959817976066,-0.0002517295226557253
stable_node,0.17840322435994352,706.5460519751741,0.0008215365822948855,-0.0002506132074279927
stable_node,0.17840322435994352,706.9523464271438,0.000817893410698835,-0.0002495018425906775
stable_node,0.17840322435994352,707.3586408791133,0.0008142663950454698,-0.00024839540619087894
stable_node,0.17840322435994352,707.7649353310829,0.0008106554636899748,-0.00024729387637305956
stable_node,0.17840322435994352,708.1712297830526,0.000807060545305225,-0.00024619723137859535
stable_node,0.17840322435994352,708.5775242350222,0.0008034815688804179,-0.00024510544954535663
stable_node,0.17840322435994352,708.9838186869919,0.0007999184637196634,-0.00024401850930727887
stable_node,0.17840322435994352,709.3901131389615,0.0007963711594405374,-0.0002429363891939225
stable_node,0.17840322435994352,709.796407590931,0.0007928395859727645,-0.00024185906783006855
stable_node,0.17840322435994352,710.2027020429007,0.0007893236735568199,-0.0002407865239352941
stable_node,0.17840322435994352,710.6089964948703,0.000785823352742471,-0.00023971873632352796
stable_node,0.17840322435994352,711.01529094684,0.0007823385543875237,-0.000238655683902666
stable_node,0.17840322435994352,711.4215853988096,0.0007788692096563675,-0.00023759734567412846
stable_node,0.17840322435994352,711.8278798507791,0.0007754152500186949,-0.00023654370073246945
stable_node,0.17840322435994352,712.2341743027488,0.0007719766072480172,-0.00023549472826492554
stable_node,0.17840322435994352,712.6404687547184,0.0007685532134204916,-0.00023445040755105403
stable_node,0.17840322435994352,713.0467632066881,0.0007651450009134405,-0.00023341071796228514
stable_node,0.17840322435994352,713.4530576586577,0.0007617519024040422,-0.00023237563896152258
stable_node,0.17840322435994352,713.8593521106274,0.0007583738508681159,-0.00023134515010276777
stable_node,0.17840322435994352,714.2656465625969,0.0007550107795785871,-0.00023031923103065922
stable_node,0.17840322435994352,714.6719410145665,0.000751662622104358,-0.00022929786148012223
stable_node,0.17840322435994352,715.0782354665362,0.0007483293123089215,-0.00022828102127594866
stable_node,0.17840322435994352,715.4845299185058,0.000745010784349039,-0.0002272686903323923
stable_node,0.17840322435994352,715.8908243704755,0.0007417069726734665,-0.00022626084865278218
stable_node,0.17840322435994352,716.2971188224451,0.0007384178120216546,-0.0002252574763291236
stable_node,0.17840322435994352,716.7034132744146,0.0007351432374224349,-0.00022425855354169972
stable_node,0.17840322435994352,717.1097077263843,0.0007318831841928079,-0.00022326406055869918
stable_node,0.17840322435994352,717.5160021783539,0.0007286375879365796,-0.00022227397773580244
stable_node,0.17840322435994352,717.9222966303236,0.0007254063845431142,-0.0002212882855158011
stable_node,0.17840322435994352,718.3285910822932,0.0007221895101861081,-0.00022030696442822294
stable_node,0.17840322435994352,718.7348855342627,0.0007189869013222803,-0.0002193299950889323
stable_node,0.17840322435994352,719.1411799862324,0.0007157984946901696,-0.00021835735819976368
stable_node,0.17840322435994352,719.547474438202,0.0007126242273088029,-0.00021738903454811677
stable_node,0.17840322435994352,719.9537688901717,0.000709464036476538,-0.0002164250050066009
stable_node,0.17840322435994352,720.3600633421413,0.000706317859769786,-0.00021546525053264668
stable_node,0.17840322435994352,720.766357794111,0.000703185635041759,-0.0002145097521681247
stable_node,0.17840322435994352,721.1726522460805,0.0007000673004212892,-0.00021355849103898335
stable_node,0.17840322435994352,721.5789466980501,0.0006969627943115626,-0.00021261144835486485
stable_node,0.17840322435994352,721.9852411500198,0.0006938720553889355,-0.00021166860540874178
stable_node,0.17840322435994352,722.3915356019894,0.0006907950226016797,-0.00021072994357653675
stable_node,0.17840322435994352,722.797830053959,0.0006877316351688473,-0.00020979544431677446
stable_node,0.17840322435994352,723.2041245059287,0.000684681832579007,-0.00020886508917019561
stable_node,0.17840322435994352,723.6104189578982,0.000681645554589061,-0.00020793885975939894
stable_node,0.17840322435994352,724.0167134098679,0.0006786227412230644,-0.00020701673778847804
stable_node,0.17840322435994352,724.4230078618375,0.0006756133327710792,-0.00020609870504267246
stable_node,0.17840322435994352,724.8293023138071,0.0006726172697879056,-0.00020518474338798219
stable_node,0.17840322435994352,725.2355967657768,0.0006696344930919764,-0.00020427483477082912
stable_node,0.17840322435994352,725.6418912177463,0.0006666649437641976,-0.00020336896121770222
stable_node,0.17840322435994352,726.048185669716,0.0006637085631466982,-0.00020246710483477978
stable_node,0.17840322435994352,726.4544801216856,0.0006607652928417834,-0.000201569247807606
stable_node,0.17840322435994352,726.8607745736552,0.0006578350747106998,-0.00020067537240071697
stable_node,0.17840322435994352,727.2670690256249,0.0006549178508725251,-0.00019978546095730096
stable_node,0.17840322435994352,727.6733634775945,0.0006520135637030146,-0.00019889949589884629
stable_node,0.17840322435994352,728.0796579295641,0.0006491221558334631,-0.0001980174597247952
stable_node,0.17840322435994352,728.4859523815337,0.0006462435701495551,-0.00019713933501219237
stable_node,0.17840322435994352,728.8922468335033,0.0006433777497902781,-0.00019626510441535288
stable_node,0.17840322435994352,729.298541285473,0.0006405246381467599,-0.00019539475066550883
stable_node,0.17840322435994352,729.7048357374426,0.0006376841788611601,-0.00019452825657047048
stable_node,0.17840322435994352,730.1111301894122,0.0006348563158255723,-0.00019366560501429128
stable_node,0.17840322435994352,730.5174246413818,0.0006320409931809073,-0.00019280677895692694
stable_node,0.17840322435994352,730.9237190933515,0.0006292381553157791,-0.00019195176143389648
stable_node,0.17840322435994352,731.3300135453211,0.000626447746865411,-0.00019110053555594796
exceptional_point,0.17845421487754945,0.0,1.0,0.0
exceptional_point,0.17845421487754945,0.4062944519696228,1.003932403639154,-0.006262568265783721
exceptional_point,0.17845421487754945,0.8125889039392457,1.007707629546643,-0.012409818742446484
exceptional_point,0.17845421487754945,1.2188833559088685,1.0113282386258102,-0.018443344010530747
exceptional_point,0.17845421487754945,1.6251778078784913,1.0147967579475028,-0.024364717100253955
exceptional_point,0.17845421487754945,2.031472259848114,1.018115681155978,-0.030175491716506186
exceptional_point,0.17845421487754945,2.437766711817737,1.0212874688702005,-0.03587720246136185
exceptional_point,0.17845421487754945,2.8440611637873596,1.0243145490805854,-0.041471365054132264
exceptional_point,0.17845421487754945,3.2503556157569826,1.027199317541235,-0.046959476548985586
exceptional_point,0.17845421487754945,3.6566500677266056,1.029944138157718,-0.05234301555016005
exceptional_point,0.17845421487754945,4.062944519696228,1.0325513433704407,-0.05762344242479663
exceptional_point,0.17845421487754945,4.469238971665851,1.0350232345336619,-0.06280219951341647
exceptional_point,0.17845421487754945,4.875533423635474,1.0373620822901888,-0.06788071133806871
exceptional_point,0.17845421487754945,5.281827875605097,1.0395701269418174,-0.07286038480817324
exceptional_point,0.17845421487754945,5.688122327574719,1.0416495788155464,-0.07774260942408388
exceptional_point,0.17845421487754945,6.094416779544343,1.0436026186256269,-0.08252875747839607
exceptional_point,0.17845421487754945,6.500711231513965,1.0454313978314802,-0.08722018425502323
exceptional_point,0.17845421487754945,6.907005683483588,1.0471380389915401,-0.09181822822606628
exceptional_point,0.17845421487754945,7.313300135453211,1.0487246361130558,-0.0963242112464997
exceptional_point,0.17845421487754945,7.719594587422834,1.0501932549979058,-0.10073943874669766
exceptional_point,0.17845421487754945,8.125889039392456,1.0515459335844632,-0.10506519992282391
exceptional_point,0.17845421487754945,8.53218349136208,1.0527846822855567,-0.10930276792510772
exceptional_point,0.17845421487754945,8.938477943331701,1.0539114843225705,-0.11345340004402941
exceptional_point,0.17845421487754945,9.344772395301325,1.054928296055727,-0.11751833789443752
exceptional_point,0.17845421487754945,9.751066847270948,1.0558370473105894,-0.12149880759762013
exceptional_point,0.17845421487754945,10.15736129924057,1.0566396417008321,-0.1253960199613519
exceptional_point,0.17845421487754945,10.563655751210193,1.0573379569473156,-0.12921117065794022
exceptional_point,0.17845421487754945,10.969950203179817,1.057933845193508,-0.1329454404002894
exceptional_point,0.17845421487754945,11.376244655149439,1.0584291333172933,-0.13659999511600726
exceptional_point,0.17845421487754945,11.782539107119062,1.0588256232392064,-0.14017598611957277
exceptional_point,0.17845421487754945,12.188833559088685,1.0591250922271336,-0.14367455028258735
exceptional_point,0.17845421487754945,12.595128011058307,1.059329293197519,-0.1470968102021296
exceptional_point,0.17845421487754945,13.00142246302793,1.0594399550131128,-0.15044387436723475
exceptional_point,0.17845421487754945,13.407716914997554,1.0594587827773023,-0.1537168373235175
exceptional_point,0.17845421487754945,13.814011366967176,1.0593874581250613,-0.1569167798359608
exceptional_point,0.17845421487754945,14.220305818936799,1.059227639510557,-0.1600447690498881
exceptional_point,0.17845421487754945,14.626600270906422,1.058980962491449,-0.16310185865013985
exceptional_point,0.17845421487754945,15.032894722876044,1.0586490400099193,-0.1660890890184735
exceptional_point,0.17845421487754945,15.439189174845668,1.0582334626704681,-0.16900748738920646
exceptional_point,0.17845421487754945,15.845483626815291,1.0577357990145113,-0.17185806800311978
exceptional_point,0.17845421487754945,16.251778078784913,1.0571575957918145,-0.17464183225964372
exceptional_point,0.17845421487754945,16.658072530754534,1.0565003782287998,-0.17735976886734137
exceptional_point,0.17845421487754945,17.06436698272416,1.0557656502937602,-0.1800128539927102
exceptional_point,0.17845421487754945,17.47066143469378,1.0549548949590124,-0.18260205140731922
exceptional_point,0.17845421487754945,17.876955886663403,1.0540695744600264,-0.18512831263330054
exceptional_point,0.17845421487754945,18.283250338633028,1.0531111305515624,-0.1875925770872114
exceptional_point,0.17845421487754945,18.68954479060265,1.0520809847608497,-0.1899957722222867
exceptional_point,0.17845421487754945,19.09583924257227,1.0509805386378388,-0.1923388136690974
exceptional_point,0.17845421487754945,19.502133694541897,1.0498111740025604,-0.1946226053746339
exceptional_point,0.17845421487754945,19.90842814651152,1.0485742531896247,-0.1968480397398289
exceptional_point,0.17845421487754945,20.31472259848114,1.0472711192898867,-0.19901599775554055
exceptional_point,0.17845421487754945,20.721017050450765,1.045903096389318,-0.20112734913700836
exceptional_point,0.17845421487754945,21.127311502420387,1.0444714898051095,-0.20318295245680162
exceptional_point,0.17845421487754945,21.53360595439001,1.042977586319035,-0.2051836552762753
exceptional_point,0.17845421487754945,21.939900406359634,1.041422654408113,-0.20713029427554921
exceptional_point,0.17845421487754945,22.346194858329255,1.03980794447259,-0.2090236953820285
exceptional_point,0.17845421487754945,22.752489310298877,1.0381346890612775,-0.2108646738974786
exceptional_point,0.17845421487754945,23.158783762268502,1.0364041030942708,-0.2126540346236725
exceptional_point,0.17845421487754945,23.565078214238124,1.034617384083084,-0.21439257198662476
exceptional_point,0.17845421487754945,23.971372666207746,1.0327757123482204,-0.21608107015942835
exceptional_point,0.17845421487754945,24.37766711817737,1.0308802512342172,-0.21772030318370839
exceptional_point,0.17845421487754945,24.783961570146992,1.0289321473221837,-0.21931103508970937
exceptional_point,0.17845421487754945,25.190256022116614,1.0269325306398676,-0.22085402001502946
exceptional_point,0.17845421487754945,25.59655047408624,1.0248825148692728,-0.2223500023220171
exceptional_point,0.17845421487754945,26.00284492605586,1.0227831975518575,-0.22379971671384488
exceptional_point,0.17845421487754945,26.409139378025483,1.02063566029134,-0.22520388834927377
exceptional_point,0.17845421487754945,26.815433829995108,1.0184409689541378,-0.22656323295612427
exceptional_point,0.17845421487754945,27.22172828196473,1.0162001738674666,-0.22787845694346565
exceptional_point,0.17845421487754945,27.62802273393435,1.0139143100151258,-0.22915025751253978
exceptional_point,0.17845421487754945,28.034317185903976,1.0115843972309966,-0.23037932276643228
exceptional_point,0.17845421487754945,28.440611637873598,1.0092114403902772,-0.23156633181850417
exceptional_point,0.17845421487754945,28.84690608984322,1.0067964295984795,-0.23271195489959873
exceptional_point,0.17845421487754945,29.253200541812845,1.0043403403782167,-0.233816853464036
exceptional_point,0.17845421487754945,29.659494993782467,1.0018441338538018,-0.23488168029440842
exceptional_point,0.17845421487754945,30.06578944575209,0.9993087569336805,-0.2359070796051909
exceptional_point,0.17845421487754945,30.472083897721713,0.9967351424907306,-0.2368936871451779
exceptional_point,0.17845421487754945,30.878378349691335,0.994124209540442,-0.23784213029876108
exceptional_point,0.17845421487754945,31.284672801660957,0.9914768634170082,-0.2387530281860588
exceptional_point,0.17845421487754945,31.690967253630582,0.988793995947348,-0.23962699176191163
exceptional_point,0.17845421487754945,32.097261705600204,0.9860764856230834,-0.24046462391375492
exceptional_point,0.17845421487754945,32.503556157569825,0.9833251977704963,-0.24126651955838202
exceptional_point,0.17845421487754945,32.90985060953945,0.9805409847184849,-0.24203326573760903
exceptional_point,0.17845421487754945,33.31614506150907,0.9777246859645442,-0.24276544171285344
exceptional_point,0.17845421487754945,33.7224395134787,0.9748771283387913,-0.24346361905863967
exceptional_point,0.17845421487754945,34.12873396544832,0.9719991261660587,-0.24412836175504124
exceptional_point,0.17845421487754945,34.53502841741794,0.969091481426076,-0.24476022627907335
exceptional_point,0.17845421487754945,34.94132286938756,0.9661549839117625,-0.24535976169504523
exceptional_point,0.17845421487754945,35.347617321357184,0.9631904113856512,-0.24592750974388608
exceptional_point,0.17845421487754945,35.753911773326806,0.9601985297344662,-0.24646400493145307
exceptional_point,0.17845421487754945,36.160206225296434,0.9571800931218717,-0.24696977461583552
exceptional_point,0.17845421487754945,36.566500677266056,0.9541358441394179,-0.2474453390936634
exceptional_point,0.17845421487754945,36.97279512923568,0.951066513955698,-0.24789121168543377
exceptional_point,0.17845421487754945,37.3790895812053,0.947972822463742,-0.24830789881986312
exceptional_point,0.17845421487754945,37.78538403317492,0.9448554784266635,-0.2486959001172795
exceptional_point,0.17845421487754945,38.19167848514454,0.94171517962158,-0.24905570847206174
exceptional_point,0.17845421487754945,38.59797293711417,0.9385526129818287,-0.24938781013413902
exceptional_point,0.17845421487754945,39.00426738908379,0.9353684547374915,-0.2496926847895585
exceptional_point,0.17845421487754945,39.410561841053415,0.9321633705542551,-0.24997080564013444
exceptional_point,0.17845421487754945,39.81685629302304,0.9289380156706183,-0.25022263948218515
exceptional_point,0.17845421487754945,40.22315074499266,0.9256930350334706,-0.25044864678437123
exceptional_point,0.17845421487754945,40.62944519696228,0.9224290634320569,-0.25064928176464246
exceptional_point,0.17845421487754945,41.03573964893191,0.9191467256303486,-0.25082499246630513
exceptional_point,0.17845421487754945,41.44203410090153,0.9158466364978377,-0.2509762208332176
exceptional_point,0.17845421487754945,41.84832855287115,0.9125294011387718,-0.25110340278412513
exceptional_point,0.17845421487754945,42.254623004840774,0.9091956150198502,-0.251206968286143
exceptional_point,0.17845421487754945,42.660917456810395,0.9058458640963934,-0.2512873414273973
exceptional_point,0.17845421487754945,43.06721190878002,0.9024807249370094,-0.25134494048883205
exceptional_point,0.17845421487754945,43.473506360749646,0.899100764846767,-0.2513801780151931
exceptional_point,0.17845421487754945,43.87980081271927,0.895706541988902,-0.251393460885197
exceptional_point,0.17845421487754945,44.28609526468889,0.8922986055050613,-0.2513851903808937
exceptional_point,0.17845421487754945,44.69238971665851,0.8888774956341127,-0.251355762256233
exceptional_point,0.17845421487754945,45.09868416862813,0.8854437438295288,-0.2513055668048422
exceptional_point,0.17845421487754945,45.504978620597754,0.8819978728753665,-0.25123498892702417
exceptional_point,0.17845421487754945,45.91127307256738,0.8785403970008523,-0.2511444081959859
exceptional_point,0.17845421487754945,46.317567524537004,0.8750718219935969,-0.25103419892330275
exceptional_point,0.17845421487754945,46.723861976506626,0.8715926453114455,-0.2509047302236307
exceptional_point,0.17845421487754945,47.13015642847625,0.8681033561929878,-0.25075636607867113
exceptional_point,0.17845421487754945,47.53645088044587,0.8646044357667373,-0.25058946540040034
exceptional_point,0.17845421487754945,47.94274533241549,0.8610963571589969,-0.2504043820935685
exceptional_point,0.17845421487754945,48.34903978438512,0.8575795856004276,-0.2502014651174773
exceptional_point,0.17845421487754945,48.75533423635474,0.8540545785313307,-0.24998105854704583
exceptional_point,0.17845421487754945,49.16162868832436,0.8505217857056627,-0.24974350163316997
exceptional_point,0.17845421487754945,49.567923140293985,0.846981649293792,-0.24948912886238478
exceptional_point,0.17845421487754945,49.97421759226361,0.8434346039840213,-0.2492182700158376
exceptional_point,0.17845421487754945,50.38051204423323,0.8398810770828757,-0.24893125022757828
exceptional_point,0.17845421487754945,50.78680649620286,0.8363214886141839,-0.24862839004217568
exceptional_point,0.17845421487754945,51.19310094817248,0.8327562514169592,-0.24831000547166682
exceptional_point,0.17845421487754945,51.5993954001421,0.8291857712420942,-0.24797640805184606
exceptional_point,0.17845421487754945,52.00568985211172,0.8256104468478854,-0.24762790489790312
exceptional_point,0.17845421487754945,52.411984304081344,0.8220306700943988,-0.24726479875941448
exceptional_point,0.17845421487754945,52.818278756050965,0.8184468260366917,-0.24688738807469796
exceptional_point,0.17845421487754945,53.22457320802059,0.8148592930169027,-0.2464959670245369
exceptional_point,0.17845421487754945,53.630867659990216,0.8112684427552188,-0.24609082558527856
exceptional_point,0.17845421487754945,54.03716211195984,0.8076746404397447,-0.24567224958131806
exceptional_point,0.17845421487754945,54.44345656392946,0.8040782448152698,-0.2452405207369709
exceptional_point,0.17845421487754945,54.84975101589908,0.80047960827096,-0.24479591672774212
exceptional_point,0.17845421487754945,55.2560454678687,0.7968790769269786,-0.24433871123099993
exceptional_point,0.17845421487754945,55.662339919838324,0.7932769907200525,-0.2438691739760588
exceptional_point,0.17845421487754945,56.06863437180795,0.7896736834879918,-0.2433875707936791
exceptional_point,0.17845421487754945,56.474928823777574,0.7860694830531801,-0.24289416366499023
exceptional_point,0.17845421487754945,56.881223275747196,0.7824647113050417,-0.24238921076984363
exceptional_point,0.17845421487754945,57.28751772771682,0.7788596842815022,-0.24187296653460097
exceptional_point,0.17845421487754945,57.69381217968644,0.7752547122494513,-0.24134568167936551
exceptional_point,0.17845421487754945,58.10010663165606,0.7716500997842197,-0.24080760326466086
exceptional_point,0.17845421487754945,58.50640108362569,0.7680461458480823,-0.2402589747375656
exceptional_point,0.17845421487754945,58.91269553559531,0.7644431438677972,-0.2397000359773078
exceptional_point,0.17845421487754945,59.31898998756493,0.760841381811195,-0.23913102334032607
exceptional_point,0.17845421487754945,59.725284439534555,0.7572411422628236,-0.2385521697048042
exceptional_point,0.17845421487754945,60.13157889150418,0.7536427024986657,-0.2379637045146833
exceptional_point,0.17845421487754945,60.5378733434738,0.7500463345599381,-0.2373658538231597
exceptional_point,0.17845421487754945,60.94416779544343,0.7464523053259745,-0.23675884033567127
exceptional_point,0.17845421487754945,61.35046224741305,0.7428608765862207,-0.23614288345238119
exceptional_point,0.17845421487754945,61.75675669938267,0.739272305111333,-0.23551819931016216
exceptional_point,0.17845421487754945,62.16305115135229,0.7356868427234043,-0.23488500082408859
exceptional_point,0.17845421487754945,62.56934560332191,0.7321047363653178,-0.2342434977284403
exceptional_point,0.17845421487754945,62.975640055291535,0.7285262281692477,-0.23359389661722538
exceptional_point,0.17845421487754945,63.381934507261164,0.7249515555243093,-0.2329364009842256
exceptional_point,0.17845421487754945,63.788228959230786,0.7213809511433725,-0.23227121126257144
exceptional_point,0.17845421487754945,64.19452341120041,0.7178146431290455,-0.23159852486385055
exceptional_point,0.17845421487754945,64.60081786317004,0.7142528550388414,-0.23091853621675545
exceptional_point,0.17845421487754945,65.00711231513965,0.7106958059495356,-0.2302314368052766
exceptional_point,0.17845421487754945,65.41340676710928,0.7071437105207223,-0.22953741520644405
exceptional_point,0.17845421487754945,65.8197012190789,0.7035967790575819,-0.2288366571276241
exceptional_point,0.17845421487754945,66.22599567104852,0.7000552175728647,-0.22812934544337585
exceptional_point,0.17845421487754945,66.63229012301814,0.6965192278481067,-0.22741566023187182
exceptional_point,0.17845421487754945,67.03858457498777,0.6929890074940759,-0.22669577881088868
exceptional_point,0.17845421487754945,67.4448790269574,0.6894647500104715,-0.22596987577337171
exceptional_point,0.17845421487754945,67.85117347892701,0.6859466448448686,-0.2252381230225785
exceptional_point,0.17845421487754945,68.25746793089664,0.682434877450936,-0.2245006898068074
exceptional_point,0.17845421487754945,68.66376238286625,0.6789296293459165,-0.22375774275371219
exceptional_point,0.17845421487754945,69.07005683483588,0.6754310781673936,-0.22300944590421337
exceptional_point,0.17845421487754945,69.47635128680551,0.6719393977293415,-0.2222559607460034
exceptional_point,0.17845421487754945,69.88264573877512,0.6684547580774785,-0.22149744624665757
exceptional_point,0.17845421487754945,70.28894019074475,0.6649773255439168,-0.22073405888634917
exceptional_point,0.17845421487754945,70.69523464271437,0.6615072628011321,-0.21996595269017716
exceptional_point,0.17845421487754945,71.101529094684,0.658044728915253,-0.21919327926010915
exceptional_point,0.17845421487754945,71.50782354665361,0.6545898793986764,-0.21841618780654412
exceptional_point,0.17845421487754945,71.91411799862324,0.651142866262022,-0.21763482517949928
exceptional_point,0.17845421487754945,72.32041245059287,0.6477038380654321,-0.2168493358994261
exceptional_point,0.17845421487754945,72.72670690256248,0.6442729399692223,-0.2160598621876581
exceptional_point,0.17845421487754945,73.13300135453211,0.6408503137838906,-0.21526654399649545
exceptional_point,0.17845421487754945,73.53929580650173,0.6374360980194977,-0.2144695190389315
exceptional_point,0.17845421487754945,73.94559025847136,0.6340304279344198,-0.2136689228180233
exceptional_point,0.17845421487754945,74.35188471044098,0.6306334355834793,-0.21286488865591133
exceptional_point,0.17845421487754945,74.7581791624106,0.6272452498654755,-0.21205754772249233
exceptional_point,0.17845421487754945,75.16447361438023,0.6238659965701016,-0.21124702906374995
exceptional_point,0.17845421487754945,75.57076806634984,0.6204957984242653,-0.2104334596297421
exceptional_point,0.17845421487754945,75.97706251831947,0.617134775137831,-0.2096169643022602
exceptional_point,0.17845421487754945,76.38335697028909,0.6137830434487669,-0.20879766592215032
exceptional_point,0.17845421487754945,76.78965142225871,0.6104407171677226,-0.20797568531630917
exceptional_point,0.17845421487754945,77.19594587422834,0.6071079072220378,-0.2071511413243558
exceptional_point,0.17845421487754945,77.60224032619796,0.6037847216991847,-0.206324150824983
exceptional_point,0.17845421487754945,78.00853477816759,0.6004712658896612,-0.20549482876199157
exceptional_point,0.17845421487754945,78.4148292301372,0.5971676423293295,-0.20466328817001167
exceptional_point,0.17845421487754945,78.82112368210683,0.5938739508412151,-0.20382964019991445
exceptional_point,0.17845421487754945,79.22741813407644,0.5905902885767685,-0.2029939941439176
exceptional_point,0.17845421487754945,79.63371258604607,0.5873167500565973,-0.2021564574603884
exceptional_point,0.17845421487754945,80.0400070380157,0.5840534272106759,-0.20131713579834734
exceptional_point,0.17845421487754945,80.44630148998532,0.5808004094180341,-0.20047613302167644
exceptional_point,0.17845421487754945,80.85259594195495,0.5775577835459403,-0.19963355123303458
exceptional_point,0.17845421487754945,81.25889039392456,0.5743256339885744,-0.19878949079748426
exceptional_point,0.17845421487754945,81.66518484589419,0.571104042705203,-0.19794405036583249
exceptional_point,0.17845421487754945,82.07147929786382,0.5678930892578624,-0.1970973268976889
exceptional_point,0.17845421487754945,82.47777374983343,0.5646928508485537,-0.19624941568424495
exceptional_point,0.17845421487754945,82.88406820180306,0.561503402355954,-0.1954004103707773
exceptional_point,0.17845421487754945,83.29036265377268,0.558324816371656,-0.19455040297887652
exceptional_point,0.17845421487754945,83.6966571057423,0.5551571632359323,-0.19369948392840894
exceptional_point,0.17845421487754945,84.10295155771192,0.5520005110730398,-0.19284774205920893
exceptional_point,0.17845421487754945,84.50924600968155,0.548854925826059,-0.19199526465250916
exceptional_point,0.17845421487754945,84.91554046165118,0.5457204712912876,-0.1911421374521098
exceptional_point,0.17845421487754945,85.32183491362079,0.5425972091521768,-0.19028844468528947
exceptional_point,0.17845421487754945,85.72812936559042,0.5394851990128328,-0.18943426908346242
exceptional_point,0.17845421487754945,86.13442381756003,0.5363844984310738,-0.18857969190258317
exceptional_point,0.17845421487754945,86.54071826952966,0.5332951629510583,-0.18772479294330233
exceptional_point,0.17845421487754945,86.94701272149929,0.5302172461354873,-0.18686965057087676
exceptional_point,0.17845421487754945,87.3533071734689,0.527150799597379,-0.1860143417348362
exceptional_point,0.17845421487754945,87.75960162543853,0.5240958730314316,-0.1851589419884089
exceptional_point,0.17845421487754945,88.16589607740815,0.5210525142449718,-0.1843035255077105
exceptional_point,0.17845421487754945,88.57219052937778,0.5180207691884939,-0.18344816511069748
exceptional_point,0.17845421487754945,88.97848498134739,0.5150006819858015,-0.18259293227588833
exceptional_point,0.17845421487754945,89.38477943331702,0.511992294963748,-0.18173789716085492
exceptional_point,0.17845421487754945,89.79107388528665,0.5089956486815832,-0.18088312862048742
exceptional_point,0.17845421487754945,90.19736833725626,0.5060107819599156,-0.1800286942250343
exceptional_point,0.17845421487754945,90.6036627892259,0.5030377319092896,-0.17917466027792128
exceptional_point,0.17845421487754945,91.00995724119551,0.500076533958382,-0.1783210918333504
exceptional_point,0.17845421487754945,91.41625169316514,0.49712722188182673,-0.17746805271368235
exceptional_point,0.17845421487754945,91.82254614513477,0.4941898278276686,-0.17661560552660518
exceptional_point,0.17845421487754945,92.22884059710438,0.49126438234445396,-0.17576381168209163
exceptional_point,0.17845421487754945,92.63513504907401,0.48835091440795386,-0.1749127314091449
exceptional_point,0.17845421487754945,93.04142950104362,0.48544945144754104,-0.17406242377234138
exceptional_point,0.17845421487754945,93.44772395301325,0.4825600193722041,-0.17321294668816506
exceptional_point,0.17845421487754945,93.85401840498287,0.4796826425962219,-0.1723643569411423
exceptional_point,0.17845421487754945,94.2603128569525,0.4768173440644878,-0.17151671019977618
exceptional_point,0.17845421487754945,94.66660730892212,0.4739641452774997,-0.17067006103228283
exceptional_point,0.17845421487754945,95.07290176089174,0.4711230663160101,-0.1698244629221332
exceptional_point,0.17845421487754945,95.47919621286137,0.46829412586534597,-0.16897996828340206
exceptional_point,0.17845421487754945,95.88549066483098,0.4654773412394059,-0.16813662847592614
exceptional_point,0.17845421487754945,96.29178511680061,0.4626727284043229,-0.1672944938202725
exceptional_point,0.17845421487754945,96.69807956877024,0.4598803020018195,-0.16645361361252334
exceptional_point,0.17845421487754945,97.10437402073985,0.45710007537224046,-0.1656140361388745
exceptional_point,0.17845421487754945,97.51066847270948,0.45433206057727177,-0.16477580869005207
exceptional_point,0.17845421487754945,97.9169629246791,0.4515762684223608,-0.16393897757555112
exceptional_point,0.17845421487754945,98.32325737664873,0.4488327084788217,-0.16310358813769354
exceptional_point,0.17845421487754945,98.72955182861834,0.4461013891056436,-0.16226968476551298
exceptional_point,0.17845421487754945,99.13584628058797,0.443382317471008,-0.161437310908465
exceptional_point,0.17845421487754945,99.5421407325576,0.4406754995735019,-0.16060650908996468
exceptional_point,0.17845421487754945,99.94843518452721,0.43798094026305,-0.15977732092075628
exceptional_point,0.17845421487754945,100.35472963649684,0.43529864326155765,-0.15894978711211433
exceptional_point,0.17845421487754945,100.76102408846646,0.43262861118326884,-0.15812394748887854
exceptional_point,0.17845421487754945,101.16731854043609,0.42997084555484805,-0.15729984100232605
exceptional_point,0.17845421487754945,101.57361299240571,0.42732534683518625,-0.15647750574288094
exceptional_point,0.17845421487754945,101.97990744437533,0.4246921144349319,-0.15565697895266425
exceptional_point,0.17845421487754945,102.38620189634496,0.42207114673575374,-0.15483829703788518
exceptional_point,0.17845421487754945,102.79249634831457,0.4194624411093405,-0.154021495581077
exceptional_point,0.17845421487754945,103.1987908002842,0.41686599393613255,-0.15320660935317787
exceptional_point,0.17845421487754945,103.60508525225382,0.4142818006238004,-0.15239367232545922
exceptional_point,0.17845421487754945,104.01137970422344,0.4117098556254609,-0.15158271768130266
exceptional_point,0.17845421487754945,104.41767415619307,0.40915015245764697,-0.1507737778278296
exceptional_point,0.17845421487754945,104.82396860816269,0.40660268371802005,-0.149966884407381
exceptional_point,0.17845421487754945,105.23026306013232,0.4040674411028438,-0.14916206830885378
exceptional_point,0.17845421487754945,105.63655751210193,0.40154441542420527,-0.14835935967889186
exceptional_point,0.17845421487754945,106.04285196407156,0.39903359662700383,-0.1475587879329359
exceptional_point,0.17845421487754945,106.44914641604117,0.39653497380569647,-0.14676038176613154
exceptional_point,0.17845421487754945,106.8554408680108,0.3940485352208077,-0.14596416916409954
exceptional_point,0.17845421487754945,107.26173531998043,0.39157426831521513,-0.14517017741356913
exceptional_point,0.17845421487754945,107.66802977195005,0.3891121597301965,-0.14437843311287377
exceptional_point,0.17845421487754945,108.07432422391967,0.3866621953212557,-0.14358896218231515
exceptional_point,0.17845421487754945,108.48061867588929,0.38422436017372513,-0.1428017898743933
exceptional_point,0.17845421487754945,108.88691312785892,0.38179863861814467,-0.14201694078390584
exceptional_point,0.17845421487754945,109.29320757982855,0.3793850142454263,-0.1412344388579189
exceptional_point,0.17845421487754945,109.69950203179816,0.3769834699218008,-0.14045430740560894
exceptional_point,0.17845421487754945,110.10579648376779,0.37459398780355324,-0.13967656910797902
exceptional_point,0.17845421487754945,110.5120909357374,0.3722165493515482,-0.1389012460274502
exceptional_point,0.17845421487754945,110.91838538770703,0.36985113534554703,-0.13812835961732883
exceptional_point,0.17845421487754945,111.32467983967665,0.36749772589832286,-0.1373579307311535
exceptional_point,0.17845421487754945,111.73097429164628,0.3651563004695682,-0.1365899796319192
exceptional_point,0.17845421487754945,112.1372687436159,0.36282683787960957,-0.13582452600118466
exceptional_point,0.17845421487754945,112.54356319558552,0.3605093163229225,-0.13506158894806145
exceptional_point,0.17845421487754945,112.94985764755515,0.3582037133814466,-0.13430118701808563
exceptional_point,0.17845421487754945,113.35615209952476,0.3559100060377182,-0.13354333820197614
exceptional_point,0.17845421487754945,113.76244655149439,0.3536281706878039,-0.13278805994427884
exceptional_point,0.17845421487754945,114.16874100346402,0.3513581831540545,-0.13203536915189867
exceptional_point,0.17845421487754945,114.57503545543364,0.34910001869766694,-0.131285282202521
exceptional_point,0.17845421487754945,114.98132990740326,0.3468536520310685,-0.13053781495292352
exceptional_point,0.17845421487754945,115.38762435937288,0.3446190573301199,-0.1297929827471796
exceptional_point,0.17845421487754945,115.79391881134251,0.3423962082461351,-0.12905080042475486
exceptional_point,0.17845421487754945,116.20021326331212,0.34018507791773306,-0.1283112823284989
exceptional_point,0.17845421487754945,116.60650771528175,0.3379856389825112,-0.12757444231253132
exceptional_point,0.17845421487754945,117.01280216725138,0.3357978635885457,-0.1268402937500257
exceptional_point,0.17845421487754945,117.419096619221,0.3336217234057289,-0.12610884954089124
exceptional_point,0.17845421487754945,117.82539107119062,0.3314571896369309,-0.12538012211935326
exceptional_point,0.17845421487754945,118.23168552316024,0.32930423302900563,-0.12465412346143599
exceptional_point,0.17845421487754945,118.63797997512987,0.3271628238836238,-0.12393086509234395
exceptional_point,0.17845421487754945,119.0442744270995,0.32503293206795336,-0.12321035809374974
exceptional_point,0.17845421487754945,119.45056887906911,0.32291452702517875,-0.12249261311098339
exceptional_point,0.17845421487754945,119.85686333103874,0.3208075777848577,-0.12177764036012775
exceptional_point,0.17845421487754945,120.26315778300835,0.3187120529731318,-0.12106544963502015
exceptional_point,0.17845421487754945,120.66945223497798,0.3166279208227809,-0.12035605031416241
exceptional_point,0.17845421487754945,121.0757466869476,0.31455514918312305,-0.11964945136753743
exceptional_point,0.17845421487754945,121.48204113891722,0.31249370552976813,-0.11894566136333687
exceptional_point,0.17845421487754945,121.88833559088685,0.31044355697422743,-0.1182446884745997
exceptional_point,0.17845421487754945,122.29463004285647,0.30840467027337337,-0.1175465404857621
exceptional_point,0.17845421487754945,122.7009244948261,0.3063770118387574,-0.11685122479911983
exceptional_point,0.17845421487754945,123.10721894679571,0.3043605477457868,-0.11615874844120558
exceptional_point,0.17845421487754945,123.51351339876534,0.3023552437427628,-0.1154691180690805
exceptional_point,0.17845421487754945,123.91980785073497,0.3003610652597778,-0.11478233997654191
exceptional_point,0.17845421487754945,124.32610230270458,0.29837797741747873,-0.11409842010024826
exceptional_point,0.17845421487754945,124.73239675467421,0.29640594503569545,-0.11341736402576134
exceptional_point,0.17845421487754945,125.13869120664383,0.29444493264193855,-0.1127391769935093
exceptional_point,0.17845421487754945,125.54498565861346,0.2924949044797601,-0.11206386390466694
exceptional_point,0.17845421487754945,125.95128011058307,0.290555824516994,-0.11139142932695954
exceptional_point,0.17845421487754945,126.3575745625527,0.28862765645385974,-0.1107218775003868
exceptional_point,0.17845421487754945,126.76386901452233,0.2867103637309478,-0.11005521234287094
exceptional_point,0.17845421487754945,127.17016346649194,0.28480390953707524,-0.10939143745582718
exceptional_point,0.17845421487754945,127.57645791846157,0.28290825681702175,-0.10873055612966032
exceptional_point,0.17845421487754945,127.98275237043119,0.28102336827914554,-0.1080725713491869
exceptional_point,0.17845421487754945,128.38904682240081,0.2791492064028725,-0.10741748579898128
exceptional_point,0.17845421487754945,128.79534127437043,0.2772857334460799,-0.10676530186865386
exceptional_point,0.17845421487754945,129.20163572634007,0.2754329114523497,-0.10611602165805274
exceptional_point,0.17845421487754945,129.6079301783097,0.2735907022581191,-0.10546964698239829
exceptional_point,0.17845421487754945,130.0142246302793,0.27175906749971007,-0.10482617937734547
exceptional_point,0.17845421487754945,130.42051908224892,0.26993796862024766,-0.10418562010397771
exceptional_point,0.17845421487754945,130.82681353421856,0.26812736687647354,-0.10354797015373345
exceptional_point,0.17845421487754945,131.23310798618817,0.26632722334544184,-0.10291323025326343
exceptional_point,0.17845421487754945,131.6394024381578,0.26453749893111583,-0.10228140086922326
exceptional_point,0.17845421487754945,132.04569689012743,0.26275815437085215,-0.10165248221299875
exceptional_point,0.17845421487754945,132.45199134209705,0.26098915024178426,-0.10102647424536713
exceptional_point,0.17845421487754945,132.85828579406666,0.25923044696709885,-0.10040337668109361
exceptional_point,0.17845421487754945,133.26458024603627,0.2574820048222162,-0.09978318899346512
exceptional_point,0.17845421487754945,133.67087469800592,0.2557437839408602,-0.09916591041876029
exceptional_point,0.17845421487754945,134.07716914997553,0.2540157443210412,-0.09855153996065914
exceptional_point,0.17845421487754945,134.48346360194515,0.2522978458309305,-0.09794007639459054
exceptional_point,0.17845421487754945,134.8897580539148,0.2505900482146414,-0.09733151827201912
exceptional_point,0.17845421487754945,135.2960525058844,0.24889231109791748,-0.09672586392467368
exceptional_point,0.17845421487754945,135.70234695785402,0.24720459399372624,-0.09612311146871677
exceptional_point,0.17845421487754945,136.10864140982363,0.24552685630775298,-0.09552325880885378
exceptional_point,0.17845421487754945,136.51493586179328,0.24385905734381222,-0.09492630364238787
exceptional_point,0.17845421487754945,136.9212303137629,0.24220115630916453,-0.09433224346321607
exceptional_point,0.17845421487754945,137.3275247657325,0.24055311231974155,-0.09374107556576992
exceptional_point,0.17845421487754945,137.73381921770215,0.2389148844052893,-0.09315279704890123
exceptional_point,0.17845421487754945,138.14011366967176,0.23728643151441678,-0.09256740481971212
exceptional_point,0.17845421487754945,138.54640812164138,0.235667712519566,-0.09198489559733215
exceptional_point,0.17845421487754945,138.95270257361102,0.2340586862218929,-0.09140526591664207
exceptional_point,0.17845421487754945,139.35899702558063,0.23245931135606773,-0.09082851213194461
exceptional_point,0.17845421487754945,139.76529147755025,0.23086954659498798,-0.09025463042058217
exceptional_point,0.17845421487754945,140.17158592951986,0.22928935055441815,-0.08968361678650619
exceptional_point,0.17845421487754945,140.5778803814895,0.22771868179754395,-0.08911546706379285
exceptional_point,0.17845421487754945,140.98417483345912,0.22615749883944522,-0.08855017692010991
exceptional_point,0.17845421487754945,141.39046928542874,0.2246057601514987,-0.0879877418601345
exceptional_point,0.17845421487754945,141.79676373739838,0.22306342416569638,-0.08742815722892112
exceptional_point,0.17845421487754945,142.203058189368,0.22153044927889218,-0.08687141821522257
exceptional_point,0.17845421487754945,142.6093526413376,0.22000679385697208,-0.08631751985476187
exceptional_point,0.17845421487754945,143.01564709330722,0.21849241623895194,-0.08576645703345896
exceptional_point,0.17845421487754945,143.42194154527687,0.21698727474099946,-0.08521822449060869
exceptional_point,0.17845421487754945,143.82823599724648,0.21549132766038903,-0.0846728168220155
exceptional_point,0.17845421487754945,144.2345304492161,0.21400453327938038,-0.08413022848308083
exceptional_point,0.17845421487754945,144.64082490118574,0.21252684986903267,-0.08359045379184663
exceptional_point,0.17845421487754945,145.04711935315535,0.21105823569294416,-0.08305348693199498
exceptional_point,0.17845421487754945,145.45341380512497,0.20959864901093078,-0.08251932195580368
exceptional_point,0.17845421487754945,145.85970825709458,0.20814804808262855,-0.08198795278705867
exceptional_point,0.17845421487754945,146.26600270906422,0.20670639117103912,-0.08145937322392437
exceptional_point,0.17845421487754945,146.67229716103384,0.20527363654600528,-0.08093357694177239
exceptional_point,0.17845421487754945,147.07859161300345,0.2038497424876212,-0.08041055749596751
exceptional_point,0.17845421487754945,147.4848860649731,0.202434667289583,-0.07989030832461431
exceptional_point,0.17845421487754945,147.8911805169427,0.20102836926247408,-0.07937282275126223
exceptional_point,0.17845421487754945,148.29747496891233,0.19963080673698808,-0.0788580939875712
exceptional_point,0.17845421487754945,148.70376942088197,0.19824193806709395,-0.07834611513593802
exceptional_point,0.17845421487754945,149.11006387285158,0.19686172163314125,-0.07783687919208424
exceptional_point,0.17845421487754945,149.5163583248212,0.19549011584490075,-0.07733037904760412
exceptional_point,0.17845421487754945,149.9226527767908,0.19412707914455335,-0.07682660749247647
exceptional_point,0.17845421487754945,150.32894722876046,0.19277257000961687,-0.07632555721753816
exceptional_point,0.17845421487754945,150.73524168073007,0.19142654695582054,-0.07582722081692059
exceptional_point,0.17845421487754945,151.14153613269968,0.19008896853991947,-0.07533159079045076
exceptional_point,0.17845421487754945,151.54783058466933,0.18875979336245569,-0.07483865954601462
exceptional_point,0.17845421487754945,151.95412503663894,0.18743898007046603,-0.07434841940188663
exceptional_point,0.17845421487754945,152.36041948860856,0.1861264873601326,-0.07386086258902247
exceptional_point,0.17845421487754945,152.76671394057817,0.18482227397938847,-0.07337598125331939
exceptional_point,0.17845421487754945,153.1730083925478,0.18352629873045911,-0.07289376745783946
exceptional_point,0.17845421487754945,153.57930284451743,0.18223852047236438,-0.072414213185002
exceptional_point,0.17845421487754945,153.98559729648704,0.1809588981233648,-0.07193731033874072
exceptional_point,0.17845421487754945,154.3918917484567,0.17968739066335454,-0.07146305074662822
exceptional_point,0.17845421487754945,154.7981862004263,0.17842395713621256,-0.07099142616196918
exceptional_point,0.17845421487754945,155.20448065239592,0.17716855665210024,-0.07052242826586018
exceptional_point,0.17845421487754945,155.61077510436553,0.17592114838971198,-0.07005604866921826
exceptional_point,0.17845421487754945,156.01706955633517,0.1746816915984798,-0.06959227891477865
exceptional_point,0.17845421487754945,156.4233640083048,0.17345014560073246,-0.0691311104790614
exceptional_point,0.17845421487754945,156.8296584602744,0.17222646979380468,-0.0686725347743072
exceptional_point,0.17845421487754945,157.23595291224404,0.17101062365210698,-0.06821654315038402
exceptional_point,0.17845421487754945,157.64224736421366,0.1698025667291458,-0.06776312689666301
exceptional_point,0.17845421487754945,158.04854181618327,0.16860225865950465,-0.06731227724386636
exceptional_point,0.17845421487754945,158.4548362681529,0.16740965916077638,-0.06686398536588492
exceptional_point,0.17845421487754945,158.86113072012253,0.16622472803546073,-0.06641824238156879
exceptional_point,0.17845421487754945,159.26742517209215,0.16504742517281173,-0.06597503935648844
exceptional_point,0.17845421487754945,159.67371962406176,0.16387771055064998,-0.06553436730466881
exceptional_point,0.17845421487754945,160.0800140760314,0.1627155442371298,-0.06509621719029574
exceptional_point,0.17845421487754945,160.48630852800102,0.16156088639247002,-0.06466057992939546
exceptional_point,0.17845421487754945,160.89260297997063,0.1604136972706439,-0.06422744639148753
exceptional_point,0.17845421487754945,161.29889743194028,0.15927393722102778,-0.0637968074012107
exceptional_point,0.17845421487754945,161.7051918839099,0.15814156669001675,-0.06336865373992412
exceptional_point,0.17845421487754945,162.1114863358795,0.15701654622259562,-0.0629429761472811
exceptional_point,0.17845421487754945,162.51778078784912,0.15589883646387834,-0.06251976532277914
exceptional_point,0.17845421487754945,162.92407523981876,0.15478839816060969,-0.062099011927284294
exceptional_point,0.17845421487754945,163.33036969178838,0.15368519216262677,-0.061680706584530565
exceptional_point,0.17845421487754945,163.736664143758,0.15258917942429207,-0.06126483988259579
exceptional_point,0.17845421487754945,164.14295859572763,0.15150032100588295,-0.06085140237535231
exceptional_point,0.17845421487754945,164.54925304769725,0.15041857807495582,-0.06044038458389551
exceptional_point,0.17845421487754945,164.95554749966686,0.1493439119076677,-0.06003177699794734
exceptional_point,0.17845421487754945,165.36184195163648,0.14827628389006917,-0.059625570077237865
exceptional_point,0.17845421487754945,165.76813640360612,0.14721565551936536,-0.059221754252863676
exceptional_point,0.17845421487754945,166.17443085557574,0.1461619884051407,-0.058820319928624056
exceptional_point,0.17845421487754945,166.58072530754535,0.14511524427055159,-0.05842125748233389
exceptional_point,0.17845421487754945,166.987019759515,0.14407538495349317,-0.058024557267116826
exceptional_point,0.17845421487754945,167.3933142114846,0.14304237240772874,-0.05763020961267463
exceptional_point,0.17845421487754945,167.79960866345422,0.1420161687039914,-0.05723820482653674
exceptional_point,0.17845421487754945,168.20590311542384,0.14099673603105528,-0.05684853319528779
exceptional_point,0.17845421487754945,168.61219756739348,0.1399840366967774,-0.05646118498577538
exceptional_point,0.17845421487754945,169.0184920193631,0.13897803312910936,-0.05607615044629639
exceptional_point,0.17845421487754945,169.4247864713327,0.13797868787708328,-0.05569341980776443
exceptional_point,0.17845421487754945,169.83108092330235,0.13698596361176354,-0.05531298328485553
exceptional_point,0.17845421487754945,170.23737537527197,0.13599982312717673,-0.05493483107713583
exceptional_point,0.17845421487754945,170.64366982724158,0.13502022934121133,-0.05455895337016927
exceptional_point,0.17845421487754945,171.04996427921122,0.1340471452964913,-0.05418534033660629
exceptional_point,0.17845421487754945,171.45625873118084,0.1330805341612202,-0.0538139821372529
exceptional_point,0.17845421487754945,171.86255318315045,0.13212035923000456,-0.053444868922122656
exceptional_point,0.17845421487754945,172.26884763512007,0.13116658392464686,-0.053077990831468885
exceptional_point,0.17845421487754945,172.6751420870897,0.13021917179491452,-0.05271333799679956
exceptional_point,0.17845421487754945,173.08143653905933,0.1292780865192849,-0.05235090054187401
exceptional_point,0.17845421487754945,173.48773099102894,0.12834329190566648,-0.0519906685836827
exceptional_point,0.17845421487754945,173.89402544299858,0.1274147518920889,-0.05163263223340749
exceptional_point,0.17845421487754945,174.3003198949682,0.12649243054738396,-0.05127678159736885
exceptional_point,0.17845421487754945,174.7066143469378,0.1255762920718231,-0.0509231067779507
exceptional_point,0.17845421487754945,175.11290879890743,0.1246663007977541,-0.050571597874514436
exceptional_point,0.17845421487754945,175.51920325087707,0.12376242119019282,-0.05022224498429101
exceptional_point,0.17845421487754945,175.92549770284668,0.1228646178474141,-0.04987503820326164
exceptional_point,0.17845421487754945,176.3317921548163,0.12197285550149992,-0.04952996762701821
exceptional_point,0.17845421487754945,176.73808660678594,0.12108709901888477,-0.04918702335161158
exceptional_point,0.17845421487754945,177.14438105875556,0.12020731340086804,-0.0488461954743822
exceptional_point,0.17845421487754945,177.55067551072517,0.11933346378410684,-0.048507474094775245
exceptional_point,0.17845421487754945,177.95696996269479,0.11846551544109318,-0.04817084931514211
exceptional_point,0.17845421487754945,178.36326441466443,0.11760343378060814,-0.04783631124152602
exceptional_point,0.17845421487754945,178.76955886663404,0.11674718434815333,-0.047503849984432626
exceptional_point,0.17845421487754945,179.17585331860366,0.1158967328263679,-0.04717345565958681
exceptional_point,0.17845421487754945,179.5821477705733,0.11505204503542284,-0.046845118388674827
exceptional_point,0.17845421487754945,179.98844222254291,0.11421308693339835,-0.04651882830007251
exceptional_point,0.17845421487754945,180.39473667451253,0.11337982461663997,-0.046194575529559065
exceptional_point,0.17845421487754945,180.80103112648217,0.11255222432010142,-0.045872350221018314
exceptional_point,0.17845421487754945,181.2073255784518,0.11173025241766242,-0.04555214252712459
exceptional_point,0.17845421487754945,181.6136200304214,0.11091387542243497,-0.04523394261001713
exceptional_point,0.17845421487754945,182.01991448239102,0.11010305998705067,-0.044917740641960364
exceptional_point,0.17845421487754945,182.42620893436066,0.1092977729039274,-0.044603526805991084
exceptional_point,0.17845421487754945,182.83250338633027,0.10849798110552383,-0.044291291296553285
exceptional_point,0.17845421487754945,183.2387978382999,0.10770365166457685,-0.04398102432012068
exceptional_point,0.17845421487754945,183.64509229026953,0.10691475179431904,-0.04367271609580578
exceptional_point,0.17845421487754945,184.05138674223915,0.10613124884868473,-0.04336635685595783
exceptional_point,0.17845421487754945,184.45768119420876,0.10535311032249746,-0.04306193684674787
exceptional_point,0.17845421487754945,184.86397564617837,0.10458030385164199,-0.04275944632874191
exceptional_point,0.17845421487754945,185.27027009814802,0.10381279721322526,-0.042458875577463626
exceptional_point,0.17845421487754945,185.67656455011763,0.10305055832571629,-0.042160214883943635
exceptional_point,0.17845421487754945,186.08285900208725,0.10229355524907507,-0.041863454555258216
exceptional_point,0.17845421487754945,186.4891534540569,0.10154175618486899,-0.04156858491505783
exceptional_point,0.17845421487754945,186.8954479060265,0.10079512947637045,-0.0412755963040826
exceptional_point,0.17845421487754945,187.30174235799612,0.10005364360864294,-0.04098447908066804
exceptional_point,0.17845421487754945,187.70803680996573,0.09931726720861583,-0.0406952236212404
exceptional_point,0.17845421487754945,188.11433126193538,0.09858596904514023,-0.040407820320800064
exceptional_point,0.17845421487754945,188.520625713905,0.09785971802903719,-0.04012225959339558
exceptional_point,0.17845421487754945,188.9269201658746,0.09713848321313162,-0.039838531872587686
exceptional_point,0.17845421487754945,189.33321461784425,0.0964222337922714,-0.039556627611901804
exceptional_point,0.17845421487754945,189.73950906981386,0.09571093910333443,-0.03927653728527142
exceptional_point,0.17845421487754945,190.14580352178348,0.0950045686252275,-0.038998251387472135
exceptional_point,0.17845421487754945,190.5520979737531,0.09430309197886719,-0.0387217604345445
exceptional_point,0.17845421487754945,190.95839242572274,0.09360647892715478,-0.0384470549642089
exceptional_point,0.17845421487754945,191.36468687769235,0.09291469937493557,-0.03817412553627026
exceptional_point,0.17845421487754945,191.77098132966196,0.09222772336894772,-0.037902962733012746
exceptional_point,0.17845421487754945,192.1772757816316,0.09154552109776169,-0.037633557159586765
exceptional_point,0.17845421487754945,192.58357023360122,0.09086806289170689,-0.037365899444386036
exceptional_point,0.17845421487754945,192.98986468557084,0.09019531922278966,-0.037099980239415964
exceptional_point,0.17845421487754945,193.39615913754048,0.08952726070459592,-0.03683579022065287
exceptional_point,0.17845421487754945,193.8024535895101,0.08886385809219313,-0.036573320088396005
exceptional_point,0.17845421487754945,194.2087480414797,0.08820508228201018,-0.0363125605676088
exceptional_point,0.17845421487754945,194.61504249344932,0.08755090431171614,-0.03605350240825374
exceptional_point,0.17845421487754945,195.02133694541897,0.08690129536008719,-0.03579613638561837
exceptional_point,0.17845421487754945,195.42763139738858,0.0862562267468618,-0.03554045330063264
exceptional_point,0.17845421487754945,195.8339258493582,0.08561566993258836,-0.03528644398017876
exceptional_point,0.17845421487754945,196.24022030132784,0.08497959651846554,-0.03503409927739355
exceptional_point,0.17845421487754945,196.64651475329745,0.08434797824616755,-0.03478341007196171
exceptional_point,0.17845421487754945,197.05280920526707,0.0837207869976687,-0.03453436727040324
exceptional_point,0.17845421487754945,197.45910365723668,0.0830979947950534,-0.03428696180635178
exceptional_point,0.17845421487754945,197.86539810920632,0.08247957380032,-0.03404118464082659
exceptional_point,0.17845421487754945,198.27169256117594,0.08186549631517588,-0.03379702676249636
exceptional_point,0.17845421487754945,198.67798701314555,0.08125573478082498,-0.03355447918793671
exceptional_point,0.17845421487754945,199.0842814651152,0.08065026177774706,-0.03331353296188001
exceptional_point,0.17845421487754945,199.4905759170848,0.0800490500254686,-0.03307417915745828
exceptional_point,0.17845421487754945,199.89687036905443,0.07945207238232702,-0.032836408876439516
exceptional_point,0.17845421487754945,200.30316482102404,0.07885930184522817,-0.03260021324945726
exceptional_point,0.17845421487754945,200.70945927299368,0.07827071154939302,-0.03236558343623281
exceptional_point,0.17845421487754945,201.1157537249633,0.07768627476810236,-0.032132510625792025
exceptional_point,0.17845421487754945,201.5220481769329,0.07710596491243044,-0.031900986036674836
exceptional_point,0.17845421487754945,201.92834262890256,0.07652975553097285,-0.03167100091713843
exceptional_point,0.17845421487754945,202.33463708087217,0.07595762030956933,-0.031442546545354874
exceptional_point,0.17845421487754945,202.74093153284178,0.07538953307101824,-0.031215614229601892
exceptional_point,0.17845421487754945,203.14722598481143,0.07482546777478515,-0.030990195308447824
exceptional_point,0.17845421487754945,203.55352043678104,0.07426539851670452,-0.03076628115093051
exceptional_point,0.17845421487754945,203.95981488875066,0.07370929952867754,-0.03054386315673078
exceptional_point,0.17845421487754945,204.36610934072027,0.07315714517836115,-0.030322932756339453
exceptional_point,0.17845421487754945,204.77240379268991,0.07260890996885316,-0.030103481411219254
exceptional_point,0.17845421487754945,205.17869824465953,0.07206456853837126,-0.02988550061396098
exceptional_point,0.17845421487754945,205.58499269662914,0.0715240956599253,-0.029668981888433775
exceptional_point,0.17845421487754945,205.9912871485988,0.07098746624098609,-0.02945391678993071
exceptional_point,0.17845421487754945,206.3975816005684,0.07045465532314742,-0.029240296905308348
exceptional_point,0.17845421487754945,206.80387605253802,0.06992563808178329,-0.02902811385312152
exceptional_point,0.17845421487754945,207.21017050450763,0.06940038982570043,-0.028817359283752824
exceptional_point,0.17845421487754945,207.61646495647727,0.06887888599678547,-0.02860802487953687
exceptional_point,0.17845421487754945,208.0227594084469,0.06836110216964766,-0.028400102354879952
exceptional_point,0.17845421487754945,208.4290538604165,0.06784701405125593,-0.028193583456374207
exceptional_point,0.17845421487754945,208.83534831238615,0.06733659748057318,-0.02798845996290765
exceptional_point,0.17845421487754945,209.24164276435576,0.06682982842818389,-0.027784723685768745
exceptional_point,0.17845421487754945,209.64793721632537,0.06632668299591968,-0.027582366468747115
exceptional_point,0.17845421487754945,210.054231668295,0.06582713741647893,-0.027381380188228825
exceptional_point,0.17845421487754945,210.46052612026463,0.065331168053042,-0.027181756753287566
exceptional_point,0.17845421487754945,210.86682057223425,0.06483875139888447,-0.026983488105771537
exceptional_point,0.17845421487754945,211.27311502420386,0.0643498640769851,-0.026786566220385832
exceptional_point,0.17845421487754945,211.6794094761735,0.06386448283962935,-0.02659098310477028
exceptional_point,0.17845421487754945,212.08570392814312,0.06338258456800995,-0.02639673079957317
exceptional_point,0.17845421487754945,212.49199838011273,0.06290414627182528,-0.02620380137852148
exceptional_point,0.17845421487754945,212.89829283208235,0.06242914508887137,-0.026012186948485925
exceptional_point,0.17845421487754945,213.304587284052,0.06195755828463106,-0.025821879649542415
exceptional_point,0.17845421487754945,213.7108817360216,0.061489363251864826,-0.025632871655030674
exceptional_point,0.17845421487754945,214.11717618799122,0.061024537510188874,-0.0254451551716067
exceptional_point,0.17845421487754945,214.52347063996086,0.06056305870565958,-0.025258722439293637
exceptional_point,0.17845421487754945,214.92976509193048,0.060104904610349216,-0.025073565731527626
exceptional_point,0.17845421487754945,215.3360595439001,0.05965005312192093,-0.024889677355200483
exceptional_point,0.17845421487754945,215.74235399586973,0.05919848226319973,-0.024707049650698452
exceptional_point,0.17845421487754945,216.14864844783935,0.05875017018174099,-0.024525674991937384
exceptional_point,0.17845421487754945,216.55494289980896,0.0583050951493996,-0.024345545786395577
exceptional_point,0.17845421487754945,216.96123735177858,0.057863235561888236,-0.024166654475140638
exceptional_point,0.17845421487754945,217.36753180374822,0.05742456993834409,-0.0239889935328561
exceptional_point,0.17845421487754945,217.77382625571784,0.05698907692088304,-0.023812555467862123
exceptional_point,0.17845421487754945,218.18012070768745,0.056556735274159144,-0.023637332822134607
exceptional_point,0.17845421487754945,218.5864151596571,0.056127523884916285,-0.023463318171320115
exceptional_point,0.17845421487754945,218.9927096116267,0.05570142176154211,-0.023290504124748382
exceptional_point,0.17845421487754945,219.39900406359632,0.055278408033616826,-0.02311888332544137
exceptional_point,0.17845421487754945,219.80529851556594,0.0548584619514606,-0.022948448450119053
exceptional_point,0.17845421487754945,220.21159296753558,0.05444156288568009,-0.022779192209202857
exceptional_point,0.17845421487754945,220.6178874195052,0.05402769032671236,-0.022611107346815817
exceptional_point,0.17845421487754945,221.0241818714748,0.05361682388436663,-0.02244418664077975
exceptional_point,0.17845421487754945,221.43047632344445,0.05320894328736529,-0.022278422902610007
exceptional_point,0.17845421487754945,221.83677077541407,0.052804028382881826,-0.022113808977507032
exceptional_point,0.17845421487754945,222.24306522738368,0.052402059136079406,-0.021950337744345804
exceptional_point,0.17845421487754945,222.6493596793533,0.0520030156296444,-0.02178800211566156
exceptional_point,0.17845421487754945,223.05565413132294,0.05160687806332267,-0.021626795037634365
exceptional_point,0.17845421487754945,223.46194858329255,0.05121362675345227,-0.021466709490070214
exceptional_point,0.17845421487754945,223.86824303526217,0.05082324213249255,-0.0213077384863791
exceptional_point,0.17845421487754945,224.2745374872318,0.050435704748558005,-0.021149875073552416
exceptional_point,0.17845421487754945,224.68083193920143,0.05005099526494448,-0.020993112332135976
exceptional_point,0.17845421487754945,225.08712639117104,0.04966909445965863,-0.020837443376201897
exceptional_point,0.17845421487754945,225.49342084314068,0.04928998322494358,-0.020682861353317566
exceptional_point,0.17845421487754945,225.8997152951103,0.04891364256680569,-0.02052935944451273
exceptional_point,0.17845421487754945,226.3060097470799,0.04854005360454034,-0.020376930864244535
exceptional_point,0.17845421487754945,226.71230419904953,0.04816919757025345,-0.020225568860359217
exceptional_point,0.17845421487754945,227.11859865101917,0.04780105580838637,-0.020075266714053026
exceptional_point,0.17845421487754945,227.52489310298878,0.04743560977523869,-0.01992601773983066
exceptional_point,0.17845421487754945,227.9311875549584,0.04707284103848823,-0.019777815285460777
exceptional_point,0.17845421487754945,228.33748200692804,0.04671273127671368,-0.019630652731930973
exceptional_point,0.17845421487754945,228.74377645889766,0.0463552622789132,-0.019484523493399197
exceptional_point,0.17845421487754945,229.15007091086727,0.046000415944026506,-0.019339421017144847
exceptional_point,0.17845421487754945,229.55636536283689,0.04564817428045155,-0.01919533878351642
exceptional_point,0.17845421487754945,229.96265981480653,0.045298519405565535,-0.019052270305878475
exceptional_point,0.17845421487754945,230.36895426677614,0.04495143354524273,-0.018910209130556445
exceptional_point,0.17845421487754945,230.77524871874576,0.04460689903337083,-0.01876914883677887
exceptional_point,0.17845421487754945,231.1815431707154,0.044264898311371044,-0.01862908303661932
exceptional_point,0.17845421487754945,231.58783762268502,0.04392541392771425,-0.018490005374935576
exceptional_point,0.17845421487754945,231.99413207465463,0.04358842853743811,-0.018351909529307348
exceptional_point,0.17845421487754945,232.40042652662424,0.04325392490166489,-0.018214789209972625
exceptional_point,0.17845421487754945,232.8067209785939,0.04292188588711774,-0.018078638159762177
exceptional_point,0.17845421487754945,233.2130154305635,0.04259229446563661,-0.017943450154032335
exceptional_point,0.17845421487754945,233.61930988253312,0.042265133713696945,-0.017809219000596867
exceptional_point,0.17845421487754945,234.02560433450276,0.041940386811925155,-0.017675938539656808
exceptional_point,0.17845421487754945,234.43189878647237,0.04161803704461541,-0.017543602643728857
exceptional_point,0.17845421487754945,234.838193238442,0.04129806779924687,-0.017412205217572665
exceptional_point,0.17845421487754945,235.2444876904116,0.040980462565999756,-0.017281740198116242
exceptional_point,0.17845421487754945,235.65078214238125,0.040665204937273096,-0.017152201554380495
exceptional_point,0.17845421487754945,236.05707659435086,0.040352278607202724,-0.017023583287402527
exceptional_point,0.17845421487754945,236.46337104632047,0.04004166737117656,-0.016895879430156538
exceptional_point,0.17845421487754945,236.86966549829012,0.0397333551253548,-0.016769084047475034
exceptional_point,0.17845421487754945,237.27595995025973,0.03942732586618659,-0.016643191235967646
exceptional_point,0.17845421487754945,237.68225440222935,0.039123563689928066,-0.016518195123938987
exceptional_point,0.17845421487754945,238.088548854199,0.03882205279216212,-0.01639408987130568
exceptional_point,0.17845421487754945,238.4948433061686,0.038522777467317866,-0.016270869669512127
exceptional_point,0.17845421487754945,238.90113775813822,0.03822572210818782,-0.016148528741444384
exceptional_point,0.17845421487754945,239.30743221010783,0.03793087120545063,-0.016027061341344177
exceptional_point,0.17845421487754945,239.71372666207748,0.03763820934719057,-0.01590646175472113
exceptional_point,0.17845421487754945,240.1200211140471,0.03734772121841777,-0.015786724298263628
exceptional_point,0.17845421487754945,240.5263155660167,0.03705939160059211,-0.01566784331974993
exceptional_point,0.17845421487754945,240.93261001798635,0.036773205371142835,-0.015549813197956562
exceptional_point,0.17845421487754945,241.33890446995596,0.0364891475029924,-0.015432628342566961
exceptional_point,0.17845421487754945,241.74519892192558,0.03620720306408154,-0.015316283194079329
exceptional_point,0.17845421487754945,242.1514933738952,0.03592735721689058,-0.015200772223712276
exceptional_point,0.17845421487754945,242.55778782586484,0.035649595217966484,-0.015086089933310958
exceptional_point,0.17845421487754945,242.96408227783445,0.03537390241744807,-0.014972230855251756
exceptional_point,0.17845421487754945,243.37037672980406,0.03510026425859151,-0.014859189552345808
exceptional_point,0.17845421487754945,243.7766711817737,0.03482866627729797,-0.01474696061774227
exceptional_point,0.17845421487754945,244.18296563374332,0.034559094101642644,-0.01463553867483083
exceptional_point,0.17845421487754945,244.58926008571294,0.03429153345140204,-0.014524918377142756
exceptional_point,0.17845421487754945,244.99555453768255,0.03402597013758406,-0.014415094408251729
exceptional_point,0.17845421487754945,245.4018489896522,0.033762390061959836,-0.014306061481674289
exceptional_point,0.17845421487754945,245.8081434416218,0.03350077921659264,-0.014197814340768285
exceptional_point,0.17845421487754945,246.21443789359142,0.0332411236833728,-0.014090347758632302
exceptional_point,0.17845421487754945,246.62073234556107,0.03298340963355041,-0.0139836565380034
exceptional_point,0.17845421487754945,247.02702679753068,0.032727623327268494,-0.01387773551115408
exceptional_point,0.17845421487754945,247.4333212495003,0.03247375111309985,-0.013772579539789383
exceptional_point,0.17845421487754945,247.83961570146994,0.03222177942758263,-0.013668183514942787
exceptional_point,0.17845421487754945,248.24591015343955,0.031971694794757616,-0.01356454235687171
exceptional_point,0.17845421487754945,248.65220460540917,0.031723483825707666,-0.013461651014952678
exceptional_point,0.17845421487754945,249.05849905737878,0.03147713321809599,-0.013359504467575329
exceptional_point,0.17845421487754945,249.46479350934843,0.031232629755707654,-0.01325809772203666
exceptional_point,0.17845421487754945,249.87108796131804,0.030989960307991258,-0.013157425814434283
exceptional_point,0.17845421487754945,250.27738241328765,0.030749111829601817,-0.013057483809559301
exceptional_point,0.17845421487754945,250.6836768652573,0.03051007135994397,-0.01295826680078854
exceptional_point,0.17845421487754945,251.0899713172269,0.030272826022718833,-0.012859769909976936
exceptional_point,0.17845421487754945,251.49626576919653,0.030037363025469287,-0.012761988287348742
exceptional_point,0.17845421487754945,251.90256022116614,0.029803669659127775,-0.012664917111388714
exceptional_point,0.17845421487754945,252.30885467313578,0.029571733297565052,-0.01256855158873279
exceptional_point,0.17845421487754945,252.7151491251054,0.029341541397141208,-0.012472886954058687
exceptional_point,0.17845421487754945,253.121443577075,0.02911308149625579,-0.012377918469975518
exceptional_point,0.17845421487754945,253.52773802904466,0.02888634121490071,-0.012283641426913431
exceptional_point,0.17845421487754945,253.93403248101427,0.028661308254214965,-0.012190051143013268
exceptional_point,0.17845421487754945,254.34032693298388,0.02843797039603905,-0.012097142964015182
exceptional_point,0.17845421487754945,254.7466213849535,0.028216315502471622,-0.012004912263147371
exceptional_point,0.17845421487754945,255.15291583692314,0.027996331515427478,-0.011913354441014446
exceptional_point,0.17845421487754945,255.55921028889276,0.027778006456196717,-0.011822464925485656
exceptional_point,0.17845421487754945,255.96550474086237,0.027561328425004833,-0.011732239171582422
exceptional_point,0.17845421487754945,256.371799192832,0.02734628560057517,-0.011642672661366166
exceptional_point,0.17845421487754945,256.77809364480163,0.027132866239692417,-0.011553760903825764
exceptional_point,0.17845421487754945,257.1843880967713,0.02692105867676629,-0.01146549943476438
exceptional_point,0.17845421487754945,257.59068254874086,0.026710851323398444,-0.011377883816686599
exceptional_point,0.17845421487754945,257.9969770007105,0.026502232667949068,-0.011290909638684996
exceptional_point,0.17845421487754945,258.40327145268014,0.026295191275107647,-0.011204572516327182
exceptional_point,0.17845421487754945,258.80956590464973,0.026089715785460387,-0.01111886809154141
exceptional_point,0.17845421487754945,259.2158603566194,0.025885794915064674,-0.011033792032503563
exceptional_point,0.17845421487754945,259.62215480858896,0.025683417455020893,-0.0109493400335229
exceptional_point,0.17845421487754945,260.0284492605586,0.025482572271047235,-0.010865507814928057
exceptional_point,0.17845421487754945,260.43474371252825,0.025283248303056057,-0.010782291122952925
exceptional_point,0.17845421487754945,260.84103816449783,0.02508543456473126,-0.010699685729622432
exceptional_point,0.17845421487754945,261.2473326164675,0.024889120143108342,-0.010617687432638443
exceptional_point,0.17845421487754945,261.6536270684371,0.024694294198153277,-0.01053629205526478
exceptional_point,0.17845421487754945,262.0599215204067,0.02450094596234599,-0.010455495446213239
exceptional_point,0.17845421487754945,262.46621597237635,0.024309064740264192,-0.010375293479529079
exceptional_point,0.17845421487754945,262.872510424346,0.02411863990816684,-0.01029568205447588
exceptional_point,0.17845421487754945,263.2788048763156,0.023929660913582753,-0.010216657095421534
exceptional_point,0.17845421487754945,263.6850993282852,0.02374211727489744,-0.010138214551723196
exceptional_point,0.17845421487754945,264.09139378025486,0.023555998580944336,-0.010060350397613061
exceptional_point,0.17845421487754945,264.49768823222445,0.023371294490593705,-0.009983060632082888
exceptional_point,0.17845421487754945,264.9039826841941,0.023187994732348227,-0.009906341278770244
exceptional_point,0.17845421487754945,265.31027713616373,0.023006089103935,-0.009830188385843078
exceptional_point,0.17845421487754945,265.7165715881333,0.022825567471903827,-0.009754598025885755
exceptional_point,0.17845421487754945,266.12286604010296,0.022646419771222746,-0.009679566295783877
exceptional_point,0.17845421487754945,266.52916049207255,0.02246863600487854,-0.009605089316610143
exceptional_point,0.17845421487754945,266.9354549440422,0.02229220624347604,-0.009531163233509346
exceptional_point,0.17845421487754945,267.34174939601183,0.022117120624842283,-0.00945778421558449
exceptional_point,0.17845421487754945,267.7480438479814,0.021943369353629155,-0.009384948455782112
exceptional_point,0.17845421487754945,268.15433829995106,0.02177094270091837,-0.009312652170777687
exceptional_point,0.17845421487754945,268.5606327519207,0.021599831003830602,-0.009240891600862113
exceptional_point,0.17845421487754945,268.9669272038903,0.021430024665131726,-0.00916966300982675
exceptional_point,0.17845421487754945,269.37322165585994,0.02126151415284481,-0.009098962684849983
exceptional_point,0.17845421487754945,269.7795161078296,0.021094289999861168,-0.009028786936382927
exceptional_point,0.17845421487754945,270.18581055979917,0.020928342803554337,-0.008959132098035845
exceptional_point,0.17845421487754945,270.5921050117688,0.020763663225395565,-0.008889994526464502
exceptional_point,0.17845421487754945,270.99839946373845,0.020600241990569413,-0.008821370601256285
exceptional_point,0.17845421487754945,271.40469391570804,0.020438069887592766,-0.00875325672481691
exceptional_point,0.17845421487754945,271.8109883676777,0.020277137767935226,-0.008685649322257323
exceptional_point,0.17845421487754945,272.21728281964727,0.02011743654564046,-0.00861854484128044
exceptional_point,0.17845421487754945,272.6235772716169,0.019958957196948773,-0.008551939752068008
exceptional_point,0.17845421487754945,273.02987172358655,0.019801690759923427,-0.00848583054716815
exceptional_point,0.17845421487754945,273.43616617555614,0.019645628334076005,-0.008420213741382502
exceptional_point,0.17845421487754945,273.8424606275258,0.019490761079995006,-0.008355085871653706
exceptional_point,0.17845421487754945,274.2487550794954,0.01933708021897537,-0.008290443496953258
exceptional_point,0.17845421487754945,274.655049531465,0.019184577032650814,-0.00822628319816952
exceptional_point,0.17845421487754945,275.06134398343465,0.0190332428626258,-0.008162601577995605
exceptional_point,0.17845421487754945,275.4676384354043,0.018883069110110756,-0.00809939526081778
exceptional_point,0.17845421487754945,275.8739328873739,0.018734047235558687,-0.008036660892604106
exceptional_point,0.17845421487754945,276.2802273393435,0.018586168758302532,-0.007974395140792971
exceptional_point,0.17845421487754945,276.68652179131317,0.018439425256195963,-0.007912594694182316
exceptional_point,0.17845421487754945,277.09281624328275,0.018293808365253194,-0.00785125626281854
exceptional_point,0.17845421487754945,277.4991106952524,0.018149309779293347,-0.007790376577886145
exceptional_point,0.17845421487754945,277.90540514722204,0.01800592124958377,-0.007729952391597108
exceptional_point,0.17845421487754945,278.3116995991916,0.017863634584487576,-0.007669980477081193
exceptional_point,0.17845421487754945,278.71799405116127,0.017722441649110604,-0.007610457628275701
exceptional_point,0.17845421487754945,279.12428850313086,0.017582334364950814,-0.0075513806598158624
exceptional_point,0.17845421487754945,279.5305829551005,0.01744330470955053,-0.00749274640692586
exceptional_point,0.17845421487754945,279.93687740707014,0.01730534471614784,-0.007434551725309213
exceptional_point,0.17845421487754945,280.3431718590397,0.017168446473332596,-0.007376793491040455
exceptional_point,0.17845421487754945,280.74946631100937,0.0170326021247015,-0.0073194686004562194
exceptional_point,0.17845421487754945,281.155760762979,0.016897803868514975,-0.00726257397004672
exceptional_point,0.17845421487754945,281.5620552149486,0.01676404395735927,-0.007206106536348536
exceptional_point,0.17845421487754945,281.96834966691824,0.016631314697804492,-0.007150063255835969
exceptional_point,0.17845421487754945,282.3746441188879,0.016499608450069484,-0.007094441104814269
exceptional_point,0.17845421487754945,282.7809385708575,0.016368917627684675,-0.007039237079311974
exceptional_point,0.17845421487754945,283.1872330228271,0.016239234697158836,-0.006984448194974413
exceptional_point,0.17845421487754945,283.59352747479676,0.01611055217764599,-0.006930071486956811
exceptional_point,0.17845421487754945,283.99982192676634,0.015982862640615245,-0.006876104009818264
exceptional_point,0.17845421487754945,284.406116378736,0.015856158709521367,-0.00682254283741567
exceptional_point,0.17845421487754945,284.81241083070563,0.015730433059476835,-0.006769385062797948
exceptional_point,0.17845421487754945,285.2187052826752,0.015605678416926734,-0.006716627798100927
exceptional_point,0.17845421487754945,285.62499973464486,0.015481887559323176,-0.006664268174441931
exceptional_point,0.17845421487754945,286.03129418661445,0.015359053314804532,-0.006612303341815618
exceptional_point,0.17845421487754945,286.4375886385841,0.015237168561871768,-0.006560730468988751
exceptional_point,0.17845421487754945,286.84388309055373,0.015116226229072285,-0.006509546743397208
exceptional_point,0.17845421487754945,287.2501775425233,0.01499621929467829,-0.006458749371040938
exceptional_point,0.17845421487754945,287.65647199449296,0.014877140786373595,-0.006408335576381545
exceptional_point,0.17845421487754945,288.0627664464626,0.014758983780937613,-0.0063583026022387395
exceptional_point,0.17845421487754945,288.4690608984322,0.014641741403932994,-0.0063086477096877674
exceptional_point,0.17845421487754945,288.87535535040183,0.014525406829393312,-0.0062593681779566585
exceptional_point,0.17845421487754945,289.2816498023715,0.014409973279514217,-0.006210461304324529
exceptional_point,0.17845421487754945,289.68794425434106,0.01429543402434406,-0.006161924404019362
exceptional_point,0.17845421487754945,290.0942387063107,0.014181782381479054,-0.0061137548101172475
exceptional_point,0.17845421487754945,290.50053315828035,0.014069011715756509,-0.006065949873440685
exceptional_point,0.17845421487754945,290.90682761024993,0.013957115438951721,-0.006018506962458068
exceptional_point,0.17845421487754945,291.3131220622196,0.013846087009476891,-0.005971423463183503
exceptional_point,0.17845421487754945,291.71941651418916,0.013735919932080516,-0.005924696779076711
exceptional_point,0.17845421487754945,292.1257109661588,0.013626607757547813,-0.005878324330943106
exceptional_point,0.17845421487754945,292.53200541812845,0.013518144082405151,-0.005832303556834985
exceptional_point,0.17845421487754945,292.93829987009804,0.01341052254862286,-0.005786631911952054
exceptional_point,0.17845421487754945,293.3445943220677,0.013303736843322386,-0.005741306868543264
exceptional_point,0.17845421487754945,293.7508887740373,0.013197780698483173,-0.005696325915808275
exceptional_point,0.17845421487754945,294.1571832260069,0.013092647890652538,-0.00565168655979996
exceptional_point,0.17845421487754945,294.56347767797655,0.012988332240655067,-0.0056073863233263846
exceptional_point,0.17845421487754945,294.9697721299462,0.012884827613306189,-0.00556342274585425
exceptional_point,0.17845421487754945,295.3760665819158,0.012782127917125323,-0.005519793383411767
exceptional_point,0.17845421487754945,295.7823610338854,0.012680227104050736,-0.0054764958084922875
exceptional_point,0.17845421487754945,296.18865548585507,0.012579119169157514,-0.005433527609958543
exceptional_point,0.17845421487754945,296.59494993782465,0.01247879815037455,-0.005390886392946586
exceptional_point,0.17845421487754945,297.0012443897943,0.012379258128205806,-0.005348569778770964
exceptional_point,0.17845421487754945,297.40753884176394,0.012280493225450786,-0.0053065754048294824
exceptional_point,0.17845421487754945,297.8138332937335,0.012182497606928184,-0.005264900924508961
exceptional_point,0.17845421487754945,298.22012774570317,0.01208526547919945,-0.005223544007090726
exceptional_point,0.17845421487754945,298.62642219767275,0.011988791090295724,-0.005182502337657193
exceptional_point,0.17845421487754945,299.0327166496424,0.011893068729444583,-0.005141773616998266
exceptional_point,0.17845421487754945,299.43901110161204,0.011798092726799842,-0.005101355561518539
exceptional_point,0.17845421487754945,299.8453055535816,0.011703857453170772,-0.005061245903144286
exceptional_point,0.17845421487754945,300.25160000555127,0.011610357319755429,-0.005021442389231672
exceptional_point,0.17845421487754945,300.6578944575209,0.011517586777873607,-0.004981942782474684
exceptional_point,0.17845421487754945,301.0641889094905,0.011425540318701433,-0.00494274486081356
exceptional_point,0.17845421487754945,301.47048336146014,0.011334212473008243,-0.004903846417343853
exceptional_point,0.17845421487754945,301.8767778134298,0.011243597810894226,-0.004865245260225604
exceptional_point,0.17845421487754945,302.28307226539937,0.01115369094153016,-0.004826939212593168
exceptional_point,0.17845421487754945,302.689366717369,0.011064486512897683,-0.004788926112465056
exceptional_point,0.17845421487754945,303.09566116933865,0.010975979211532438,-0.004751203812654696
exceptional_point,0.17845421487754945,303.50195562130824,0.010888163762266707,-0.004713770180680889
exceptional_point,0.17845421487754945,303.9082500732779,0.01080103492797568,-0.00467662309867936
exceptional_point,0.17845421487754945,304.31454452524747,0.01071458750932339,-0.004639760463314186
exceptional_point,0.17845421487754945,304.7208389772171,0.010628816344511237,-0.004603180185689869
exceptional_point,0.17845421487754945,305.12713342918676,0.010543716309027631,-0.004566880191263844
exceptional_point,0.17845421487754945,305.53342788115634,0.010459282315398138,-0.004530858419758921
exceptional_point,0.17845421487754945,305.939722333126,0.010375509312938624,-0.004495112825076729
exceptional_point,0.17845421487754945,306.3460167850956,0.01029239228750922,-0.004459641375211365
exceptional_point,0.17845421487754945,306.7523112370652,0.01020992626126848,-0.004424442052162933
exceptional_point,0.17845421487754945,307.15860568903486,0.010128106292431131,-0.004389512851852284
exceptional_point,0.17845421487754945,307.5649001410045,0.010046927475025919,-0.004354851784035669
exceptional_point,0.17845421487754945,307.9711945929741,0.009966384938654115,-0.004320456872219592
exceptional_point,0.17845421487754945,308.37748904494373,0.009886473848251559,-0.004286326153576646
exceptional_point,0.17845421487754945,308.7837834969134,0.009807189403850298,-0.004252457678861302
exceptional_point,0.17845421487754945,309.19007794888296,0.009728526840341931,-0.004218849512326064
exceptional_point,0.17845421487754945,309.5963724008526,0.009650481427243092,-0.004185499731638313
exceptional_point,0.17845421487754945,310.00266685282224,0.009573048468461721,-0.0041524064277974
exceptional_point,0.17845421487754945,310.40896130479183,0.009496223302064243,-0.004119567705051874
exceptional_point,0.17845421487754945,310.8152557567615,0.009420001300045434,-0.004086981680817619
exceptional_point,0.17845421487754945,311.22155020873106,0.009344377868098448,-0.004054646485595955
exceptional_point,0.17845421487754945,311.6278446607007,0.009269348445386249,-0.004022560262892135
exceptional_point,0.17845421487754945,312.03413911267035,0.009194908504315731,-0.003990721169134714
exceptional_point,0.17845421487754945,312.44043356463993,0.009121053550311134,-0.003959127373594591
exceptional_point,0.17845421487754945,312.8467280166096,0.009047779121590351,-0.003927777058304953
exceptional_point,0.17845421487754945,313.2530224685792,0.008975080788942151,-0.0038966684179815294
exceptional_point,0.17845421487754945,313.6593169205488,0.008902954155504444,-0.003865799659943051
exceptional_point,0.17845421487754945,314.06561137251845,0.008831394856544298,-0.0038351690040323255
exceptional_point,0.17845421487754945,314.4719058244881,0.00876039855923833,-0.0038047746825373295
exceptional_point,0.17845421487754945,314.8782002764577,0.008689960962456307,-0.003774614940113341
exceptional_point,0.17845421487754945,315.2844947284273,0.008620077796543717,-0.003744688033704688
exceptional_point,0.17845421487754945,315.69078918039696,0.008550744823107468,-0.0037149922324674857
exceptional_point,0.17845421487754945,316.09708363236655,0.008481957834801792,-0.0036855258176923945
exceptional_point,0.17845421487754945,316.5033780843362,0.008413712655115816,-0.00365628708272791
exceptional_point,0.17845421487754945,316.9096725363058,0.008346005138162997,-0.0036272743329041754
exceptional_point,0.17845421487754945,317.3159669882754,0.008278831168470358,-0.003598485885456781
exceptional_point,0.17845421487754945,317.72226144024506,0.008212186660770752,-0.003569920069451422
exceptional_point,0.17845421487754945,318.12855589221465,0.008146067559794745,-0.003541575225708502
exceptional_point,0.17845421487754945,318.5348503441843,0.008080469840064932,-0.0035134497067284024
exceptional_point,0.17845421487754945,318.94114479615394,0.008015389505691448,-0.0034855418766172137
exceptional_point,0.17845421487754945,319.3474392481235,0.00795082259016759,-0.0034578501110123987
exceptional_point,0.17845421487754945,319.75373370009316,0.007886765156168051,-0.0034303727970093055
exceptional_point,0.17845421487754945,320.1600281520628,0.00782321329534768,-0.003403108333087861
exceptional_point,0.17845421487754945,320.5663226040324,0.007760163128141471,-0.0033760551290396043
exceptional_point,0.17845421487754945,320.97261705600204,0.007697610803566139,-0.003349211605895201
exceptional_point,0.17845421487754945,321.3789115079717,0.007635552499022483,-0.0033225761958522782
exceptional_point,0.17845421487754945,321.78520595994127,0.007573984420099272,-0.003296147342203618
exceptional_point,0.17845421487754945,322.1915004119109,0.007512902800378108,-0.003269923499265755
exceptional_point,0.17845421487754945,322.59779486388055,0.007452303901239757,-0.0032439031323079704
exceptional_point,0.17845421487754945,323.00408931585014,0.00739218401167163,-0.003218084717481677
exceptional_point,0.17845421487754945,323.4103837678198,0.007332539448075852,-0.0031924667417499533
exceptional_point,0.17845421487754945,323.81667821978937,0.007273366554079596,-0.0031670477028178444
exceptional_point,0.17845421487754945,324.222972671759,0.007214661700345778,-0.0031418261090627084
exceptional_point,0.17845421487754945,324.62926712372865,0.007156421284385003,-0.0031168004794650253
exceptional_point,0.17845421487754945,325.03556157569824,0.007098641730369116,-0.003091969343539651
exceptional_point,0.17845421487754945,325.4418560276679,0.007041319488945703,-0.0030673312412674205
exceptional_point,0.17845421487754945,325.8481504796375,0.006984451037053228,-0.0030428847230269196
exceptional_point,0.17845421487754945,326.2544449316071,0.0069280328777380825,-0.0030186283495268933
exceptional_point,0.17845421487754945,326.66073938357675,0.006872061539972831,-0.002994560691739008
exceptional_point,0.17845421487754945,327.0670338355464,0.006816533578474513,-0.002970680330830647
exceptional_point,0.17845421487754945,327.473328287516,0.0067614455735253015,-0.0029469858580984582
exceptional_point,0.17845421487754945,327.8796227394856,0.00670679413079353,-0.002923475874902026
exceptional_point,0.17845421487754945,328.28591719145527,0.00665257588115667,-0.002900148992598172
exceptional_point,0.17845421487754945,328.69221164342486,0.006598787480524106,-0.0028770038324751456
exceptional_point,0.17845421487754945,329.0985060953945,0.0065454256096621,-0.0028540390256876122
exceptional_point,0.17845421487754945,329.50480054736414,0.006492486974019865,-0.0028312532131918857
exceptional_point,0.17845421487754945,329.9110949993337,0.006439968303556108,-0.002808645045681435
exceptional_point,0.17845421487754945,330.31738945130337,0.006387866352566653,-0.002786213183522644
exceptional_point,0.17845421487754945,330.72368390327296,0.0063361778995143034,-0.002763956296691336
exceptional_point,0.17845421487754945,331.1299783552426,0.006284899746858414,-0.0027418730647092286
exceptional_point,0.17845421487754945,331.53627280721224,0.006234028720886149,-0.0027199621765808765
exceptional_point,0.17845421487754945,331.9425672591818,0.006183561671544941,-0.0026982223307310945
exceptional_point,0.17845421487754945,332.34886171115147,0.006133495472275627,-0.002676652234942516
exceptional_point,0.17845421487754945,332.7551561631211,0.006083827019846955,-0.0026552506062936386
exceptional_point,0.17845421487754945,333.1614506150907,0.006034553234191221,-0.002634016171097284
exceptional_point,0.17845421487754945,333.56774506706034,0.005985671058240611,-0.0026129476648392
exceptional_point,0.17845421487754945,333.97403951903,0.005937177457764645,-0.0025920438321170997
exceptional_point,0.17845421487754945,334.3803339709996,0.005889069421209356,-0.0025713034265802646
exceptional_point,0.17845421487754945,334.7866284229692,0.005841343959536011,-0.0025507252108689362
exceptional_point,0.17845421487754945,335.19292287493886,0.005793998106062767,-0.002530307956554793
exceptional_point,0.17845421487754945,335.59921732690844,0.005747028916305793,-0.00251005044408113
exceptional_point,0.17845421487754945,336.0055117788781,0.0057004334678220775,-0.0024899514627036773
exceptional_point,0.17845421487754945,336.4118062308477,0.005654208860053146,-0.0024700098104317014
exceptional_point,0.17845421487754945,336.8181006828173,0.005608352214170098,-0.0024502242939695514
exceptional_point,0.17845421487754945,337.22439513478696,0.0055628606729190575,-0.002430593728658324
exceptional_point,0.17845421487754945,337.63068958675655,0.005517731400467905,-0.0024111169384179814
exceptional_point,0.17845421487754945,338.0369840387262,0.005472961582254342,-0.0023917927556899162
exceptional_point,0.17845421487754945,338.44327849069583,0.005428548424834231,-0.002372620021379596
exceptional_point,0.17845421487754945,338.8495729426654,0.005384489155731599,-0.0023535975847997635
exceptional_point,0.17845421487754945,339.25586739463506,0.00534078102328914,-0.0023347243036138453
exceptional_point,0.17845421487754945,339.6621618466047,0.005297421296519875,-0.0023159990437796856
exceptional_point,0.17845421487754945,340.0684562985743,0.005254407264959989,-0.002297420679493755
exceptional_point,0.17845421487754945,340.47475075054393,0.005211736238522426,-0.0022789880931355514
exceptional_point,0.17845421487754945,340.8810452025136,0.0051694055473509685,-0.002260700175212205
exceptional_point,0.17845421487754945,341.28733965448316,0.005127412541676265,-0.0022425558243037206
exceptional_point,0.17845421487754945,341.6936341064528,0.005085754591672137,-0.0022245539470083504
exceptional_point,0.17845421487754945,342.09992855842245,0.005044429087312712,-0.0022066934578881927
exceptional_point,0.17845421487754945,342.50622301039203,0.005003433438231045,-0.002188973279415377
exceptional_point,0.17845421487754945,342.9125174623617,0.004962765073578281,-0.002171392341918349
exceptional_point,0.17845421487754945,343.31881191433126,0.004922421441883782,-0.002153949583528557
exceptional_point,0.17845421487754945,343.7251063663009,0.004882400010916211,-0.0021366439501274144
exceptional_point,0.17845421487754945,344.13140081827055,0.00484269826754565,-0.0021194743952936616
exceptional_point,0.17845421487754945,344.53769527024014,0.004803313717606461,-0.0021024398802509574
exceptional_point,0.17845421487754945,344.9439897222098,0.004764243885760994,-0.0020855393738157535
exceptional_point,0.17845421487754945,345.3502841741794,0.004725486315364505,-0.002068771852345631
exceptional_point,0.17845421487754945,345.756578626149,0.004687038568330703,-0.0020521362996877898
exceptional_point,0.17845421487754945,346.16287307811865,0.0046488982249982425,-0.00203563170712793
exceptional_point,0.17845421487754945,346.5691675300883,0.004611062883998221,-0.00201925707333944
exceptional_point,0.17845421487754945,346.9754619820579,0.004573530162122132,-0.002003011404332758
exceptional_point,0.17845421487754945,347.3817564340275,0.004536297694191379,-0.001986893713405261
exceptional_point,0.17845421487754945,347.78805088599717,0.004499363132927206,-0.001970903021091337
exceptional_point,0.17845421487754945,348.19434533796675,0.004462724148821596,-0.001955038355112753
exceptional_point,0.17845421487754945,348.6006397899364,0.004426378430008937,-0.001939298750329292
exceptional_point,0.17845421487754945,349.006934241906,0.004390323682138271,-0.0019236832486896403
exceptional_point,0.17845421487754945,349.4132286938756,0.004354557628247749,-0.0019081908991829951
exceptional_point,0.17845421487754945,349.81952314584527,0.004319078008637967,-0.0018928207577903046
exceptional_point,0.17845421487754945,350.22581759781485,0.004283882580747449,-0.0018775718874362557
exceptional_point,0.17845421487754945,350.6321120497845,0.004248969119028609,-0.0018624433579414296
exceptional_point,0.17845421487754945,351.03840650175414,0.004214335414824446,-0.001847434245974724
exceptional_point,0.17845421487754945,351.4447009537237,0.004179979276246781,-0.0018325436350062963
exceptional_point,0.17845421487754945,351.85099540569337,0.004145898528053755,-0.0018177706152602802
exceptional_point,0.17845421487754945,352.257289857663,0.004112091011529475,-0.001803114283668226
exceptional_point,0.17845421487754945,352.6635843096326,0.004078554584364627,-0.0017885737438229053
exceptional_point,0.17845421487754945,353.06987876160224,0.004045287120536595,-0.0017741481059319257
exceptional_point,0.17845421487754945,353.4761732135719,0.004012286510191434,-0.001759836486772021
exceptional_point,0.17845421487754945,353.88246766554147,0.003979550659526769,-0.0017456380096436558
exceptional_point,0.17845421487754945,354.2887621175111,0.003947077490674334,-0.0017315518043254901
exceptional_point,0.17845421487754945,354.69505656948076,0.003914864941584505,-0.0017175770070295923
exceptional_point,0.17845421487754945,355.10135102145034,0.0038829109659112735,-0.0017037127603567721
exceptional_point,0.17845421487754945,355.50764547342,0.0038512135328973626,-0.0016899582132519771
exceptional_point,0.17845421487754945,355.91393992538957,0.0038197706272611667,-0.001676312520960335
exceptional_point,0.17845421487754945,356.3202343773592,0.003788580249083686,-0.0016627748449832085
exceptional_point,0.17845421487754945,356.72652882932886,0.0037576404136965016,-0.0016493443530346094
exceptional_point,0.17845421487754945,357.13282328129844,0.0037269491515703776,-0.0016360202189978376
exceptional_point,0.17845421487754945,357.5391177332681,0.0036965045082048855,-0.0016228016228824877
exceptional_point,0.17845421487754945,357.9454121852377,0.003666304544018638,-0.0016096877507816745
exceptional_point,0.17845421487754945,358.3517066372073,0.0036363473342400305,-0.0015966777948294517
exceptional_point,0.17845421487754945,358.75800108917696,0.003606630968799201,-0.0015837709531586427
exceptional_point,0.17845421487754945,359.1642955411466,0.0035771535522203237,-0.0015709664298588215
exceptional_point,0.17845421487754945,359.5705899931162,0.003547913203514849,-0.001558263434934615
exceptional_point,0.17845421487754945,359.97688444508583,0.0035189080560753365,-0.0015456611842642129
exceptional_point,0.17845421487754945,360.3831788970555,0.003490136257570111,-0.0015331588995582087
exceptional_point,0.17845421487754945,360.78947334902506,0.0034615959698388065,-0.0015207558083187188
exceptional_point,0.17845421487754945,361.1957678009947,0.0034332853687881835,-0.0015084511437986339
exceptional_point,0.17845421487754945,361.60206225296434,0.0034052026442889433,-0.001496244144961212
exceptional_point,0.17845421487754945,362.00835670493393,0.0033773460000734294,-0.0014841340564399916
exceptional_point,0.17845421487754945,362.4146511569036,0.0033497136536334853,-0.0014721201284987903
exceptional_point,0.17845421487754945,362.82094560887316,0.0033223038361197433,-0.0014602016169921826
exceptional_point,0.17845421487754945,363.2272400608428,0.0032951147922409174,-0.0014483777833259968
exceptional_point,0.17845421487754945,363.63353451281245,0.003268144780164312,-0.0014366478944182728
exceptional_point,0.17845421487754945,364.03982896478203,0.0032413920714164353,-0.0014250112226602309
exceptional_point,0.17845421487754945,364.4461234167517,0.0032148549507850653,-0.0014134670458777823
exceptional_point,0.17845421487754945,364.8524178687213,0.0031885317162213666,-0.0014020146472930495
exceptional_point,0.17845421487754945,365.2587123206909,0.0031624206787428237,-0.001390653315486203
exceptional_point,0.17845421487754945,365.66500677266055,0.0031365201623371657,-0.0013793823443576366
exceptional_point,0.17845421487754945,366.0713012246302,0.0031108285038665183,-0.0013682010330902533
exceptional_point,0.17845421487754945,366.4775956765998,0.003085344052972349,-0.0013571086861120154
exceptional_point,0.17845421487754945,366.8838901285694,0.003060065171981378,-0.0013461046130588594
exceptional_point,0.17845421487754945,367.29018458053906,0.0030349902358116528,-0.0013351881287376821
exceptional_point,0.17845421487754945,367.69647903250865,0.0030101176318796763,-0.0013243585530896928
exceptional_point,0.17845421487754945,368.1027734844783,0.0029854457600077397,-0.0013136152111538543
exceptional_point,0.17845421487754945,368.5090679364479,0.0029609730323327107,-0.0013029574330308664
exceptional_point,0.17845421487754945,368.9153623884175,0.0029366978732143323,-0.0012923845538469316
exceptional_point,0.17845421487754945,369.32165684038716,0.0029126187191451025,-0.0012818959137181646
exceptional_point,0.17845421487754945,369.72795129235675,0.002888734018660304,-0.0012714908577150042
exceptional_point,0.17845421487754945,370.1342457443264,0.0028650422322489114,-0.0012611687358269688
exceptional_point,0.17845421487754945,370.54054019629604,0.0028415418322647484,-0.001250928902927507
exceptional_point,0.17845421487754945,370.9468346482656,0.002818231302838749,-0.0012407707187392604
exceptional_point,0.17845421487754945,371.35312910023526,0.0027951091397915313,-0.0012306935477994251
exceptional_point,0.17845421487754945,371.7594235522049,0.002772173850546407,-0.0012206967594252823
exceptional_point,0.17845421487754945,372.1657180041745,0.0027494239540437476,-0.0012107797276802534
exceptional_point,0.17845421487754945,372.57201245614414,0.002726857980654852,-0.0012009418313397317
exceptional_point,0.17845421487754945,372.9783069081138,0.002704474472097464,-0.0011911824538575477
exceptional_point,0.17845421487754945,373.38460136008337,0.002682271981351071,-0.0011815009833323698
exceptional_point,0.17845421487754945,373.790895812053,0.002660249072573499,-0.0011718968124745436
exceptional_point,0.17845421487754945,374.19719026402265,0.0026384043210173017,-0.0011623693385729053
exceptional_point,0.17845421487754945,374.60348471599224,0.0026167363129475842,-0.001152917963462088
exceptional_point,0.17845421487754945,375.0097791679619,0.0025952436455598435,-0.0011435420934898563
exceptional_point,0.17845421487754945,375.41607361993147,0.0025739249268984022,-0.0011342411394846498
exceptional_point,0.17845421487754945,375.8223680719011,0.0025527787757756728,-0.0011250145167234665
exceptional_point,0.17845421487754945,376.22866252387075,0.002531803821692043,-0.0011158616448999255
exceptional_point,0.17845421487754945,376.63495697584034,0.0025109987047556488,-0.001106781948092338
exceptional_point,0.17845421487754945,377.04125142781,0.0024903620756039544,-0.0010977748547324284
exceptional_point,0.17845421487754945,377.4475458797796,0.0024698925953243094,-0.001088839797573685
exceptional_point,0.17845421487754945,377.8538403317492,0.002449588935376623,-0.0010799762136604876
exceptional_point,0.17845421487754945,378.26013478371885,0.0024294497775154923,-0.001071183544297047
exceptional_point,0.17845421487754945,378.6664292356885,0.002409473813713141,-0.001062461235016649
exceptional_point,0.17845421487754945,379.0727236876581,0.0023896597460834387,-0.0010538087355512849
exceptional_point,0.17845421487754945,379.4790181396277,0.0023700062868056756,-0.0010452254998012133
exceptional_point,0.17845421487754945,379.88531259159737,0.0023505121580493725,-0.001036710985804901
exceptional_point,0.17845421487754945,380.29160704356696,0.0023311760918995864,-0.001028264655709145
exceptional_point,0.17845421487754945,380.6979014955366,0.0023119968302822667,-0.001019885975739231
exceptional_point,0.17845421487754945,381.1041959475062,0.0022929731248910613,-0.0010115744161696126
exceptional_point,0.17845421487754945,381.5104903994758,0.002274103737113695,-0.001003329451294461
exceptional_point,0.17845421487754945,381.91678485144547,0.0022553874379594146,-0.0009951505593985932
exceptional_point,0.17845421487754945,382.32307930341506,0.002236823007986867,-0.000987037222728569
exceptional_point,0.17845421487754945,382.7293737553847,0.002218409237232279,-0.0009789889274639059
exceptional_point,0.17845421487754945,383.13566820735434,0.0022001449251385463,-0.000971005163688643
exceptional_point,0.17845421487754945,383.54196265932393,0.002182028880484331,-0.0009630854253628948
exceptional_point,0.17845421487754945,383.9482571112936,0.002164059921314105,-0.0009552292102947786
exceptional_point,0.17845421487754945,384.3545515632632,0.0021462368748684283,-0.0009474360201124172
exceptional_point,0.17845421487754945,384.7608460152328,0.0021285585775147756,-0.0009397053602361623
exceptional_point,0.17845421487754945,385.16714046720244,0.0021110238746790176,-0.0009320367398510546
exceptional_point,0.17845421487754945,385.5734349191721,0.0020936316207771613,-0.0009244296718793856
exceptional_point,0.17845421487754945,385.9797293711417,0.0020763806791475516,-0.0009168836729534545
exceptional_point,0.17845421487754945,386.3860238231113,0.002059269921983855,-0.0009093982633885915
exceptional_point,0.17845421487754945,386.79231827508096,0.002042298230268589,-0.0009019729671563958
exceptional_point,0.17845421487754945,387.19861272705054,0.002025464493706293,-0.0008946073118578666
exceptional_point,0.17845421487754945,387.6049071790202,0.0020087676106581892,-0.0008873008286970664
exceptional_point,0.17845421487754945,388.0112016309898,0.00199220648807689,-0.0008800530524548141
exceptional_point,0.17845421487754945,388.4174960829594,0.0019757800414413862,-0.0008728635214625029
exceptional_point,0.17845421487754945,388.82379053492906,0.001959487194692863,-0.0008657317775761985
exceptional_point,0.17845421487754945,389.23008498689865,0.0019433268801707917,-0.0008586573661508748
exceptional_point,0.17845421487754945,389.6363794388683,0.0019272980385494278,-0.0008516398360147983
exceptional_point,0.17845421487754945,390.04267389083793,0.001911399618774847,-0.0008446787394441034
exceptional_point,0.17845421487754945,390.4489683428075,0.0018956305780025201,-0.0008377736321375893
exceptional_point,0.17845421487754945,390.85526279477716,0.0018799898815351267,-0.000830924073191604
exceptional_point,0.17845421487754945,391.2615572467468,0.0018644765027609979,-0.0008241296250751735
exceptional_point,0.17845421487754945,391.6678516987164,0.001849089423092885,-0.000817389853605242
exceptional_point,0.17845421487754945,392.07414615068603,0.0018338276319074236,-0.0008107043279221978
exceptional_point,0.17845421487754945,392.4804406026557,0.0018186901264844015,-0.0008040726204653166
exceptional_point,0.17845421487754945,392.88673505462526,0.0018036759119473551,-0.0007974943069487064
exceptional_point,0.17845421487754945,393.2930295065949,0.0017887840012038821,-0.0007909689663371588
exceptional_point,0.17845421487754945,393.6993239585645,0.0017740134148866867,-0.0007844961808222753
exceptional_point,0.17845421487754945,394.10561841053413,0.0017593631812950748,-0.0007780755357987566
exceptional_point,0.17845421487754945,394.5119128625038,0.0017448323363366948,-0.0007717066198408111
exceptional_point,0.17845421487754945,394.91820731447336,0.00173041992346983,-0.0007653890246787499
exceptional_point,0.17845421487754945,395.324501766443,0.0017161249936461962,-0.0007591223451757993
exceptional_point,0.17845421487754945,395.73079621841265,0.00170194660525384,-0.0007529061793049314
exceptional_point,0.17845421487754945,396.13709067038224,0.0016878838240609038,-0.0007467401281260458
exceptional_point,0.17845421487754945,396.5433851223519,0.0016739357231593543,-0.0007406237957631299
exceptional_point,0.17845421487754945,396.9496795743215,0.001660101382909356,-0.0007345567893816719
exceptional_point,0.17845421487754945,397.3559740262911,0.001646379890884065,-0.0007285387191662316
exceptional_point,0.17845421487754945,397.76226847826075,0.0016327703418147232,-0.0007225691982981359
exceptional_point,0.17845421487754945,398.1685629302304,0.001619271837536211,-0.0007166478429333379
exceptional_point,0.17845421487754945,398.5748573822,0.001605883486932952,-0.0007107742721804307
exceptional_point,0.17845421487754945,398.9811518341696,0.0015926044058852276,-0.0007049481080788097
exceptional_point,0.17845421487754945,399.38744628613927,0.0015794337172159898,-0.0006991689755770241
exceptional_point,0.17845421487754945,399.79374073810885,0.0015663705506378535,-0.0006934365025112074
exceptional_point,0.17845421487754945,400.2000351900785,0.0015534140427006708,-0.0006877503195837292
exceptional_point,0.17845421487754945,400.6063296420481,0.001540563336739341,-0.0006821100603419477
exceptional_point,0.17845421487754945,401.0126240940177,0.0015278175828220086,-0.0006765153611570918
exceptional_point,0.17845421487754945,401.41891854598737,0.0015151759376989687,-0.000670965861203438
exceptional_point,0.17845421487754945,401.82521299795695,0.001502637564751271,-0.000665461202437372
exceptional_point,0.17845421487754945,402.2315074499266,0.001490201633940399,-0.0006600010295768507
exceptional_point,0.17845421487754945,402.63780190189624,0.001477867321757939,-0.000654584990080875
exceptional_point,0.17845421487754945,403.0440963538658,0.0014656338111756638,-0.00064921273412912
exceptional_point,0.17845421487754945,403.45039080583547,0.0014535002915959962,-0.000643883914601716
exceptional_point,0.17845421487754945,403.8566852578051,0.001441465958802926,-0.0006385981870592035
exceptional_point,0.17845421487754945,404.2629797097747,0.0014295300149131814,-0.0006333552097225817
exceptional_point,0.17845421487754945,404.66927416174434,0.0014176916683277497,-0.0006281546434535165
exceptional_point,0.17845421487754945,405.075568613714,0.0014059501336838793,-0.0006229961517347029
exceptional_point,0.17845421487754945,405.48186306568357,0.0013943046318072457,-0.0006178794006503217
exceptional_point,0.17845421487754945,405.8881575176532,0.0013827543896646531,-0.0006128040588666871
exceptional_point,0.17845421487754945,406.29445196962286,0.001371298640317014,-0.0006077697976130139
exceptional_point,0.17845421487754945,406.70074642159244,0.0013599366228725087,-0.0006027762906622492
exceptional_point,0.17845421487754945,407.1070408735621,0.001348667582440404,-0.0005978232143121667
exceptional_point,0.17845421487754945,407.51333532553167,0.0013374907700850372,-0.0005929102473665185
exceptional_point,0.17845421487754945,407.9196297775013,0.0013264054427801423,-0.0005880370711163322
exceptional_point,0.17845421487754945,408.32592422947096,0.0013154108633633527,-0.000583203369321269
exceptional_point,0.17845421487754945,408.73221868144054,0.0013045063004914683,-0.0005784088281912863
exceptional_point,0.17845421487754945,409.1385131334102,0.001293691028595638,-0.0005736531363682631
exceptional_point,0.17845421487754945,409.54480758537983,0.001282964327836986,-0.0005689359849078055
exceptional_point,0.17845421487754945,409.9511020373494,0.0012723254840627837,-0.0005642570672612598
exceptional_point,0.17845421487754945,410.35739648931906,0.0012617737887626278,-0.0005596160792577378
exceptional_point,0.17845421487754945,410.7636909412887,0.0012513085390250327,-0.0005550127190862945
exceptional_point,0.17845421487754945,411.1699853932583,0.0012409290374945689,-0.0005504466872783307
exceptional_point,0.17845421487754945,411.57627984522793,0.0012306345923289626,-0.0005459176866899687
exceptional_point,0.17845421487754945,411.9825742971976,0.0012204245171567815,-0.0005414254224846764
exceptional_point,0.17845421487754945,412.38886874916716,0.0012102981310353539,-0.0005369696021159623
exceptional_point,0.17845421487754945,412.7951632011368,0.0012002547584089498,-0.0005325499353101956
exceptional_point,0.17845421487754945,413.2014576531064,0.001190293729067279,-0.0005281661340495339
exceptional_point,0.17845421487754945,413.60775210507603,0.0011804143781043808,-0.0005238179125550114
exceptional_point,0.17845421487754945,414.0140465570457,0.0011706160458777684,-0.0005195049872697412
exceptional_point,0.17845421487754945,414.42034100901526,0.0011608980779678124,-0.0005152270768421837
exceptional_point,0.17845421487754945,414.8266354609849,0.0011512598251375626,-0.0005109839021096163
exceptional_point,0.17845421487754945,415.23292991295455,0.0011417006432926722,-0.0005067751860816296
exceptional_point,0.17845421487754945,415.63922436492413,0.0011322198934418741,-0.0005026006539238435
exceptional_point,0.17845421487754945,416.0455188168938,0.0011228169416575488,-0.0004984600329416624
exceptional_point,0.17845421487754945,416.4518132688634,0.0011134911590365607,-0.0004943530525641358
exceptional_point,0.17845421487754945,416.858107720833,0.0011042419216616866,-0.0004902794443280519
exceptional_point,0.17845421487754945,417.26440217280265,0.001095068610562884,-0.0004862389418619724
exceptional_point,0.17845421487754945,417.6706966247723,0.001085970611679223,-0.00048223128087052596
exceptional_point,0.17845421487754945,418.0769910767419,0.0010769473158209345,-0.0004782561991187486
exceptional_point,0.17845421487754945,418.4832855287115,0.0010679981186317617,-0.00047431343641654556
exceptional_point,0.17845421487754945,418.88957998068116,0.001059122420551567,-0.0004704027346032613
exceptional_point,0.17845421487754945,419.29587443265075,0.0010503196267792696,-0.000466523837532363
exceptional_point,0.17845421487754945,419.7021688846204,0.001041589147236067,-0.00046267649105625813
exceptional_point,0.17845421487754945,420.10846333659,0.0010329303965288515,-0.00045886044301117685
exceptional_point,0.17845421487754945,420.5147577885596,0.0010243427939139091,-0.0004550754432021705
exceptional_point,0.17845421487754945,420.92105224052926,0.001015825763261116,-0.0004513212433883046
exceptional_point,0.17845421487754945,421.32734669249885,0.0010073787330179057,-0.00044759759726777207
exceptional_point,0.17845421487754945,421.7336411444685,0.0009990011361741835,-0.00044390426046336616
exceptional_point,0.17845421487754945,422.13993559643814,0.0009906924102267756,-0.0004402409905077844
exceptional_point,0.17845421487754945,422.5462300484077,0.0009824519971447492,-0.00043660754682927185
exceptional_point,0.17845421487754945,422.95252450037736,0.0009742793433346516,-0.00043300369073723163
exceptional_point,0.17845421487754945,423.358818952347,0.0009661738996060781,-0.0004294291854079699
exceptional_point,0.17845421487754945,423.7651134043166,0.000958135121137603,-0.0004258837958705842
exceptional_point,0.17845421487754945,424.17140785628624,0.000950162467442776,-0.0004223672889928806
exceptional_point,0.17845421487754945,424.5777023082559,0.000942255402336638,-0.0004188794334674924
exceptional_point,0.17845421487754945,424.98399676022547,0.0009344133939020743,-0.0004154199997979438
exceptional_point,0.17845421487754945,425.3902912121951,0.0009266359144570208,-0.00041198876028503926
exceptional_point,0.17845421487754945,425.7965856641647,0.0009189224405212601,-0.00040858548901311043
exceptional_point,0.17845421487754945,426.20288011613434,0.0009112724527838969,-0.0004052099618365155
exceptional_point,0.17845421487754945,426.609174568104,0.0009036854360710468,-0.0004018619563662301
exceptional_point,0.17845421487754945,427.01546902007357,0.0008961608793135802,-0.00039854125195646793
exceptional_point,0.17845421487754945,427.4217634720432,0.0008886982755151691,-0.00039524762969141505
exceptional_point,0.17845421487754945,427.82805792401285,0.0008812971217206894,-0.0003919808723721059
exceptional_point,0.17845421487754945,428.23435237598244,0.0008739569189848246,-0.00038874076450338426
exceptional_point,0.17845421487754945,428.6406468279521,0.0008666771723407094,-0.0003855270922808823
exceptional_point,0.17845421487754945,429.0469412799217,0.0008594573907691512,-0.00038233964357822076
exceptional_point,0.17845421487754945,429.4532357318913,0.0008522970871677336,-0.000379178207934177
exceptional_point,0.17845421487754945,429.85953018386095,0.0008451957783204072,-0.0003760425765400377
exceptional_point,0.17845421487754945,430.2658246358306,0.0008381529848672193,-0.00037293254222700996
exceptional_point,0.17845421487754945,430.6721190878002,0.0008311682312742232,-0.00036984789945370723
exceptional_point,0.17845421487754945,431.0784135397698,0.0008242410458036817,-0.0003667884442937533
exceptional_point,0.17845421487754945,431.48470799173947,0.0008173709604844774,-0.0003637539744234662
exceptional_point,0.17845421487754945,431.89100244370906,0.0008105575110827332,-0.0003607442891096294
exceptional_point,0.17845421487754945,432.2972968956787,0.0008038002370726891,-0.0003577591891973649
exceptional_point,0.17845421487754945,432.7035913476483,0.0007970986816077974,-0.00035479847709809673
exceptional_point,0.17845421487754945,433.1098857996179,0.0007904523914918589,-0.00035186195677753006
exceptional_point,0.17845421487754945,433.51618025158757,0.0007838609171507037,-0.00034894943374384963
exceptional_point,0.17845421487754945,433.92247470355716,0.0007773238126039051,-0.000346060715035925
exceptional_point,0.17845421487754945,434.3287691555268,0.000770840635436605,-0.00034319560921157634
exceptional_point,0.17845421487754945,434.73506360749644,0.0007644109467716774,-0.0003403539263359628
exceptional_point,0.17845421487754945,435.14135805946603,0.0007580343112421935,-0.0003375354779700983
exceptional_point,0.17845421487754945,435.5476525114357,0.0007517102969639172,-0.00033474007715937853
exceptional_point,0.17845421487754945,435.9539469634053,0.0007454384755080754,-0.00033196753842221644
exceptional_point,0.17845421487754945,436.3602414153749,0.0007392184218743301,-0.0003292176777387689
exceptional_point,0.17845421487754945,436.76653586734454,0.0007330497144640092,-0.00032649031253975533
exceptional_point,0.17845421487754945,437.1728303193142,0.0007269319350534291,-0.00032378526169532556
exceptional_point,0.17845421487754945,437.5791247712838,0.0007208646687676205,-0.0003211023455040723
exceptional_point,0.17845421487754945,437.9854192232534,0.0007148475040538974,-0.00031844138568201165
exceptional_point,0.17845421487754945,438.39171367522306,0.0007088800326560987,-0.00031580220535179786
exceptional_point,0.17845421487754945,438.79800812719265,0.0007029618495885482,-0.00031318462903185817
exceptional_point,0.17845421487754945,439.2043025791623,0.0006970925531106099,-0.0003105884826257441
exceptional_point,0.17845421487754945,439.6105970311319,0.0006912717447011487,-0.0003080135934114611
exceptional_point,0.17845421487754945,440.0168914831015,0.0006854990290333812,-0.0003054597900309428
exceptional_point,0.17845421487754945,440.42318593507116,0.0006797740139497597,-0.0003029269024795545
exceptional_point,0.17845421487754945,440.82948038704075,0.0006740963104372405,-0.0003004147620957334
exceptional_point,0.17845421487754945,441.2357748390104,0.0006684655326024483,-0.00029792320155060695
exceptional_point,0.17845421487754945,441.64206929098003,0.0006628812976474287,-0.00029545205483783027
exceptional_point,0.17845421487754945,442.0483637429496,0.0006573432258451283,-0.0002930011572633344
exceptional_point,0.17845421487754945,442.45465819491926,0.0006518509405155174,-0.00029057034543531157
exceptional_point,0.17845421487754945,442.8609526468889,0.0006464040680014751,-0.0002881594572541274
exceptional_point,0.17845421487754945,443.2672470988585,0.0006410022376452066,-0.0002857683319024309
exceptional_point,0.17845421487754945,443.67354155082813,0.0006356450817645503,-0.00028339680983523326
exceptional_point,0.17845421487754945,444.0798360027978,0.0006303322356297892,-0.0002810447327701796
exceptional_point,0.17845421487754945,444.48613045476736,0.0006250633374402633,-0.00027871194367775216
exceptional_point,0.17845421487754945,444.892424906737,0.0006198380283014262,-0.00027639828677164595
exceptional_point,0.17845421487754945,445.2987193587066,0.0006146559522020962,-0.00027410360749922154
exceptional_point,0.17845421487754945,445.70501381067623,0.0006095167559915784,-0.0002718277525319218
exceptional_point,0.17845421487754945,446.1113082626459,0.0006044200893573636,-0.0002695705697558989
exceptional_point,0.17845421487754945,446.51760271461546,0.0005993656048027235,-0.0002673319082626177
exceptional_point,0.17845421487754945,446.9238971665851,0.0005943529576245309,-0.0002651116183395478
exceptional_point,0.17845421487754945,447.33019161855475,0.0005893818058913142,-0.0002629095514609427
exceptional_point,0.17845421487754945,447.73648607052434,0.0005844518104214122,-0.0002607255602786707
exceptional_point,0.17845421487754945,448.142780522494,0.000579562634761399,-0.00025855949861314855
exceptional_point,0.17845421487754945,448.5490749744636,0.0005747139451644911,-0.0002564112214442686
exceptional_point,0.17845421487754945,448.9553694264332,0.0005699054105692967,-0.00025428058490247634
exceptional_point,0.17845421487754945,449.36166387840285,0.000565136702578588,-0.00025216744625983857
exceptional_point,0.17845421487754945,449.7679583303725,0.0005604074954384612,-0.00025007166392128474
exceptional_point,0.17845421487754945,450.1742527823421,0.0005557174660172999,-0.0002479930974157635
exceptional_point,0.17845421487754945,450.5805472343117,0.0005510662937852546,-0.0002459316073876098
exceptional_point,0.17845421487754945,450.98684168628137,0.0005464536607936285,-0.00024388705558787328
exceptional_point,0.17845421487754945,451.39313613825095,0.0005418792516545874,-0.00024185930486578393
exceptional_point,0.17845421487754945,451.7994305902206,0.0005373427535209506,-0.00023984821916024054
exceptional_point,0.17845421487754945,452.2057250421902,0.0005328438560660825,-0.000237853663491352
exceptional_point,0.17845421487754945,452.6120194941598,0.0005283822514640476,-0.00023587550395208186
exceptional_point,0.17845421487754945,453.01831394612947,0.0005239576343698414,-0.0002339136076999211
exceptional_point,0.17845421487754945,453.42460839809905,0.0005195697018998762,-0.00023196784294866882
exceptional_point,0.17845421487754945,453.8309028500687,0.0005152181536123993,-0.00023003807896018486
exceptional_point,0.17845421487754945,454.23719730203834,0.000510902691488339,-0.0002281241860363188
exceptional_point,0.17845421487754945,454.6434917540079,0.0005066230199121066,-0.00022622603551081643
exceptional_point,0.17845421487754945,455.04978620597757,0.0005023788456525814,-0.00022434349974130845
exceptional_point,0.17845421487754945,455.4560806579472,0.0004981698778443046,-0.00022247645210137613
exceptional_point,0.17845421487754945,455.8623751099168,0.0004939958279687259,-0.00022062476697264915
exceptional_point,0.17845421487754945,456.26866956188644,0.0004898564098357058,-0.00021878831973699836
exceptional_point,0.17845421487754945,456.6749640138561,0.0004857513395650529,-0.0002169669867687493
exceptional_point,0.17845421487754945,457.08125846582567,0.0004816803355682178,-0.00021516064542695927
exceptional_point,0.17845421487754945,457.4875529177953,0.00047764311853028377,-0.00021336917404781266
exceptional_point,0.17845421487754945,457.8938473697649,0.0004736394113918106,-0.00021159245193696203
exceptional_point,0.17845421487754945,458.30014182173454,0.00046966893933109014,-0.00020983035936203082
exceptional_point,0.17845421487754945,458.7064362737042,0.00046573142974635834,-0.00020808277754510865
exceptional_point,0.17845421487754945,459.11273072567377,0.0004618266122383191,-0.00020634958865536082
exceptional_point,0.17845421487754945,459.5190251776434,0.00045795421859255654,-0.00020463067580160882
exceptional_point,0.17845421487754945,459.92531962961306,0.0004541139827622925,-0.00020292592302503736
exceptional_point,0.17845421487754945,460.33161408158264,0.0004503056408512637,-0.00020123521529196096
exceptional_point,0.17845421487754945,460.7379085335523,0.0004465289310965642,-0.00019955843848657072
exceptional_point,0.17845421487754945,461.14420298552193,0.000442783593851789,-0.00019789547940380955
exceptional_point,0.17845421487754945,461.5504974374915,0.0004390693715702766,-0.00019624622574228483
exceptional_point,0.17845421487754945,461.95679188946116,0.0004353860087884046,-0.00019461056609720203
exceptional_point,0.17845421487754945,462.3630863414308,0.0004317332521090656,-0.00019298838995338106
exceptional_point,0.17845421487754945,462.7693807934004,0.0004281108501853331,-0.00019137958767833613
exceptional_point,0.17845421487754945,463.17567524537003,0.00042451855370410414,-0.00018978405051536207
exceptional_point,0.17845421487754945,463.5819696973397,0.00042095611537001367,-0.00018820167057672087
exceptional_point,0.17845421487754945,463.98826414930926,0.0004174232898893874,-0.00018663234083685255
exceptional_point,0.17845421487754945,464.3945586012789,0.0004139198339543574,-0.0001850759551256447
exceptional_point,0.17845421487754945,464.8008530532485,0.000410445506227104,-0.0001835324081217622
exceptional_point,0.17845421487754945,465.20714750521813,0.00040700006732415805,-0.00018200159534599851
exceptional_point,0.17845421487754945,465.6134419571878,0.0004035832798008855,-0.00018048341315470337
exceptional_point,0.17845421487754945,466.01973640915736,0.00040019490813610574,-0.0001789777587332627
exceptional_point,0.17845421487754945,466.426030861127,0.00039683471871683083,-0.00017748453008962893
exceptional_point,0.17845421487754945,466.83232531309665,0.0003935024798229657,-0.0001760036260478443
exceptional_point,0.17845421487754945,467.23861976506623,0.00039019796161241405,-0.00017453494624171642
exceptional_point,0.17845421487754945,467.6449142170359,0.00038692093610600317,-0.0001730783911084344
exceptional_point,0.17845421487754945,468.0512086690055,0.0003836711771727678,-0.00017163386188232072
exceptional_point,0.17845421487754945,468.4575031209751,0.0003804484605151709,-0.00017020126058856714
exceptional_point,0.17845421487754945,468.86379757294475,0.00037725256365454444,-0.00016878049003705536
exceptional_point,0.17845421487754945,469.2700920249144,0.0003740832659166283,-0.0001673714538162199
exceptional_point,0.17845421487754945,469.676386476884,0.00037094034841712517,-0.00016597405628692143
exceptional_point,0.17845421487754945,470.0826809288536,0.0003678235940475595,-0.0001645882025764376
exceptional_point,0.17845421487754945,470.4889753808232,0.0003647327874610534,-0.0001632137985724304
exceptional_point,0.17845421487754945,470.89526983279285,0.0003616677150582942,-0.0001618507509169829
exceptional_point,0.17845421487754945,471.3015642847625,0.00035862816497364216,-0.0001604989670007026
exceptional_point,0.17845421487754945,471.7078587367321,0.0003556139270613051,-0.0001591583549568438
exceptional_point,0.17845421487754945,472.1141531887017,0.00035262479288162955,-0.0001578288236554875
exceptional_point,0.17845421487754945,472.52044764067136,0.00034966055568744816,-0.00015651028269773981
exceptional_point,0.17845421487754945,472.92674209264095,0.00034672101041067235,-0.00015520264241002986
exceptional_point,0.17845421487754945,473.3330365446106,0.0003438059536488348,-0.00015390581383839213
exceptional_point,0.17845421487754945,473.73933099658024,0.0003409151836518233,-0.00015261970874282595
exceptional_point,0.17845421487754945,474.1456254485498,0.0003380485003086887,-0.0001513442395916859
exceptional_point,0.17845421487754945,474.55191990051947,0.0003352057051345741,-0.00015007931955612043
exceptional_point,0.17845421487754945,474.9582143524891,0.00033238660125771375,-0.0001488248625045459
exceptional_point,0.17845421487754945,475.3645088044587,0.00032959099340659,-0.00014758078299717715
exceptional_point,0.17845421487754945,475.77080325642834,0.00032681868789712656,-0.00014634699628058185
exceptional_point,0.17845421487754945,476.177097708398,0.00032406949262000795,-0.00014512341828228174
exceptional_point,0.17845421487754945,476.58339216036757,0.00032134321702814993,-0.0001439099656054193
exceptional_point,0.17845421487754945,476.9896866123372,0.0003186396721241352,-0.0001427065555234092
exceptional_point,0.17845421487754945,477.3959810643068,0.00031595867044787997,-0.00014151310597468854
exceptional_point,0.17845421487754945,477.80227551627644,0.00031330002606435805,-0.00014032953555748214
exceptional_point,0.17845421487754945,478.2085699682461,0.0003106635545513814,-0.00013915576352460454
exceptional_point,0.17845421487754945,478.61486442021567,0.00030804907298751573,-0.0001379917097783088
exceptional_point,0.17845421487754945,479.0211588721853,0.0003054563999400776,-0.00013683729486517075
exceptional_point,0.17845421487754945,479.42745332415495,0.00030288535545322997,-0.00013569243997101863
exceptional_point,0.17845421487754945,479.83374777612454,0.00030033576103614317,-0.00013455706691588428
exceptional_point,0.17845421487754945,480.2400422280942,0.0002978074396513237,-0.00013343109814902907
exceptional_point,0.17845421487754945,480.6463366800638,0.0002953002157029442,-0.00013231445674396616
exceptional_point,0.17845421487754945,481.0526311320334,0.0002928139150252868,-0.00013120706639353487
exceptional_point,0.17845421487754945,481.45892558400305,0.00029034836487134614,-0.00013010885140503687
exceptional_point,0.17845421487754945,481.8652200359727,0.00028790339390144873,-0.00012901973669538248
exceptional_point,0.17845421487754945,482.2715144879423,0.0002854788321719295,-0.00012793964778626046
exceptional_point,0.17845421487754945,482.6778089399119,0.00028307451112405456,-0.00012686851079940804
exceptional_point,0.17845421487754945,483.08410339188157,0.00028069026357282876,-0.00012580625245183703
exceptional_point,0.17845421487754945,483.49039784385116,0.0002783259236960512,-0.0001247528000511596
exceptional_point,0.17845421487754945,483.8966922958208,0.00027598132702332396,-0.00012370808149089825
exceptional_point,0.17845421487754945,484.3029867477904,0.00027365631042531403,-0.00012267202524589684
exceptional_point,0.17845421487754945,484.70928119976,0.00027135071210290367,-0.0001216445603676917
exceptional_point,0.17845421487754945,485.11557565172967,0.0002690643715765911,-0.00012062561647997857
exceptional_point,0.17845421487754945,485.52187010369926,0.0002667971296758827,-0.00011961512377408577
exceptional_point,0.17845421487754945,485.9281645556689,0.00026454882852877085,-0.00011861301300447648
exceptional_point,0.17845421487754945,486.33445900763854,0.000262319311551359,-0.00011761921548431418
exceptional_point,0.17845421487754945,486.74075345960813,0.0002601084234375054,-0.00011663366308103605
exceptional_point,0.17845421487754945,487.1470479115778,0.0002579160101485339,-0.00011565628821195787
exceptional_point,0.17845421487754945,487.5533423635474,0.00025574191890314236,-0.00011468702383995358
exceptional_point,0.17845421487754945,487.959636815517,0.0002535859981672191,-0.00011372580346910651
exceptional_point,0.17845421487754945,488.36593126748664,0.00025144809764388076,-0.00011277256114044413
exceptional_point,0.17845421487754945,488.7722257194563,0.00024932806826351436,-0.0001118272314276825
exceptional_point,0.17845421487754945,489.1785201714259,0.0002472257621739423,-0.00011088974943301379
exceptional_point,0.17845421487754945,489.5848146233955,0.00024514103273059465,-0.00010996005078290721
exceptional_point,0.17845421487754945,489.9911090753651,0.00024307373448685416,-0.00010903807162397205
exceptional_point,0.17845421487754945,490.39740352733475,0.00024102372318442132,-0.00010812374861883506
exceptional_point,0.17845421487754945,490.8036979793044,0.0002389908557437097,-0.00010721701894203178
exceptional_point,0.17845421487754945,491.209992431274,0.00023697499025444443,-0.00010631782027597681
exceptional_point,0.17845421487754945,491.6162868832436,0.00023497598596620354,-0.00010542609080691745
exceptional_point,0.17845421487754945,492.02258133521326,0.00023299370327912452,-0.00010454176922095058
exceptional_point,0.17845421487754945,492.42887578718285,0.00023102800373462877,-0.0001036647947000506
exceptional_point,0.17845421487754945,492.8351702391525,0.00022907875000626257,-0.0001027951069181464
exceptional_point,0.17845421487754945,493.24146469112213,0.00022714580589051564,-0.00010193264603718761
exceptional_point,0.17845421487754945,493.6477591430917,0.00022522903629790942,-0.00010107735270332304
exceptional_point,0.17845421487754945,494.05405359506136,0.00022332830724391397,-0.0001002291680430104
exceptional_point,0.17845421487754945,494.460348047031,0.00022144348584011717,-9.938803365922897e-05
exceptional_point,0.17845421487754945,494.8666424990006,0.0002195744402853645,-9.855389162768334e-05
exceptional_point,0.17845421487754945,495.27293695097023,0.00021772103985703188,-9.772668449305828e-05
exceptional_point,0.17845421487754945,495.6792314029399,0.00021588315490231205,-9.690635526528407e-05
exceptional_point,0.17845421487754945,496.08552585490946,0.0002140606568296077,-9.60928474158441e-05
exceptional_point,0.17845421487754945,496.4918203068791,0.00021225341809999403,-9.52861048741123e-05
exceptional_point,0.17845421487754945,496.8981147588487,0.00021046131221871313,-9.448607202370367e-05
exceptional_point,0.17845421487754945,497.30440921081833,0.00020868421372676027,-9.369269369886514e-05
exceptional_point,0.17845421487754945,497.710703662788,0.00020692199819255275,-9.290591518089834e-05
exceptional_point,0.17845421487754945,498.11699811475756,0.00020517454220363835,-9.212568219460148e-05
exceptional_point,0.17845421487754945,498.5232925667272,0.00020344172335845748,-9.135194090473324e-05
exceptional_point,0.17845421487754945,498.92958701869685,0.000201723420258206,-9.05846379125185e-05
exceptional_point,0.17845421487754945,499.33588147066644,0.0002000195124987693,-8.982372025218433e-05
exceptional_point,0.17845421487754945,499.7421759226361,0.0001983298806626422,-8.906913538749082e-05
exceptional_point,0.17845421487754945,500.1484703746057,0.00019665440631103169,-8.832083120833694e-05
exceptional_point,0.17845421487754945,500.5547648265753,0.00019499297197589545,-8.75787560273431e-05
exceptional_point,0.17845421487754945,500.96105927854495,0.00019334546115215006,-8.684285857650042e-05
exceptional_point,0.17845421487754945,501.3673537305146,0.00019171175828988827,-8.611308800382833e-05
exceptional_point,0.17845421487754945,501.7736481824842,0.0001900917487866603,-8.538939387005493e-05
exceptional_point,0.17845421487754945,502.1799426344538,0.00018848531897979417,-8.467172614532001e-05
exceptional_point,0.17845421487754945,502.5862370864234,0.00018689235613888962,-8.396003520594146e-05
exceptional_point,0.17845421487754945,502.99253153839305,0.0001853127484581762,-8.325427183113705e-05
exceptional_point,0.17845421487754945,503.3988259903627,0.00018374638504913747,-8.255438719984645e-05
exceptional_point,0.17845421487754945,503.8051204423323,0.00018219315593302884,-8.18603328875174e-05
exceptional_point,0.17845421487754945,504.2114148943019,0.00018065295203357074,-8.117206086296009e-05
exceptional_point,0.17845421487754945,504.61770934627157,0.00017912566516964756,-8.04895234852058e-05
exceptional_point,0.17845421487754945,505.02400379824115,0.00017761118804803886,-7.981267350038282e-05
exceptional_point,0.17845421487754945,505.4302982502108,0.00017610941425627238,-7.914146403863706e-05
exceptional_point,0.17845421487754945,505.83659270218044,0.00017462023825548875,-7.847584861106297e-05
exceptional_point,0.17845421487754945,506.24288715415,0.0001731435553733754,-7.78157811066617e-05
exceptional_point,0.17845421487754945,506.64918160611967,0.0001716792617971554,-7.716121578932219e-05
exceptional_point,0.17845421487754945,507.0554760580893,0.00017022725456664569,-7.651210729483282e-05
exceptional_point,0.17845421487754945,507.4617705100589,0.0001687874315673306,-7.586841062789871e-05
exceptional_point,0.17845421487754945,507.86806496202854,0.0001673596915235494,-7.52300811592069e-05
exceptional_point,0.17845421487754945,508.2743594139982,0.00016594393399168138,-7.459707462249181e-05
exceptional_point,0.17845421487754945,508.68065386596777,0.000164540059353415,-7.396934711163515e-05
exceptional_point,0.17845421487754945,509.0869483179374,0.0001631479688090722,-7.334685507778951e-05
exceptional_point,0.17845421487754945,509.493242769907,0.00016176756437099812,-7.272955532652916e-05
exceptional_point,0.17845421487754945,509.89953722187664,0.00016039874885692088,-7.211740501498981e-05
exceptional_point,0.17845421487754945,510.3058316738463,0.00015904142588347975,-7.151036164907929e-05
exceptional_point,0.17845421487754945,510.71212612581587,0.00015769549985975183,-7.090838308068411e-05
exceptional_point,0.17845421487754945,511.1184205777855,0.00015636087598081748,-7.031142750489692e-05
exceptional_point,0.17845421487754945,511.52471502975516,0.00015503746022136933,-6.971945345726249e-05
exceptional_point,0.17845421487754945,511.93100948172474,0.00015372515932943946,-6.913241981106836e-05
exceptional_point,0.17845421487754945,512.3373039336943,0.00015242388082008313,-6.855028577462472e-05
exceptional_point,0.17845421487754945,512.743598385664,0.00015113353296919977,-6.797301088859505e-05
exceptional_point,0.17845421487754945,513.1498928376336,0.00014985402480732733,-6.740055502332234e-05
exceptional_point,0.17845421487754945,513.5561872896033,0.00014858526611355365,-6.683287837619894e-05
exceptional_point,0.17845421487754945,513.9624817415729,0.00014732716740941047,-6.62699414690338e-05
exceptional_point,0.17845421487754945,514.3687761935425,0.00014607963995287611,-6.571170514546202e-05
exceptional_point,0.17845421487754945,514.7750706455121,0.0001448425957323992,-6.515813056836587e-05
exceptional_point,0.17845421487754945,515.1813650974817,0.00014361594746094644,-6.460917921730604e-05
exceptional_point,0.17845421487754945,515.5876595494514,0.0001423996085701493,-6.406481288599323e-05
exceptional_point,0.17845421487754945,515.993954001421,0.0001411934932044471,-6.352499367975915e-05
exceptional_point,0.17845421487754945,516.4002484533906,0.00013999751621533246,-6.298968401307055e-05
exceptional_point,0.17845421487754945,516.8065429053603,0.00013881159315557484,-6.245884660703535e-05
exceptional_point,0.17845421487754945,517.2128373573298,0.00013763564027351996,-6.193244448694026e-05
exceptional_point,0.17845421487754945,517.6191318092995,0.00013646957450748944,-6.141044097982889e-05
exceptional_point,0.17845421487754945,518.0254262612691,0.0001353133134801231,-6.089279971205927e-05
exceptional_point,0.17845421487754945,518.4317207132387,0.00013416677549284975,-6.0379484606912933e-05
exceptional_point,0.17845421487754945,518.8380151652084,0.00013302987952036081,-5.98704598822073e-05
exceptional_point,0.17845421487754945,519.2443096171779,0.000131902545205121,-5.936569004792235e-05
exceptional_point,0.17845421487754945,519.6506040691476,0.000130784692851985,-5.88651399038729e-05
exceptional_point,0.17845421487754945,520.0568985211172,0.0001296762434227636,-5.8368774537359306e-05
exceptional_point,0.17845421487754945,520.4631929730868,0.0001285771185309165,-5.787655932087264e-05
exceptional_point,0.17845421487754945,520.8694874250565,0.00012748724043622992,-5.738845990979275e-05
exceptional_point,0.17845421487754945,521.2757818770261,0.00012640653203956848,-5.690444224011849e-05
exceptional_point,0.17845421487754945,521.6820763289957,0.0001253349168776803,-5.6424472526218885e-05
exceptional_point,0.17845421487754945,522.0883707809653,0.0001242723191179854,-5.5948517258580546e-05
exceptional_point,0.17845421487754945,522.494665232935,0.0001232186635534617,-5.547654320159364e-05
exceptional_point,0.17845421487754945,522.9009596849046,0.00012217387559756561,-5.500851739135311e-05
exceptional_point,0.17845421487754945,523.3072541368742,0.00012113788127917926,-5.454440713347277e-05
exceptional_point,0.17845421487754945,523.7135485888439,0.00012011060723756903,-5.4084180000902956e-05
exceptional_point,0.17845421487754945,524.1198430408134,0.00011909198071746331,-5.3627803831798636e-05
exceptional_point,0.17845421487754945,524.526137492783,0.0001180819295640936,-5.317524672737362e-05
exceptional_point,0.17845421487754945,524.9324319447527,0.00011708038221829922,-5.272647704977987e-05
exceptional_point,0.17845421487754945,525.3387263967223,0.0001160872677116981,-5.228146342001642e-05
exceptional_point,0.17845421487754945,525.745020848692,0.00011510251566186826,-5.184017471584159e-05
exceptional_point,0.17845421487754945,526.1513153006615,0.00011412605626755864,-5.140258006969946e-05
exceptional_point,0.17845421487754945,526.5576097526312,0.00011315782030395934,-5.096864886667107e-05
exceptional_point,0.17845421487754945,526.9639042046008,0.00011219773911802726,-5.053835074244648e-05
exceptional_point,0.17845421487754945,527.3701986565704,0.00011124574462378557,-5.011165558129135e-05
exceptional_point,0.17845421487754945,527.7764931085401,0.00011030176929774566,-4.968853351405972e-05
exceptional_point,0.17845421487754945,528.1827875605097,0.0001093657461742787,-4.9268954916190436e-05
exceptional_point,0.17845421487754945,528.5890820124793,0.00010843760884109357,-4.885289040574462e-05
exceptional_point,0.17845421487754945,528.9953764644489,0.0001075172914347132,-4.844031084144634e-05
exceptional_point,0.17845421487754945,529.4016709164185,0.00010660472863601582,-4.803118732074722e-05
exceptional_point,0.17845421487754945,529.8079653683882,0.00010569985566576531,-4.7625491177890324e-05
exceptional_point,0.17845421487754945,530.2142598203578,0.00010480260828022841,-4.722319398200804e-05
exceptional_point,0.17845421487754945,530.6205542723275,0.00010391292276679747,-4.68242675352234e-05
exceptional_point,0.17845421487754945,531.026848724297,0.00010303073593967158,-4.642868387077639e-05
exceptional_point,0.17845421487754945,531.4331431762666,0.0001021559851355168,-4.603641525114325e-05
exceptional_point,0.17845421487754945,531.8394376282363,0.00010128860820925608,-4.5647434166205576e-05
exceptional_point,0.17845421487754945,532.2457320802059,0.00010042854352978396,-4.526171333139511e-05
exceptional_point,0.17845421487754945,532.6520265321756,9.957572997581879e-05,-4.487922568589021e-05
exceptional_point,0.17845421487754945,533.0583209841451,9.873010693170722e-05,-4.449994439079611e-05
exceptional_point,0.17845421487754945,533.4646154361147,9.789161428328807e-05,-4.412384282735062e-05
exceptional_point,0.17845421487754945,533.8709098880844,9.706019241385e-05,-4.3750894595165395e-05
exceptional_point,0.17845421487754945,534.277204340054,9.623578219999137e-05,-4.338107351043259e-05
exceptional_point,0.17845421487754945,534.6834987920237,9.541832500764828e-05,-4.3014353604197537e-05
exceptional_point,0.17845421487754945,535.0897932439933,9.460776268807343e-05,-4.2650709120612395e-05
exceptional_point,0.17845421487754945,535.4960876959628,9.380403757386855e-05,-4.229011451521339e-05
exceptional_point,0.17845421487754945,535.9023821479325,9.300709247504936e-05,-4.1932544453211354e-05
exceptional_point,0.17845421487754945,536.3086765999021,9.22168706751579e-05,-4.1577973807802284e-05
exceptional_point,0.17845421487754945,536.7149710518718,9.143331592737709e-05,-4.122637765847908e-05
exceptional_point,0.17845421487754945,537.1212655038414,9.065637245068474e-05,-4.08777312893614e-05
exceptional_point,0.17845421487754945,537.5275599558111,8.988598492606066e-05,-4.0532010187545046e-05
exceptional_point,0.17845421487754945,537.9338544077806,8.912209849270175e-05,-4.0189190041459096e-05
exceptional_point,0.17845421487754945,538.3401488597502,8.836465874426547e-05,-3.984924673923144e-05
exceptional_point,0.17845421487754945,538.7464433117199,8.7613611725164e-05,-3.951215636707814e-05
exceptional_point,0.17845421487754945,539.1527377636895,8.68689039268657e-05,-3.917789520769527e-05
exceptional_point,0.17845421487754945,539.5590322156592,8.613048228425118e-05,-3.884643973867438e-05
exceptional_point,0.17845421487754945,539.9653266676287,8.539829417196267e-05,-3.851776663091489e-05
exceptional_point,0.17845421487754945,540.3716211195983,8.467228740082345e-05,-3.819185274706625e-05
exceptional_point,0.17845421487754945,540.777915571568,8.395241021426826e-05,-3.786867513997543e-05
exceptional_point,0.17845421487754945,541.1842100235376,8.323861128476729e-05,-3.754821105113256e-05
exceptional_point,0.17845421487754945,541.5905044755073,8.253083971036939e-05,-3.7230437909163833e-05
exceptional_point,0.17845421487754945,541.9967989274769,8.182904501116475e-05,-3.691533332829541e-05
exceptional_point,0.17845421487754945,542.4030933794464,8.113317712585413e-05,-3.660287510685847e-05
exceptional_point,0.17845421487754945,542.8093878314161,8.044318640832995e-05,-3.6293041225801676e-05
exceptional_point,0.17845421487754945,543.2156822833857,7.975902362423537e-05,-3.598580984719404e-05
exceptional_point,0.17845421487754945,543.6219767353554,7.908063994763397e-05,-3.5681159312773646e-05
exceptional_point,0.17845421487754945,544.028271187325,7.840798695763679e-05,-3.5379068142480924e-05
exceptional_point,0.17845421487754945,544.4345656392945,7.774101663508632e-05,-3.5079515033013424e-05
exceptional_point,0.17845421487754945,544.8408600912642,7.707968135927312e-05,-3.4782478856396626e-05
exceptional_point,0.17845421487754945,545.2471545432338,7.642393390465735e-05,-3.44879386585558e-05
exceptional_point,0.17845421487754945,545.6534489952035,7.577372743764099e-05,-3.419587365791016e-05
exceptional_point,0.17845421487754945,546.0597434471731,7.512901551335214e-05,-3.3906263243971736e-05
exceptional_point,0.17845421487754945,546.4660378991427,7.448975207243528e-05,-3.361908697594846e-05
exceptional_point,0.17845421487754945,546.8723323511123,7.385589143791746e-05,-3.333432458137664e-05
exceptional_point,0.17845421487754945,547.2786268030819,7.322738831206273e-05,-3.305195595475155e-05
exceptional_point,0.17845421487754945,547.6849212550516,7.260419777325637e-05,-3.27719611561694e-05
exceptional_point,0.17845421487754945,548.0912157070212,7.198627527291469e-05,-3.249432040998042e-05
exceptional_point,0.17845421487754945,548.4975101589908,7.137357663244153e-05,-3.2219014103461947e-05
exceptional_point,0.17845421487754945,548.9038046109605,7.076605804017533e-05,-3.194602278548774e-05
exceptional_point,0.17845421487754945,549.31009906293,7.016367604838065e-05,-3.1675327165216546e-05
exceptional_point,0.17845421487754945,549.7163935148997,6.956638757026792e-05,-3.140690811079209e-05
exceptional_point,0.17845421487754945,550.1226879668693,6.897414987701811e-05,-3.11407466480464e-05
exceptional_point,0.17845421487754945,550.528982418839,6.838692059485685e-05,-3.087682395922282e-05
exceptional_point,0.17845421487754945,550.9352768708086,6.780465770212439e-05,-3.06151213816985e-05
exceptional_point,0.17845421487754945,551.3415713227781,6.722731952640323e-05,-3.0355620406731434e-05
exceptional_point,0.17845421487754945,551.7478657747478,6.66548647416213e-05,-3.0098302678196965e-05
exceptional_point,0.17845421487754945,552.1541602267174,6.608725236523366e-05,-2.9843149991357566e-05
exceptional_point,0.17845421487754945,552.560454678687,6.552444175539296e-05,-2.95901442916281e-05
exceptional_point,0.17845421487754945,552.9667491306567,6.49663926081415e-05,-2.9339267673350924e-05
exceptional_point,0.17845421487754945,553.3730435826263,6.441306495462598e-05,-2.9090502378580872e-05
exceptional_point,0.17845421487754945,553.7793380345959,6.386441915837564e-05,-2.884383079589572e-05
exceptional_point,0.17845421487754945,554.1856324865655,6.332041591254834e-05,-2.8599235459194665e-05
exceptional_point,0.17845421487754945,554.5919269385352,6.278101623721419e-05,-2.8356699046512967e-05
exceptional_point,0.17845421487754945,554.9982213905048,6.224618147668055e-05,-2.8116204378853393e-05
exceptional_point,0.17845421487754945,555.4045158424744,6.171587329682433e-05,-2.787773441902131e-05
exceptional_point,0.17845421487754945,555.8108102944441,6.119005368244037e-05,-2.764127227046732e-05
exceptional_point,0.17845421487754945,556.2171047464136,6.066868493463221e-05,-2.740680117614664e-05
exceptional_point,0.17845421487754945,556.6233991983833,6.015172966818612e-05,-2.7174304517373266e-05
exceptional_point,0.17845421487754945,557.0296936503529,5.9639150809022215e-05,-2.6943765812705347e-05
exceptional_point,0.17845421487754945,557.4359881023225,5.9130911591609434e-05,-2.6715168716816696e-05
exceptional_point,0.17845421487754945,557.8422825542922,5.8626975556431045e-05,-2.6488497019389076e-05
exceptional_point,0.17845421487754945,558.2485770062617,5.8127306547475115e-05,-2.626373464401561e-05
exceptional_point,0.17845421487754945,558.6548714582314,5.7631868709732375e-05,-2.6040865647107314e-05
exceptional_point,0.17845421487754945,559.061165910201,5.714062648671585e-05,-2.5819874216809005e-05
exceptional_point,0.17845421487754945,559.4674603621706,5.6653544618000696e-05,-2.560074467192422e-05
exceptional_point,0.17845421487754945,559.8737548141403,5.6170588136796005e-05,-2.5383461460853003e-05
exceptional_point,0.17845421487754945,560.2800492661099,5.5691722367521735e-05,-2.516800916053345e-05
exceptional_point,0.17845421487754945,560.6863437180795,5.521691292340801e-05,-2.495437247539151e-05
exceptional_point,0.17845421487754945,561.0926381700491,5.474612570411744e-05,-2.4742536236301522e-05
exceptional_point,0.17845421487754945,561.4989326220187,5.427932689339778e-05,-2.4532485399558904e-05
exceptional_point,0.17845421487754945,561.9052270739884,5.381648295670371e-05,-2.4324205045842325e-05
exceptional_point,0.17845421487754945,562.311521525958,5.3357560638932466e-05,-2.4117680379219598e-05
exceptional_point,0.17845421487754945,562.7178159779277,5.290252696207819e-05,-2.3912896726124972e-05
exceptional_point,0.17845421487754945,563.1241104298972,5.245134922295784e-05,-2.3709839534362347e-05
exceptional_point,0.17845421487754945,563.5304048818668,5.200399499095689e-05,-2.350849437211949e-05
exceptional_point,0.17845421487754945,563.9366993338365,5.156043210576966e-05,-2.3308846926979344e-05
exceptional_point,0.17845421487754945,564.3429937858061,5.1120628675185707e-05,-2.3110883004950717e-05
exceptional_point,0.17845421487754945,564.7492882377758,5.0684553072856743e-05,-2.291458852949224e-05
exceptional_point,0.17845421487754945,565.1555826897453,5.02521739361321e-05,-2.2719949540563145e-05
exceptional_point,0.17845421487754945,565.561877141715,4.982346016385776e-05,-2.252695219366163e-05
exceptional_point,0.17845421487754945,565.9681715936846,4.939838091424229e-05,-2.2335582758889134e-05
exceptional_point,0.17845421487754945,566.3744660456542,4.897690560269377e-05,-2.214582762000441e-05
exceptional_point,0.17845421487754945,566.7807604976239,4.8559003899723955e-05,-2.195767327350481e-05
exceptional_point,0.17845421487754945,567.1870549495935,4.814464572882444e-05,-2.1771106327696873e-05
exceptional_point,0.17845421487754945,567.593349401563,4.7733801264384905e-05,-2.158611350178474e-05
exceptional_point,0.17845421487754945,567.9996438535327,4.73264409296291e-05,-2.14026816249652e-05
exceptional_point,0.17845421487754945,568.4059383055023,4.692253539454792e-05,-2.122079763552356e-05
exceptional_point,0.17845421487754945,568.812232757472,4.652205557387312e-05,-2.1040448579944977e-05
exceptional_point,0.17845421487754945,569.2185272094416,4.6124972625051754e-05,-2.0861621612027665e-05
exceptional_point,0.17845421487754945,569.6248216614113,4.5731257946250005e-05,-2.0684303992007552e-05
exceptional_point,0.17845421487754945,570.0311161133808,4.5340883174351424e-05,-2.0508483085681986e-05
exceptional_point,0.17845421487754945,570.4374105653504,4.495382018300571e-05,-2.033414636355365e-05
exceptional_point,0.17845421487754945,570.8437050173201,4.457004108064284e-05,-2.0161281399961488e-05
exceptional_point,0.17845421487754945,571.2499994692897,4.418951820857318e-05,-1.9989875872246277e-05
exceptional_point,0.17845421487754945,571.6562939212594,4.3812224139032936e-05,-1.981991755989504e-05
exceptional_point,0.17845421487754945,572.0625883732289,4.343813167328721e-05,-1.9651394343709304e-05
exceptional_point,0.17845421487754945,572.4688828251985,4.3067213839735374e-05,-1.948429420497392e-05
exceptional_point,0.17845421487754945,572.8751772771682,4.269944389204002e-05,-1.931860522463673e-05
exceptional_point,0.17845421487754945,573.2814717291378,4.233479530726747e-05,-1.915431558249334e-05
exceptional_point,0.17845421487754945,573.6877661811075,4.1973241784018235e-05,-1.899141355636756e-05
exceptional_point,0.17845421487754945,574.0940606330771,4.161475724062241e-05,-1.8829887521319016e-05
exceptional_point,0.17845421487754945,574.5003550850466,4.1259315813322636e-05,-1.8669725948846345e-05
exceptional_point,0.17845421487754945,574.9066495370163,4.090689185444261e-05,-1.85109174060847e-05
exceptional_point,0.17845421487754945,575.3129439889859,4.0557459930644085e-05,-1.8353450555039426e-05
exceptional_point,0.17845421487754945,575.7192384409556,4.0210994821112704e-05,-1.8197314151791476e-05
exceptional_point,0.17845421487754945,576.1255328929252,3.986747151582718e-05,-1.8042497045737354e-05
exceptional_point,0.17845421487754945,576.5318273448947,3.9526865213811364e-05,-1.7888988178821535e-05
exceptional_point,0.17845421487754945,576.9381217968644,3.918915132139468e-05,-1.7736776584774207e-05
exceptional_point,0.17845421487754945,577.344416248834,3.8854305450508444e-05,-1.7585851388362065e-05
exceptional_point,0.17845421487754945,577.7507107008037,3.8522303416975486e-05,-1.7436201804638793e-05
exceptional_point,0.17845421487754945,578.1570051527733,3.819312123883287e-05,-1.7287817138207754e-05
exceptional_point,0.17845421487754945,578.563299604743,3.7866735134649484e-05,-1.7140686782483892e-05
exceptional_point,0.17845421487754945,578.9695940567125,3.7543121521868275e-05,-1.699480021896578e-05
exceptional_point,0.17845421487754945,579.3758885086821,3.722225701516742e-05,-1.6850147016515525e-05
exceptional_point,0.17845421487754945,579.7821829606518,3.690411842482097e-05,-1.670671683063931e-05
exceptional_point,0.17845421487754945,580.1884774126214,3.658868275507296e-05,-1.6564499402773326e-05
exceptional_point,0.17845421487754945,580.594771864591,3.627592720254969e-05,-1.6423484559585797e-05
exceptional_point,0.17845421487754945,581.0010663165607,3.5965829154648944e-05,-1.628366221227009e-05
exceptional_point,0.17845421487754945,581.4073607685302,3.565836618796487e-05,-1.614502235585251e-05
exceptional_point,0.17845421487754945,581.8136552204999,3.535351606672997e-05,-1.6007555068507387e-05
exceptional_point,0.17845421487754945,582.2199496724695,3.5051256741247145e-05,-1.5871250510868716e-05
exceptional_point,0.17845421487754945,582.6262441244392,3.4751566346361335e-05,-1.5736098925357997e-05
exceptional_point,0.17845421487754945,583.0325385764088,3.4454423199919416e-05,-1.5602090635507818e-05
exceptional_point,0.17845421487754945,583.4388330283783,3.415980580125964e-05,-1.5469216045297802e-05
exceptional_point,0.17845421487754945,583.845127480348,3.386769282970415e-05,-1.5337465638491953e-05
exceptional_point,0.17845421487754945,584.2514219323176,3.3578063143074675e-05,-1.520682997798626e-05
exceptional_point,0.17845421487754945,584.6577163842873,3.329089577620699e-05,-1.5077299705155257e-05
exceptional_point,0.17845421487754945,585.0640108362569,3.300616993947889e-05,-1.4948865539205675e-05
exceptional_point,0.17845421487754945,585.4703052882265,3.2723865017367e-05,-1.482151827654068e-05
exceptional_point,0.17845421487754945,585.8765997401961,3.244396056699352e-05,-1.469524879012195e-05
exceptional_point,0.17845421487754945,586.2828941921657,3.2166436316699306e-05,-1.4570048028841468e-05
exceptional_point,0.17845421487754945,586.6891886441354,3.1891272164621545e-05,-1.444590701689601e-05
exceptional_point,0.17845421487754945,587.095483096105,3.1618448177286666e-05,-1.4322816853168634e-05
exceptional_point,0.17845421487754945,587.5017775480746,3.1347944588218404e-05,-1.4200768710615688e-05
exceptional_point,0.17845421487754945,587.9080720000443,3.1079741796539184e-05,-1.4079753835652463e-05
exceptional_point,0.17845421487754945,588.3143664520138,3.081382036561297e-05,-1.3959763547555143e-05
exceptional_point,0.17845421487754945,588.7206609039835,3.055016102166475e-05,-1.3840789237854151e-05
exceptional_point,0.17845421487754945,589.1269553559531,3.0288744652451367e-05,-1.3722822369748422e-05
exceptional_point,0.17845421487754945,589.5332498079227,3.0029552305895686e-05,-1.3605854477505466e-05
exceptional_point,0.17845421487754945,589.9395442598924,2.9772565188778793e-05,-1.3489877165884494e-05
exceptional_point,0.17845421487754945,590.3458387118619,2.9517764665411647e-05,-1.3374882109552672e-05
exceptional_point,0.17845421487754945,590.7521331638316,2.926513225632103e-05,-1.3260861052506544e-05
exceptional_point,0.17845421487754945,591.1584276158012,2.9014649636968857e-05,-1.314780580750779e-05
exceptional_point,0.17845421487754945,591.5647220677708,2.876629863645161e-05,-1.3035708255511219e-05
exceptional_point,0.17845421487754945,591.9710165197405,2.8520061236232056e-05,-1.292456034510582e-05
exceptional_point,0.17845421487754945,592.3773109717101,2.827591956887542e-05,-1.2814354091958503e-05
exceptional_point,0.17845421487754945,592.7836054236797,2.803385591677863e-05,-1.2705081578254781e-05
exceptional_point,0.17845421487754945,593.1898998756493,2.779385271095164e-05,-1.2596734952161493e-05
exceptional_point,0.17845421487754945,593.596194327619,2.7555892529760283e-05,-1.2489306427273414e-05
exceptional_point,0.17845421487754945,594.0024887795886,2.7319958097715945e-05,-1.2382788282080076e-05
exceptional_point,0.17845421487754945,594.4087832315582,2.7086032284252428e-05,-1.227717285942702e-05
exceptional_point,0.17845421487754945,594.8150776835279,2.6854098102530183e-05,-1.217245256598879e-05
exceptional_point,0.17845421487754945,595.2213721354974,2.6624138708232154e-05,-1.2068619871738762e-05
exceptional_point,0.17845421487754945,595.627666587467,2.6396137398390496e-05,-1.1965667309431498e-05
exceptional_point,0.17845421487754945,596.0339610394367,2.6170077610198435e-05,-1.1863587474080172e-05
exceptional_point,0.17845421487754945,596.4402554914063,2.594594291985721e-05,-1.1762373022447585e-05
exceptional_point,0.17845421487754945,596.846549943376,2.572371704141591e-05,-1.1662016672534905e-05
exceptional_point,0.17845421487754945,597.2528443953455,2.550338382562186e-05,-1.1562511203075488e-05
exceptional_point,0.17845421487754945,597.6591388473151,2.5284927258789514e-05,-1.1463849453035837e-05
exceptional_point,0.17845421487754945,598.0654332992848,2.5068331461670758e-05,-1.136602432111769e-05
exceptional_point,0.17845421487754945,598.4717277512544,2.4853580688337636e-05,-1.126902876526524e-05
exceptional_point,0.17845421487754945,598.8780222032241,2.4640659325069196e-05,-1.1172855802174919e-05
exceptional_point,0.17845421487754945,599.2843166551937,2.442955188925628e-05,-1.107749850681189e-05
exceptional_point,0.17845421487754945,599.6906111071632,2.4220243028314834e-05,-1.0982950011930816e-05
exceptional_point,0.17845421487754945,600.0969055591329,2.4012717518590905e-05,-1.0889203507593576e-05
exceptional_point,0.17845421487754945,600.5032000111025,2.380696026430306e-05,-1.0796252240702016e-05
exceptional_point,0.17845421487754945,600.9094944630722,2.3602956296466987e-05,-1.0704089514524134e-05
exceptional_point,0.17845421487754945,601.3157889150418,2.3400690771847342e-05,-1.0612708688231496e-05
exceptional_point,0.17845421487754945,601.7220833670114,2.3200148971905617e-05,-1.0522103176435203e-05
exceptional_point,0.17845421487754945,602.128377818981,2.3001316301765218e-05,-1.0432266448729218e-05
exceptional_point,0.17845421487754945,602.5346722709506,2.2804178289183497e-05,-1.034319202923674e-05
exceptional_point,0.17845421487754945,602.9409667229203,2.2608720583528367e-05,-1.0254873496158626e-05
exceptional_point,0.17845421487754945,603.3472611748899,2.2414928954764494e-05,-1.0167304481326175e-05
exceptional_point,0.17845421487754945,603.7535556268596,2.2222789292453927e-05,-1.008047866975984e-05
exceptional_point,0.17845421487754945,604.1598500788291,2.2032287604754948e-05,-9.9943897992275e-06
exceptional_point,0.17845421487754945,604.5661445307987,2.184341001743654e-05,-9.909031659809466e-06
exceptional_point,0.17845421487754945,604.9724389827684,2.16561427729006e-05,-9.824398093466542e-06
exceptional_point,0.17845421487754945,605.378733434738,2.147047222920529e-05,-9.740482993609463e-06
exceptional_point,0.17845421487754945,605.7850278867077,2.1286384859110214e-05,-9.657280304676567e-06
exceptional_point,0.17845421487754945,606.1913223386773,2.1103867249109143e-05,-9.574784021707423e-06
exceptional_point,0.17845421487754945,606.5976167906468,2.0922906098491784e-05,-9.492988189928086e-06
exceptional_point,0.17845421487754945,607.0039112426165,2.074348821840095e-05,-9.411886904334855e-06
exceptional_point,0.17845421487754945,607.4102056945861,2.0565600530899047e-05,-9.331474309282025e-06
exceptional_point,0.17845421487754945,607.8165001465558,2.038923006804411e-05,-9.251744598073744e-06
exceptional_point,0.17845421487754945,608.2227945985254,2.0214363970973986e-05,-9.172692012559589e-06
exceptional_point,0.17845421487754945,608.6290890504949,2.004098948899669e-05,-9.094310842732582e-06
exceptional_point,0.17845421487754945,609.0353835024646,1.9869093978688542e-05,-9.016595426330768e-06
exceptional_point,0.17845421487754945,609.4416779544342,1.9698664902997878e-05,-8.939540148441476e-06
exceptional_point,0.17845421487754945,609.8479724064039,1.952968983036275e-05,-8.8631394411112e-06
exceptional_point,0.17845421487754945,610.2542668583735,1.9362156433826036e-05,-8.787387782954553e-06
exceptional_point,0.17845421487754945,610.6605613103432,1.919605249016427e-05,-8.712279698769693e-06
exceptional_point,0.17845421487754945,611.0668557623127,1.9031365879026618e-05,-8.637809759157269e-06
exceptional_point,0.17845421487754945,611.4731502142823,1.8868084582069474e-05,-8.563972580138286e-06
exceptional_point,0.17845421487754945,611.879444666252,1.8706196682114392e-05,-8.49076282278173e-06
exceptional_point,0.17845421487754945,612.2857391182216,1.8545690362295247e-05,-8.41817519282771e-06
exceptional_point,0.17845421487754945,612.6920335701913,1.838655390522611e-05,-8.34620444031945e-06
exceptional_point,0.17845421487754945,613.0983280221609,1.8228775692170305e-05,-8.274845359236021e-06
exceptional_point,0.17845421487754945,613.5046224741304,1.807234420221815e-05,-8.204092787128661e-06
exceptional_point,0.17845421487754945,613.9109169261001,1.7917248011468033e-05,-8.133941604758802e-06
exceptional_point,0.17845421487754945,614.3172113780697,1.7763475792218855e-05,-8.064386735740914e-06
exceptional_point,0.17845421487754945,614.7235058300394,1.7611016312168163e-05,-7.995423146187706e-06
exceptional_point,0.17845421487754945,615.129800282009,1.745985843360756e-05,-7.92704584435474e-06
exceptional_point,0.17845421487754945,615.5360947339785,1.7309991112646177e-05,-7.859249880296373e-06
exceptional_point,0.17845421487754945,615.9423891859482,1.7161403398414852e-05,-7.792030345514178e-06
exceptional_point,0.17845421487754945,616.3486836379178,1.7014084432299334e-05,-7.725382372617427e-06
exceptional_point,0.17845421487754945,616.7549780898875,1.6868023447163273e-05,-7.659301134979553e-06
exceptional_point,0.17845421487754945,617.1612725418571,1.6723209766585706e-05,-7.5937818464006996e-06
exceptional_point,0.17845421487754945,617.5675669938267,1.6579632804103837e-05,-7.528819760772714e-06
exceptional_point,0.17845421487754945,617.9738614457963,1.643728206246198e-05,-7.464410171746697e-06
exceptional_point,0.17845421487754945,618.3801558977659,1.6296147132866506e-05,-7.400548412403329e-06
exceptional_point,0.17845421487754945,618.7864503497356,1.6156217694245537e-05,-7.337229854925262e-06
exceptional_point,0.17845421487754945,619.1927448017052,1.601748351251628e-05,-7.274449910272911e-06
exceptional_point,0.17845421487754945,619.5990392536748,1.5879934439858904e-05,-7.212204027862827e-06
exceptional_point,0.17845421487754945,620.0053337056445,1.574356041399654e-05,-7.1504876952491525e-06
exceptional_point,0.17845421487754945,620.411628157614,1.5608351457474567e-05,-7.089296437804666e-06
exceptional_point,0.17845421487754945,620.8179226095837,1.547429767696105e-05,-7.028625818410671e-06
exceptional_point,0.17845421487754945,621.2242170615533,1.534138926253458e-05,-6.968471437142131e-06
exceptional_point,0.17845421487754945,621.630511513523,1.5209616486994456e-05,-6.908828930961793e-06
exceptional_point,0.17845421487754945,622.0368059654926,1.5078969705162727e-05,-6.849693973411546e-06
exceptional_point,0.17845421487754945,622.4431004174621,1.494943935320058e-05,-6.791062274309405e-06
exceptional_point,0.17845421487754945,622.8493948694318,1.4821015947930496e-05,-6.732929579449274e-06
exceptional_point,0.17845421487754945,623.2556893214014,1.469369008616047e-05,-6.67529167030171e-06
exceptional_point,0.17845421487754945,623.661983773371,1.4567452444013168e-05,-6.618144363716851e-06
exceptional_point,0.17845421487754945,624.0682782253407,1.4442293776261992e-05,-6.5614835116302465e-06
exceptional_point,0.17845421487754945,624.4745726773103,1.4318204915679366e-05,-6.505305000773919e-06
exceptional_point,0.17845421487754945,624.8808671292799,1.4195176772374442e-05,-6.4496047523833836e-06
exceptional_point,0.17845421487754945,625.2871615812495,1.4073200333156375e-05,-6.394378721915065e-06
exceptional_point,0.17845421487754945,625.6934560332191,1.3952266660884752e-05,-6.339622898758731e-06
exceptional_point,0.17845421487754945,626.0997504851888,1.383236689383691e-05,-6.285333305957088e-06
exceptional_point,0.17845421487754945,626.5060449371584,1.371349224507497e-05,-6.2315059999252715e-06
exceptional_point,0.17845421487754945,626.9123393891281,1.3595634001822541e-05,-6.178137070174484e-06
exceptional_point,0.17845421487754945,627.3186338410976,1.3478783524841271e-05,-6.125222639035743e-06
exceptional_point,0.17845421487754945,627.7249282930673,1.3362932247816398e-05,-6.072758861387625e-06
exceptional_point,0.17845421487754945,628.1312227450369,1.3248071676747592e-05,-6.020741924385986e-06
exceptional_point,0.17845421487754945,628.5375171970065,1.3134193389337942e-05,-5.969168047193379e-06
exceptional_point,0.17845421487754945,628.9438116489762,1.3021289034403809e-05,-5.918033480716999e-06
exceptional_point,0.17845421487754945,629.3501061009457,1.2909350331268896e-05,-5.867334507340532e-06
exceptional_point,0.17845421487754945,629.7564005529154,1.2798369069180211e-05,-5.817067440664709e-06
exceptional_point,0.17845421487754945,630.162695004885,1.2688337106719697e-05,-5.767228625246703e-06
exceptional_point,0.17845421487754945,630.5689894568546,1.2579246371224628e-05,-5.7178144363428925e-06
exceptional_point,0.17845421487754945,630.9752839088243,1.2471088858211516e-05,-5.668821279653508e-06
exceptional_point,0.17845421487754945,631.3815783607939,1.2363856630805056e-05,-5.620245591069219e-06
exceptional_point,0.17845421487754945,631.7878728127635,1.225754181917011e-05,-5.572083836419326e-06
exceptional_point,0.17845421487754945,632.1941672647331,1.215213661995391e-05,-5.524332511224075e-06
exceptional_point,0.17845421487754945,632.6004617167027,1.2047633295722399e-05,-5.476988140444978e-06
exceptional_point,0.17845421487754945,633.0067561686724,1.1944024174417452e-05,-5.430047278243481e-06
exceptional_point,0.17845421487754945,633.413050620642,1.1841301648798724e-05,-5.383506507733828e-06
exceptional_point,0.17845421487754945,633.8193450726116,1.1739458175907666e-05,-5.337362440744928e-06
exceptional_point,0.17845421487754945,634.2256395245812,1.1638486276524943e-05,-5.291611717579707e-06
exceptional_point,0.17845421487754945,634.6319339765508,1.1538378534637463e-05,-5.24625100677849e-06
exceptional_point,0.17845421487754945,635.0382284285205,1.143912759691068e-05,-5.201277004884824e-06
exceptional_point,0.17845421487754945,635.4445228804901,1.134072617215698e-05,-5.156686436209622e-06
exceptional_point,0.17845421487754945,635.8508173324598,1.1243167030821385e-05,-5.112476052602797e-06
exceptional_point,0.17845421487754945,636.2571117844293,1.114644300446116e-05,-5.0686426332222056e-06
exceptional_point,0.17845421487754945,636.6634062363989,1.1050546985233438e-05,-5.0251829843063065e-06
exceptional_point,0.17845421487754945,637.0697006883686,1.0955471925386938e-05,-4.982093938948485e-06
exceptional_point,0.17845421487754945,637.4759951403382,1.0861210836761222e-05,-4.939372356874513e-06
exceptional_point,0.17845421487754945,637.8822895923079,1.076775679028159e-05,-4.897015124218636e-06
exceptional_point,0.17845421487754945,638.2885840442775,1.0675102915466764e-05,-4.85501915330464e-06
exceptional_point,0.17845421487754945,638.694878496247,1.0583242399936713e-05,-4.81338138242747e-06
exceptional_point,0.17845421487754945,639.1011729482167,1.049216848892497e-05,-4.772098775636527e-06
exceptional_point,0.17845421487754945,639.5074674001863,1.0401874484795635e-05,-4.73116832252128e-06
exceptional_point,0.17845421487754945,639.913761852156,1.031235374656233e-05,-4.690587037997495e-06
exceptional_point,0.17845421487754945,640.3200563041256,1.0223599689417052e-05,-4.650351962097876e-06
exceptional_point,0.17845421487754945,640.7263507560951,1.0135605784251741e-05,-4.610460159759803e-06
exceptional_point,0.17845421487754945,641.1326452080648,1.0048365557196892e-05,-4.5709087206201425e-06
exceptional_point,0.17845421487754945,641.5389396600344,9.961872589156515e-06,-4.531694758808563e-06
exceptional_point,0.17845421487754945,641.9452341120041,9.876120515345828e-06,-4.492815412742397e-06
exceptional_point,0.17845421487754945,642.3515285639737,9.7911030248377e-06,-4.45426784492487e-06
exceptional_point,0.17845421487754945,642.7578230159434,9.706813860110286e-06,-4.41604924174418e-06
exceptional_point,0.17845421487754945,643.1641174679129,9.623246816597123e-06,-4.378156813273533e-06
exceptional_point,0.17845421487754945,643.5704119198825,9.540395742244103e-06,-4.340587793074247e-06
exceptional_point,0.17845421487754945,643.9767063718522,9.458254537066842e-06,-4.303339437999101e-06
exceptional_point,0.17845421487754945,644.3830008238218,9.376817152715644e-06,-4.266409027998757e-06
exceptional_point,0.17845421487754945,644.7892952757915,9.296077592038814e-06,-4.22979386592791e-06
exceptional_point,0.17845421487754945,645.1955897277611,9.21602990865603e-06,-4.193491277355391e-06
exceptional_point,0.17845421487754945,645.6018841797306,9.136668206528321e-06,-4.157498610373217e-06
exceptional_point,0.17845421487754945,646.0081786317003,9.057986639538448e-06,-4.121813235409749e-06
exceptional_point,0.17845421487754945,646.4144730836699,8.979979411067803e-06,-4.086432545041926e-06
exceptional_point,0.17845421487754945,646.8207675356396,8.902640773584135e-06,-4.051353953811577e-06
exceptional_point,0.17845421487754945,647.2270619876092,8.825965028226098e-06,-4.01657489804094e-06
exceptional_point,0.17845421487754945,647.6333564395787,8.749946524398423e-06,-3.982092835652417e-06
exceptional_point,0.17845421487754945,648.0396508915484,8.674579659360042e-06,-3.947905245985614e-06
exceptional_point,0.17845421487754945,648.445945343518,8.599858877825965e-06,-3.914009629620127e-06
exceptional_point,0.17845421487754945,648.8522397954877,8.525778671568678e-06,-3.880403508198261e-06
exceptional_point,0.17845421487754945,649.2585342474573,8.452333579021822e-06,-3.847084424248698e-06
exceptional_point,0.17845421487754945,649.664828699427,8.37951818488585e-06,-3.8140499410111944e-06
exceptional_point,0.17845421487754945,650.0711231513965,8.30732711974181e-06,-3.7812976422646248e-06
exceptional_point,0.17845421487754945,650.4774176033661,8.235755059664957e-06,-3.74882513215514e-06
exceptional_point,0.17845421487754945,650.8837120553358,8.164796725840983e-06,-3.7166300350253787e-06
exceptional_point,0.17845421487754945,651.2900065073054,8.094446884187245e-06,-3.684709995245982e-06
exceptional_point,0.17845421487754945,651.696300959275,8.02470034497717e-06,-3.653062677048402e-06
exceptional_point,0.17845421487754945,652.1025954112447,7.955551962466328e-06,-3.621685764358486e-06
exceptional_point,0.17845421487754945,652.5088898632142,7.886996634523016e-06,-3.5905769606321287e-06
exceptional_point,0.17845421487754945,652.9151843151839,7.819029302262633e-06,-3.5597339886923745e-06
exceptional_point,0.17845421487754945,653.3214787671535,7.751644949678754e-06,-3.5291545905655315e-06
exceptional_point,0.17845421487754945,653.7277732191232,7.684838603290145e-06,-3.498836527323647e-06
exceptional_point,0.17845421487754945,654.1340676710928,7.6186053317763965e-06,-3.468777578922609e-06
exceptional_point,0.17845421487754945,654.5403621230623,7.552940245626325e-06,-3.4389755440454508e-06
exceptional_point,0.17845421487754945,654.946656575032,7.487838496784904e-06,-3.4094282399452472e-06
exceptional_point,0.17845421487754945,655.3529510270016,7.4232952783052924e-06,-3.3801335022901323e-06
exceptional_point,0.17845421487754945,655.7592454789713,7.359305824002099e-06,-3.3510891850089104e-06
exceptional_point,0.17845421487754945,656.1655399309409,7.295865408109197e-06,-3.3222931601386907e-06
exceptional_point,0.17845421487754945,656.5718343829105,7.232969344938423e-06,-3.2937433176729035e-06
exceptional_point,0.17845421487754945,656.9781288348801,7.170612988542074e-06,-3.2654375654109803e-06
exceptional_point,0.17845421487754945,657.3844232868497,7.1087917323798575e-06,-3.2373738288099838e-06
exceptional_point,0.17845421487754945,657.7907177388194,7.047501008984555e-06,-3.2095500508358098e-06
exceptional_point,0.17845421487754945,658.197012190789,6.986736289636136e-06,-3.1819641918178815e-06
exceptional_point,0.17845421487754945,658.6033066427586,6.926493084033212e-06,-3.1546142293027974e-06
exceptional_point,0.17845421487754945,659.0096010947283,6.866766939969983e-06,-3.1274981579106063e-06
exceptional_point,0.17845421487754945,659.4158955466978,6.8075534430156765e-06,-3.1006139891917253e-06
exceptional_point,0.17845421487754945,659.8221899986675,6.748848216196309e-06,-3.073959751485341e-06
exceptional_point,0.17845421487754945,660.2284844506371,6.6906469196774015e-06,-3.04753348977804e-06
exceptional_point,0.17845421487754945,660.6347789026067,6.632945250456458e-06,-3.0213332655665452e-06
exceptional_point,0.17845421487754945,661.0410733545764,6.57573894204483e-06,-2.9953571567162673e-06
exceptional_point,0.17845421487754945,661.4473678065459,6.519023764167504e-06,-2.9696032573272353e-06
exceptional_point,0.17845421487754945,661.8536622585156,6.462795522452133e-06,-2.944069677595778e-06
exceptional_point,0.17845421487754945,662.2599567104852,6.4070500581311435e-06,-2.9187545436813883e-06
exceptional_point,0.17845421487754945,662.6662511624548,6.3517832477384414e-06,-2.8936559975719127e-06
exceptional_point,0.17845421487754945,663.0725456144245,6.296991002811796e-06,-2.868772196950749e-06
exceptional_point,0.17845421487754945,663.4788400663941,6.242669269602262e-06,-2.8441013150670946e-06
exceptional_point,0.17845421487754945,663.8851345183637,6.188814028774806e-06,-2.8196415406028655e-06
exceptional_point,0.17845421487754945,664.2914289703333,6.135421295124432e-06,-2.795391077545806e-06
exceptional_point,0.17845421487754945,664.6977234223029,6.082487117284216e-06,-2.771348145059499e-06
exceptional_point,0.17845421487754945,665.1040178742726,6.030007577441959e-06,-2.7475109773569578e-06
exceptional_point,0.17845421487754945,665.5103123262422,5.977978791057358e-06,-2.7238778235744925e-06
exceptional_point,0.17845421487754945,665.9166067782118,5.926396906579937e-06,-2.7004469476460275e-06
exceptional_point,0.17845421487754945,666.3229012301814,5.87525810517297e-06,-2.6772166281797846e-06
exceptional_point,0.17845421487754945,666.729195682151,5.824558600435722e-06,-2.6541851583345917e-06
exceptional_point,0.17845421487754945,667.1354901341207,5.774294638130876e-06,-2.6313508456982323e-06
exceptional_point,0.17845421487754945,667.5417845860903,5.724462495913312e-06,-2.6087120121664124e-06
exceptional_point,0.17845421487754945,667.94807903806,5.675058483059511e-06,-2.5862669938222375e-06
exceptional_point,0.17845421487754945,668.3543734900295,5.6260789402046276e-06,-2.5640141408186302e-06
exceptional_point,0.17845421487754945,668.7606679419991,5.577520239072921e-06,-2.54195181725837e-06
exceptional_point,0.17845421487754945,669.1669623939688,5.529378782219202e-06,-2.5200784010785036e-06
exceptional_point,0.17845421487754945,669.5732568459384,5.48165100276656e-06,-2.4983922839335135e-06
exceptional_point,0.17845421487754945,669.9795512979081,5.434333364150642e-06,-2.4768918710810604e-06
exceptional_point,0.17845421487754945,670.3858457498777,5.387422359860884e-06,-2.455575581266595e-06
exceptional_point,0.17845421487754945,670.7921402018472,5.340914513190016e-06,-2.4344418466115484e-06
exceptional_point,0.17845421487754945,671.1984346538169,5.2948063769796766e-06,-2.413489112499816e-06
exceptional_point,0.17845421487754945,671.6047291057865,5.249094533373467e-06,-2.392715837467538e-06
exceptional_point,0.17845421487754945,672.0110235577562,5.203775593567026e-06,-2.372120493091583e-06
exceptional_point,0.17845421487754945,672.4173180097258,5.1588461975655514e-06,-2.3517015638812223e-06
exceptional_point,0.17845421487754945,672.8236124616953,5.114303013938626e-06,-2.3314575471687733e-06
exceptional_point,0.17845421487754945,673.229906913665,5.070142739579623e-06,-2.311386953002209e-06
exceptional_point,0.17845421487754945,673.6362013656346,5.026362099467292e-06,-2.291488304038625e-06
exceptional_point,0.17845421487754945,674.0424958176043,4.982957846426552e-06,-2.271760135437551e-06
exceptional_point,0.17845421487754945,674.4487902695739,4.939926760896286e-06,-2.2522009947571626e-06
exceptional_point,0.17845421487754945,674.8550847215436,4.8972656506929486e-06,-2.232809441848886e-06
exceptional_point,0.17845421487754945,675.2613791735131,4.854971350782004e-06,-2.2135840487551735e-06
exceptional_point,0.17845421487754945,675.6676736254827,4.8130407230472305e-06,-2.1945233996065707e-06
exceptional_point,0.17845421487754945,676.0739680774524,4.77147065606358e-06,-2.1756260905202743e-06
exceptional_point,0.17845421487754945,676.480262529422,4.730258064871578e-06,-2.156890729499372e-06
exceptional_point,0.17845421487754945,676.8865569813917,4.68939989075449e-06,-2.1383159363332733e-06
exceptional_point,0.17845421487754945,677.2928514333613,4.648893101015423e-06,-2.119900342498217e-06
exceptional_point,0.17845421487754945,677.6991458853308,4.608734688758454e-06,-2.1016425910594735e-06
exceptional_point,0.17845421487754945,678.1054403373005,4.568921672669738e-06,-2.083541336573566e-06
exceptional_point,0.17845421487754945,678.5117347892701,4.529451096802745e-06,-2.0655952449922926e-06
exceptional_point,0.17845421487754945,678.9180292412398,4.490320030361482e-06,-2.0478029935659593e-06
exceptional_point,0.17845421487754945,679.3243236932094,4.451525567491468e-06,-2.0301632707499054e-06
exceptional_point,0.17845421487754945,679.7306181451789,4.4130648270647e-06,-2.01267477610849e-06
exceptional_point,0.17845421487754945,680.1369125971486,4.374934952474133e-06,-1.9953362202232e-06
exceptional_point,0.17845421487754945,680.5432070491182,4.3371331114249495e-06,-1.9781463245994466e-06
exceptional_point,0.17845421487754945,680.9495015010879,4.299656495728784e-06,-1.9611038215745106e-06
exceptional_point,0.17845421487754945,681.3557959530575,4.2625023211002215e-06,-1.944207454226733e-06
exceptional_point,0.17845421487754945,681.7620904050272,4.225667826954855e-06,-1.927455976285108e-06
exceptional_point,0.17845421487754945,682.1683848569967,4.1891502762091054e-06,-1.9108481520399183e-06
exceptional_point,0.17845421487754945,682.5746793089663,4.152946955080382e-06,-1.8943827562533695e-06
exceptional_point,0.17845421487754945,682.980973760936,4.1170551728917524e-06,-1.8780585740722866e-06
exceptional_point,0.17845421487754945,683.3872682129056,4.0814722618747715e-06,-1.8618744009399662e-06
exceptional_point,0.17845421487754945,683.7935626648753,4.046195576976875e-06,-1.845829042510045e-06
exceptional_point,0.17845421487754945,684.1998571168449,4.0112224956688754e-06,-1.8299213145605154e-06
exceptional_point,0.17845421487754945,684.6061515688144,3.976550417754034e-06,-1.8141500429082901e-06
exceptional_point,0.17845421487754945,685.0124460207841,3.942176765180448e-06,-1.7985140633252802e-06
exceptional_point,0.17845421487754945,685.4187404727537,3.908098981851848e-06,-1.7830122214539354e-06
exceptional_point,0.17845421487754945,685.8250349247234,3.874314533443207e-06,-1.7676433727246295e-06
exceptional_point,0.17845421487754945,686.231329376693,3.8408209072162325e-06,-1.7524063822732547e-06
exceptional_point,0.17845421487754945,686.6376238286625,3.8076156118359696e-06,-1.7373001248591463e-06
exceptional_point,0.17845421487754945,687.0439182806322,3.7746961771910996e-06,-1.7223234847847405e-06
exceptional_point,0.17845421487754945,687.4502127326018,3.7420601542129617e-06,-1.7074753558146056e-06
exceptional_point,0.17845421487754945,687.8565071845715,3.7097051146981063e-06,-1.6927546410961001e-06
exceptional_point,0.17845421487754945,688.2628016365411,3.6776286511315984e-06,-1.6781602530803038e-06
exceptional_point,0.17845421487754945,688.6690960885107,3.6458283765119547e-06,-1.663691113443722e-06
exceptional_point,0.17845421487754945,689.0753905404803,3.6143019241771257e-06,-1.6493461530104186e-06
exceptional_point,0.17845421487754945,689.4816849924499,3.583046947633027e-06,-1.6351243116753184e-06
exceptional_point,0.17845421487754945,689.8879794444196,3.552061120381654e-06,-1.6210245383273222e-06
exceptional_point,0.17845421487754945,690.2942738963892,3.5213421357532305e-06,-1.6070457907741444e-06
exceptional_point,0.17845421487754945,690.7005683483588,3.490887706737259e-06,-1.5931870356667472e-06
exceptional_point,0.17845421487754945,691.1068628003285,3.4606955658164725e-06,-1.5794472484250474e-06
exceptional_point,0.17845421487754945,691.513157252298,3.4307634648008864e-06,-1.5658254131636799e-06
exceptional_point,0.17845421487754945,691.9194517042677,3.4010891746661108e-06,-1.552320522619529e-06
exceptional_point,0.17845421487754945,692.3257461562373,3.371670485388726e-06,-1.5389315780781748e-06
exceptional_point,0.17845421487754945,692.732040608207,3.3425052057870693e-06,-1.5256575893025503e-06
exceptional_point,0.17845421487754945,693.1383350601766,3.3135911633602776e-06,-1.512497574460944e-06
exceptional_point,0.17845421487754945,693.5446295121461,3.2849262041309118e-06,-1.4994505600565331e-06
exceptional_point,0.17845421487754945,693.9509239641158,3.2565081924886327e-06,-1.486515580857368e-06
exceptional_point,0.17845421487754945,694.3572184160854,3.22833501103202e-06,-1.473691679825658e-06
exceptional_point,0.17845421487754945,694.763512868055,3.2004045604184134e-06,-1.4609779080504048e-06
exceptional_point,0.17845421487754945,695.1698073200247,3.1727147592060357e-06,-1.4483733246768945e-06
exceptional_point,0.17845421487754945,695.5761017719943,3.145263543706559e-06,-1.435876996840496e-06
exceptional_point,0.17845421487754945,695.9823962239639,3.118048867832243e-06,-1.4234879995983572e-06
exceptional_point,0.17845421487754945,696.3886906759335,3.0910687029469537e-06,-1.41120541586264e-06
exceptional_point,0.17845421487754945,696.7949851279031,3.0643210377197345e-06,-1.3990283363349068e-06
exceptional_point,0.17845421487754945,697.2012795798728,3.0378038779765294e-06,-1.3869558594398006e-06
exceptional_point,0.17845421487754945,697.6075740318424,3.011515246554524e-06,-1.3749870912597615e-06
exceptional_point,0.17845421487754945,698.013868483812,2.985453183160009e-06,-1.3631211454713508e-06
exceptional_point,0.17845421487754945,698.4201629357816,2.9596157442235557e-06,-1.3513571432804272e-06
exceptional_point,0.17845421487754945,698.8264573877512,2.934001002758679e-06,-1.3396942133587976e-06
exceptional_point,0.17845421487754945,699.2327518397209,2.9086070482212994e-06,-1.3281314917812871e-06
exceptional_point,0.17845421487754945,699.6390462916905,2.8834319863703524e-06,-1.316668121963286e-06
exceptional_point,0.17845421487754945,700.0453407436602,2.8584739391293494e-06,-1.3053032545987582e-06
exceptional_point,0.17845421487754945,700.4516351956297,2.8337310444498753e-06,-1.2940360475990018e-06
exceptional_point,0.17845421487754945,700.8579296475993,2.809201456174415e-06,-1.282865666031317e-06
exceptional_point,0.17845421487754945,701.264224099569,2.784883343903683e-06,-1.2717912820594227e-06
exceptional_point,0.17845421487754945,701.6705185515386,2.760774892860151e-06,-1.2608120748824332e-06
exceptional_point,0.17845421487754945,702.0768130035083,2.7368743037576024e-06,-1.2499272306763261e-06
exceptional_point,0.17845421487754945,702.4831074554779,2.7131797926702433e-06,-1.239135942535245e-06
exceptional_point,0.17845421487754945,702.8894019074474,2.6896895908999115e-06,-1.2284374104121306e-06
exceptional_point,0.17845421487754945,703.2956963594171,2.6664019448488556e-06,-1.2178308410615752e-06
exceptional_point,0.17845421487754945,703.7019908113867,2.643315115890662e-06,-1.2073154479820448e-06
exceptional_point,0.17845421487754945,704.1082852633564,2.620427380243887e-06,-1.1968904513591878e-06
exceptional_point,0.17845421487754945,704.514579715326,2.5977370288458816e-06,-1.186555078009296e-06
exceptional_point,0.17845421487754945,704.9208741672956,2.5752423672276553e-06,-1.1763085613232296e-06
exceptional_point,0.17845421487754945,705.3271686192652,2.5529417153902814e-06,-1.1661501412109769e-06
exceptional_point,0.17845421487754945,705.7334630712348,2.530833407681686e-06,-1.1560790640464567e-06
exceptional_point,0.17845421487754945,706.1397575232045,2.508915792675298e-06,-1.1460945826130729e-06
exceptional_point,0.17845421487754945,706.5460519751741,2.4871872330489194e-06,-1.1361959560494468e-06
exceptional_point,0.17845421487754945,706.9523464271438,2.465646105465928e-06,-1.1263824497960834e-06
exceptional_point,0.17845421487754945,707.3586408791133,2.444290800455221e-06,-1.1166533355416228e-06
exceptional_point,0.17845421487754945,707.7649353310829,2.42311972229407e-06,-1.1070078911702611e-06
exceptional_point,0.17845421487754945,708.1712297830526,2.4021312888917544e-06,-1.0974454007095445e-06
exceptional_point,0.17845421487754945,708.5775242350222,2.3813239316734946e-06,-1.0879651542783793e-06
exceptional_point,0.17845421487754945,708.9838186869919,2.3606960954654616e-06,-1.0785664480354106e-06
exceptional_point,0.17845421487754945,709.3901131389615,2.3402462383809318e-06,-1.069248584127988e-06
exceptional_point,0.17845421487754945,709.796407590931,2.3199728317086333e-06,-1.0600108706420553e-06
exceptional_point,0.17845421487754945,710.2027020429007,2.2998743597992205e-06,-1.0508526215512545e-06
exceptional_point,0.17845421487754945,710.6089964948703,2.279949319954974e-06,-1.0417731566674469e-06
exceptional_point,0.17845421487754945,711.01529094684,2.260196222320167e-06,-1.0327718015915273e-06
exceptional_point,0.17845421487754945,711.4215853988096,2.2406135897716223e-06,-1.0238478876642964e-06
exceptional_point,0.17845421487754945,711.8278798507791,2.2211999578103655e-06,-1.0150007519179094e-06
exceptional_point,0.17845421487754945,712.2341743027488,2.201953874455005e-06,-1.006229737027976e-06
exceptional_point,0.17845421487754945,712.6404687547184,2.1828739001343425e-06,-9.975341912654316e-07
exceptional_point,0.17845421487754945,713.0467632066881,2.163958607583221e-06,-9.889134684497755e-07
exceptional_point,0.17845421487754945,713.4530576586577,2.1452065817369613e-06,-9.803669279016828e-07
exceptional_point,0.17845421487754945,713.8593521106274,2.1266164196278454e-06,-9.718939343966107e-07
exceptional_point,0.17845421487754945,714.2656465625969,2.1081867302829415e-06,-9.634938581188725e-07
exceptional_point,0.17845421487754945,714.6719410145665,2.0899161346212766e-06,-9.551660746155403e-07
exceptional_point,0.17845421487754945,715.0782354665362,2.0718032653534356e-06,-9.469099647513716e-07
exceptional_point,0.17845421487754945,715.4845299185058,2.0538467668810576e-06,-9.387249146636706e-07
exceptional_point,0.17845421487754945,715.8908243704755,2.0360452951976943e-06,-9.306103157178387e-07
exceptional_point,0.17845421487754945,716.2971188224451,2.018397517789389e-06,-9.225655644627151e-07
exceptional_point,0.17845421487754945,716.7034132744146,2.000902113538829e-06,-9.145900625875334e-07
exceptional_point,0.17845421487754945,717.1097077263843,1.9835577726261357e-06,-9.066832168774176e-07
exceptional_point,0.17845421487754945,717.5160021783539,1.9663631964345464e-06,-8.988444391710391e-07
exceptional_point,0.17845421487754945,717.9222966303236,1.949317097454511e-06,-8.910731463175227e-07
exceptional_point,0.17845421487754945,718.3285910822932,1.932418199189441e-06,-8.83368760134164e-07
exceptional_point,0.17845421487754945,718.7348855342627,1.9156652360617307e-06,-8.757307073642172e-07
exceptional_point,0.17845421487754945,719.1411799862324,1.8990569533198678e-06,-8.681584196352003e-07
exceptional_point,0.17845421487754945,719.547474438202,1.882592106947109e-06,-8.606513334178474e-07
exceptional_point,0.17845421487754945,719.9537688901717,1.8662694635696791e-06,-8.532088899849198e-07
exceptional_point,0.17845421487754945,720.3600633421413,1.8500878003655103e-06,-8.458305353702284e-07
exceptional_point,0.17845421487754945,720.766357794111,1.8340459049759717e-06,-8.385157203289406e-07
exceptional_point,0.17845421487754945,721.1726522460805,1.8181425754158038e-06,-8.312639002971866e-07
exceptional_point,0.17845421487754945,721.5789466980501,1.8023766199850342e-06,-8.240745353524585e-07
exceptional_point,0.17845421487754945,721.9852411500198,1.7867468571818902e-06,-8.169470901745017e-07
exceptional_point,0.17845421487754945,722.3915356019894,1.7712521156155072e-06,-8.098810340061042e-07
exceptional_point,0.17845421487754945,722.797830053959,1.755891233920155e-06,-8.028758406145766e-07
exceptional_point,0.17845421487754945,723.2041245059287,1.7406630606700617e-06,-7.959309882534622e-07
exceptional_point,0.17845421487754945,723.6104189578982,1.725566454294532e-06,-7.890459596244302e-07
exceptional_point,0.17845421487754945,724.0167134098679,1.710600282994475e-06,-7.822202418397452e-07
exceptional_point,0.17845421487754945,724.4230078618375,1.6957634246583168e-06,-7.754533263845366e-07
exceptional_point,0.17845421487754945,724.8293023138071,1.6810547667812866e-06,-7.687447090804414e-07
exceptional_point,0.17845421487754945,725.2355967657768,1.6664732063815037e-06,-7.620938900480111e-07
exceptional_point,0.17845421487754945,725.6418912177463,1.6520176499208798e-06,-7.555003736710663e-07
exceptional_point,0.17845421487754945,726.048185669716,1.637687013223391e-06,-7.489636685600306e-07
exceptional_point,0.17845421487754945,726.4544801216856,1.6234802213955372e-06,-7.424832875161962e-07
exceptional_point,0.17845421487754945,726.8607745736552,1.6093962087486137e-06,-7.360587474966987e-07
exceptional_point,0.17845421487754945,727.2670690256249,1.595433918718216e-06,-7.296895695784639e-07
exceptional_point,0.17845421487754945,727.6733634775945,1.5815923037884525e-06,-7.233752789240378e-07
exceptional_point,0.17845421487754945,728.0796579295641,1.5678703254135588e-06,-7.171154047464315e-07
exceptional_point,0.17845421487754945,728.4859523815337,1.5542669539427381e-06,-7.109094802752773e-07
exceptional_point,0.17845421487754945,728.8922468335033,1.5407811685428827e-06,-7.047570427221257e-07
exceptional_point,0.17845421487754945,729.298541285473,1.527411957125164e-06,-6.986576332474277e-07
exceptional_point,0.17845421487754945,729.7048357374426,1.5141583162694677e-06,-6.926107969265606e-07
exceptional_point,0.17845421487754945,730.1111301894122,1.501019251150571e-06,-6.86616082716658e-07
exceptional_point,0.17845421487754945,730.5174246413818,1.487993775465231e-06,-6.806730434238197e-07
exceptional_point,0.17845421487754945,730.9237190933515,1.4750809113599786e-06,-6.747812356706172e-07
exceptional_point,0.17845421487754945,731.3300135453211,1.4622796893583632e-06,-6.68940219863419e-07
stable_focus,0.1798139620137075,0.0,1.0,0.0
stable_focus,0.1798139620137075,0.4062944519696228,1.0041089420888099,-0.014231164351569583
stable_focus,0.1798139620137075,0.8125889039392457,1.007813891884612,-0.028212605937550157
stable_focus,0.1798139620137075,1.2188833559088685,1.0111205747644563,-0.041943983608561226
stable_focus,0.1798139620137075,1.6251778078784913,1.0140347497198652,-0.05542504508211968
stable_focus,0.1798139620137075,2.031472259848114,1.0165622068667828,-0.06865562549646322
stable_focus,0.1798139620137075,2.437766711817737,1.0187087649880646,-0.08163564596025666
stable_focus,0.1798139620137075,2.8440611637873596,1.0204802691087576,-0.09436511209873344
stable_focus,0.1798139620137075,3.2503556157569826,1.021882588104416,-0.10684411259681598
stable_focus,0.1798139620137075,3.6566500677266056,1.0229216123426768,-0.11907281773975065
stable_focus,0.1798139620137075,4.062944519696228,1.0236032513583004,-0.13105147795178412
stable_focus,0.1798139620137075,4.469238971665851,1.0239334315618807,-0.14278042233340074
stable_focus,0.1798139620137075,4.875533423635474,1.023918093982396,-0.15426005719762972
stable_focus,0.1798139620137075,5.281827875605097,1.023563192043775,-0.16549086460592533
stable_focus,0.1798139620137075,5.688122327574719,1.0228746893756253,-0.17647340090411243
stable_focus,0.1798139620137075,6.094416779544343,1.0218585576582644,-0.18720829525888286
stable_focus,0.1798139620137075,6.500711231513965,1.0205207745021794,-0.19769624819531803
stable_focus,0.1798139620137075,6.907005683483588,1.018867321362025,-0.20793803013590653
stable_focus,0.1798139620137075,7.313300135453211,1.0169041814852555,-0.217934479941515
stable_focus,0.1798139620137075,7.719594587422834,1.0146373378954805,-0.22768650345476263
stable_focus,0.1798139620137075,8.125889039392456,1.012072771410611,-0.23719507204624368
stable_focus,0.1798139620137075,8.53218349136208,1.0092164586958572,-0.24646122116402744
stable_focus,0.1798139620137075,8.938477943331701,1.0060743703516228,-0.2554860488868646
stable_focus,0.1798139620137075,9.344772395301325,1.0026524690363323,-0.26427071448151357
stable_focus,0.1798139620137075,9.751066847270948,0.9989567076242086,-0.2728164369645968
stable_focus,0.1798139620137075,10.15736129924057,0.9949930273980145,-0.2811244936693846
stable_focus,0.1798139620137075,10.563655751210193,0.9907673562767548,-0.28919621881789814
stable_focus,0.1798139620137075,10.969950203179817,0.9862856070783236,-0.2970330020987144
stable_focus,0.1798139620137075,11.376244655149439,0.9815536758170748,-0.30463628725084535
stable_focus,0.1798139620137075,11.782539107119062,0.976577440036277,-0.3120075706540596
stable_focus,0.1798139620137075,12.188833559088685,0.9713627571754081,-0.3191483999259993
stable_focus,0.1798139620137075,12.595128011058307,0.9659154629722276,-0.32606037252644604
stable_focus,0.1798139620137075,13.00142246302793,0.9602413698995649,-0.3327451343690709
stable_focus,0.1798139620137075,13.407716914997554,0.9543462656367369,-0.33920437844100393
stable_focus,0.1798139620137075,13.814011366967176,0.9482359115755126,-0.3454398434305458
stable_focus,0.1798139620137075,14.220305818936799,0.9419160413605223,-0.3514533123633347
stable_focus,0.1798139620137075,14.626600270906422,0.9353923594640028,-0.3572466112472813
stable_focus,0.1798139620137075,15.032894722876044,0.9286705397947639,-0.3628216077265613
stable_focus,0.1798139620137075,15.439189174845668,0.9217562243412422,-0.3681802097449677
stable_focus,0.1798139620137075,15.845483626815291,0.9146550218485147,-0.3733243642188941
stable_focus,0.1798139620137075,16.251778078784913,0.9073725065291172,-0.3782560557202325
stable_focus,0.1798139620137075,16.658072530754534,0.8999142168075209,-0.3829773051694469
stable_focus,0.1798139620137075,17.06436698272416,0.8922856540980998,-0.3874901685390831
stable_focus,0.1798139620137075,17.47066143469378,0.8844922816164206,-0.39179673556796485
stable_focus,0.1798139620137075,17.876955886663403,0.8765395232236737,-0.39589912848632025
stable_focus,0.1798139620137075,18.283250338633028,0.8684327623040605,-0.39979950075207094
stable_focus,0.1798139620137075,18.68954479060265,0.8601773406749419,-0.40350003579851373
stable_focus,0.1798139620137075,19.09583924257227,0.8517785575295418,-0.4070029457936135
stable_focus,0.1798139620137075,19.502133694541897,0.8432416684120032,-0.4103104704111184
stable_focus,0.1798139620137075,19.90842814651152,0.834571884224574,-0.41342487561370245
stable_focus,0.1798139620137075,20.31472259848114,0.8257743702667002,-0.4163484524483321
stable_focus,0.1798139620137075,20.721017050450765,0.8168542453057996,-0.41908351585404624
stable_focus,0.1798139620137075,21.127311502420387,0.8078165806794744,-0.42163240348233183
stable_focus,0.1798139620137075,21.53360595439001,0.7986663994289205,-0.42399747453026954
stable_focus,0.1798139620137075,21.939900406359634,0.7894086754632879,-0.4261811085866155
stable_focus,0.1798139620137075,22.346194858329255,0.7800483327547305,-0.42818570449098353
stable_focus,0.1798139620137075,22.752489310298877,0.7705902445638897,-0.43001367920627503
stable_focus,0.1798139620137075,23.158783762268502,0.76103923269554,-0.43166746670450873
stable_focus,0.1798139620137075,23.565078214238124,0.7514000667841302,-0.43314951686618397
stable_focus,0.1798139620137075,23.971372666207746,0.7416774636089358,-0.43446229439331463
stable_focus,0.1798139620137075,24.37766711817737,0.7318760864385472,-0.4356082777362545
stable_focus,0.1798139620137075,24.783961570146992,0.7220005444043984,-0.43658995803443773
stable_focus,0.1798139620137075,25.190256022116614,0.7120553919030528,-0.4374098380711415
stable_focus,0.1798139620137075,25.59655047408624,0.7020451280269424,-0.43807043124238043
stable_focus,0.1798139620137075,26.00284492605586,0.6919741960232627,-0.43857426054002857
stable_focus,0.1798139620137075,26.409139378025483,0.6818469827807185,-0.438923857549264
stable_focus,0.1798139620137075,26.815433829995108,0.6716678183438084,-0.4391217614604203
stable_focus,0.1798139620137075,27.22172828196473,0.6614409754543398,-0.4391705180953262
stable_focus,0.1798139620137075,27.62802273393435,0.6511706691198536,-0.43907267894820656
stable_focus,0.1798139620137075,28.034317185903976,0.640861056208641,-0.43883080024121107
stable_focus,0.1798139620137075,28.440611637873598,0.6305162350710283,-0.43844744199463587
stable_focus,0.1798139620137075,28.84690608984322,0.6201402451866006,-0.437925167111889
stable_focus,0.1798139620137075,29.253200541812845,0.6097370668370432,-0.43726654047925334
stable_focus,0.1798139620137075,29.659494993782467,0.5993106208042553,-0.43647412808048974
stable_focus,0.1798139620137075,30.06578944575209,0.5888647680934143,-0.4355504961263174
stable_focus,0.1798139620137075,30.472083897721713,0.5784033096806427,-0.43449821019880713
stable_focus,0.1798139620137075,30.878378349691335,0.5679299862849456,-0.4333198344107121
stable_focus,0.1798139620137075,31.284672801660957,0.5574484781640704,-0.43201793057975885
stable_focus,0.1798139620137075,31.690967253630582,0.546962404933949,-0.43059505741791615
stable_focus,0.1798139620137075,32.097261705600204,0.5364753254113758,-0.4290537697356512
stable_focus,0.1798139620137075,32.503556157569825,0.5259907374795687,-0.4273966176611796
stable_focus,0.1798139620137075,32.90985060953945,0.515512077976273,-0.42562614587471176
stable_focus,0.1798139620137075,33.31614506150907,0.505042722604048,-0.4237448928576889
stable_focus,0.1798139620137075,33.7224395134787,0.494585985862392,-0.42175539015700286
stable_focus,0.1798139620137075,34.12873396544832,0.48414512100134366,-0.4196601616641832
stable_focus,0.1798139620137075,34.53502841741794,0.47372331999621453,-0.41746172290953454
stable_focus,0.1798139620137075,34.94132286938756,0.4633237135430923,-0.41516258037120163
stable_focus,0.1798139620137075,35.347617321357184,0.45294937107475586,-0.4127652307991327
stable_focus,0.1798139620137075,35.753911773326806,0.44260330079665566,-0.41027216055391025
stable_focus,0.1798139620137075,36.160206225296434,0.4322884497425883,-0.40768584496041316
stable_focus,0.1798139620137075,36.566500677266056,0.422007703849719,-0.40500874767626727
stable_focus,0.1798139620137075,36.97279512923568,0.41176388805259156,-0.4022433200750421
stable_focus,0.1798139620137075,37.3790895812053,0.40155976639575897,-0.39939200064414243
stable_focus,0.1798139620137075,37.78538403317492,0.3913980421646933,-0.3964572143973425
stable_focus,0.1798139620137075,38.19167848514454,0.3812813580345986,-0.3934413723019062
stable_focus,0.1798139620137075,38.59797293711417,0.3712122962367823,-0.3903468707202305
stable_focus,0.1798139620137075,39.00426738908379,0.361193378742225,-0.3871760908659501
stable_focus,0.1798139620137075,39.410561841053415,0.3512270674619836,-0.38393139827443223
stable_focus,0.1798139620137075,39.81685629302304,0.3413157644640843,-0.3806151422875908
stable_focus,0.1798139620137075,40.22315074499266,0.3314618122065368,-0.3772296555529451
stable_focus,0.1798139620137075,40.62944519696228,0.321667493786127,-0.3737772535368424
stable_focus,0.1798139620137075,41.03573964893191,0.3119350332026233,-0.3702602340517634
stable_focus,0.1798139620137075,41.44203410090153,0.30226659563805014,-0.36668087679762457
stable_focus,0.1798139620137075,41.84832855287115,0.2926642877506753,-0.36304144291698864
stable_focus,0.1798139620137075,42.254623004840774,0.28313015798335694,-0.35934417456409173
stable_focus,0.1798139620137075,42.660917456810395,0.2736661968859069,-0.3555912944875914
stable_focus,0.1798139620137075,43.06721190878002,0.2642743374511143,-0.3517850056269389
stable_focus,0.1798139620137075,43.473506360749646,0.2549564554640914,-0.34792749072227497
stable_focus,0.1798139620137075,43.87980081271927,0.24571436986458794,-0.34402091193774514
stable_focus,0.1798139620137075,44.28609526468889,0.23654984312193694,-0.34006741049812855
stable_focus,0.1798139620137075,44.69238971665851,0.22746458162228467,-0.3360691063386725
stable_focus,0.1798139620137075,45.09868416862813,0.21846023606777332,-0.33202809776802156
stable_focus,0.1798139620137075,45.504978620597754,0.20953840188732542,-0.3279464611441259
stable_focus,0.1798139620137075,45.91127307256738,0.20070061965870423,-0.32382625056301595
stable_focus,0.1798139620137075,46.317567524537004,0.19194837554151523,-0.3196694975603223
stable_focus,0.1798139620137075,46.723861976506626,0.18328310172080997,-0.3154782108254224
stable_focus,0.1798139620137075,47.13015642847625,0.17470617686096646,-0.3112543759280898
stable_focus,0.1798139620137075,47.53645088044587,0.16621892656952308,-0.3069999550575249
stable_focus,0.1798139620137075,47.94274533241549,0.15782262387063128,-0.3027168867736351
stable_focus,0.1798139620137075,48.34903978438512,0.14951848968781356,-0.29840708577044167
stable_focus,0.1798139620137075,48.75533423635474,0.14130769333569848,-0.29407244265147936
stable_focus,0.1798139620137075,49.16162868832436,0.1331913530204204,-0.2897148237170586
stable_focus,0.1798139620137075,49.567923140293985,0.12517053634836783,-0.28533607076325535
stable_focus,0.1798139620137075,49.97421759226361,0.11724626084296486,-0.2809380008924952
stable_focus,0.1798139620137075,50.38051204423323,0.10941949446917976,-0.276522406335594
stable_focus,0.1798139620137075,50.78680649620286,0.10169115616544866,-0.27209105428511476
stable_focus,0.1798139620137075,51.19310094817248,0.09406211638271877,-0.2676456867399071
stable_focus,0.1798139620137075,51.5993954001421,0.08653319763029721,-0.26318802036068073
stable_focus,0.1798139620137075,52.00568985211172,0.07910517502822056,-0.25871974633647765
stable_focus,0.1798139620137075,52.411984304081344,0.07177877686583689,-0.2542425302618952
stable_focus,0.1798139620137075,52.818278756050965,0.06455468516632068,-0.24975801202491849
stable_focus,0.1798139620137075,53.22457320802059,0.05743353625681746,-0.24526780570521484
stable_focus,0.1798139620137075,53.630867659990216,0.05041592134394435,-0.24077349948274485
stable_focus,0.1798139620137075,54.03716211195984,0.04350238709435805,-0.2362766555565439
stable_focus,0.1798139620137075,54.44345656392946,0.036693436220104125,-0.23177881007352194
stable_focus,0.1798139620137075,54.84975101589908,0.029989528068485094,-0.22728147306713806
stable_focus,0.1798139620137075,55.2560454678687,0.023391079216161126,-0.22278612840579698
stable_focus,0.1798139620137075,55.662339919838324,0.01689846406721962,-0.21829423375081697
stable_focus,0.1798139620137075,56.06863437180795,0.010512015454943402,-0.21380722052382012
stable_focus,0.1798139620137075,56.474928823777574,0.004232025247020599,-0.2093264938833928
stable_focus,0.1798139620137075,56.881223275747196,-0.0019412550460737865,-0.20485343271086362
stable_focus,0.1798139620137075,57.28751772771682,-0.00800761365977598,-0.20038938960504749
stable_focus,0.1798139620137075,57.69381217968644,-0.013966877961456348,-0.1959356908858042
stable_focus,0.1798139620137075,58.10010663165606,-0.019818913834035,-0.19149363660625646
stable_focus,0.1798139620137075,58.50640108362569,-0.025563625057420936,-0.1870645005735147
stable_focus,0.1798139620137075,58.91269553559531,-0.03120095268802081,-0.18264953037775772
stable_focus,0.1798139620137075,59.31898998756493,-0.036730874436561756,-0.17824994742951228
stable_focus,0.1798139620137075,59.725284439534555,-0.04215340404446,-0.17386694700497993
stable_focus,0.1798139620137075,60.13157889150418,-0.04746859065896425,-0.16950169829925782
stable_focus,0.1798139620137075,60.5378733434738,-0.052676518207309675,-0.16515534448729863
stable_focus,0.1798139620137075,60.94416779544343,-0.05777730477009824,-0.16082900279245807
stable_focus,0.1798139620137075,61.35046224741305,-0.06277110195413904,-0.15652376456247305
stable_focus,0.1798139620137075,61.75675669938267,-0.06765809426495029,-0.1522406953527221
stable_focus,0.1798139620137075,62.16305115135229,-0.0724384984791493,-0.14798083501661205
stable_focus,0.1798139620137075,62.56934560332191,-0.0771125630169425,-0.14374519780293515
stable_focus,0.1798139620137075,62.975640055291535,-0.08168056731489479,-0.13953477246006152
stable_focus,0.1798139620137075,63.381934507261164,-0.08614282119924035,-0.1353505223467764
stable_focus,0.1798139620137075,63.788228959230786,-0.09049966425985786,-0.13119338554966128
stable_focus,0.1798139620137075,64.19452341120041,-0.09475146522517022,-0.1270642750068263
stable_focus,0.1798139620137075,64.60081786317004,-0.09889862133812222,-0.12296407863786603
stable_focus,0.1798139620137075,65.00711231513965,-0.10294155773344402,-0.11889365947987779
stable_focus,0.1798139620137075,65.41340676710928,-0.10688072681637628,-0.11485385582939815
stable_focus,0.1798139620137075,65.8197012190789,-0.11071660764303717,-0.11084548139010773
stable_focus,0.1798139620137075,66.22599567104852,-0.11444970530261947,-0.10686932542615268
stable_focus,0.1798139620137075,66.63229012301814,-0.11808055030157445,-0.10292615292094076
stable_focus,0.1798139620137075,67.03858457498777,-0.12160969794996711,-0.09901670474126104
stable_focus,0.1798139620137075,67.4448790269574,-0.1250377277501636,-0.0951416978065808
stable_focus,0.1798139620137075,67.85117347892701,-0.12836524278801117,-0.09130182526337896
stable_focus,0.1798139620137075,68.25746793089664,-0.13159286912667298,-0.08749775666436498
stable_focus,0.1798139620137075,68.66376238286625,-0.1347212552032752,-0.08373013815244448
stable_focus,0.1798139620137075,69.07005683483588,-0.13775107122851124,-0.07999959264928772
stable_focus,0.1798139620137075,69.47635128680551,-0.14068300858935942,-0.07630672004835772
stable_focus,0.1798139620137075,69.88264573877512,-0.14351777925505255,-0.07265209741225839
stable_focus,0.1798139620137075,70.28894019074475,-0.14625611518644582,-0.06903627917426196
stable_focus,0.1798139620137075,70.69523464271437,-0.1488987677489136,-0.06545979734387915
stable_focus,0.1798139620137075,71.101529094684,-0.15144650712891874,-0.06192316171633032
stable_focus,0.1798139620137075,71.50782354665361,-0.15390012175437537,-0.05842686008578463
stable_focus,0.1798139620137075,71.91411799862324,-0.15626041771893848,-0.05497135846222936
stable_focus,0.1798139620137075,72.32041245059287,-0.15852821821033986,-0.0515571012918367
stable_focus,0.1798139620137075,72.72670690256248,-0.1607043629428957,-0.048184511680691135
stable_focus,0.1798139620137075,73.13300135453211,-0.16278970759429487,-0.0448539916217511
stable_focus,0.1798139620137075,73.53929580650173,-0.1647851232467869,-0.04156592222490852
stable_focus,0.1798139620137075,73.94559025847136,-0.1666914958328803,-0.03832066395001744
stable_focus,0.1798139620137075,74.35188471044098,-0.16850972558564944,-0.03511855684276801
stable_focus,0.1798139620137075,74.7581791624106,-0.17024072649376354,-0.03195992077327213
stable_focus,0.1798139620137075,75.16447361438023,-0.17188542576132984,-0.028845055677238066
stable_focus,0.1798139620137075,75.57076806634984,-0.17344476327265046,-0.02577424179961029
stable_focus,0.1798139620137075,75.97706251831947,-0.17491969106198602,-0.022747739940548965
stable_focus,0.1798139620137075,76.38335697028909,-0.1763111727884134,-0.019765791703629274
stable_focus,0.1798139620137075,76.78965142225871,-0.17762018321586923,-0.01682861974613706
stable_focus,0.1798139620137075,77.19594587422834,-0.1788477076984543,-0.013936428031346757
stable_focus,0.1798139620137075,77.60224032619796,-0.1799947416710901,-0.011089402082657022
stable_focus,0.1798139620137075,78.00853477816759,-0.18106229014559344,-0.008287709239473397
stable_focus,0.1798139620137075,78.4148292301372,-0.18205136721225013,-0.005531498914720663
stable_focus,0.1798139620137075,78.82112368210683,-0.18296299554695583,-0.0028209028538706492
stable_focus,0.1798139620137075,79.22741813407644,-0.18379820592399335,-0.00015603539537567294
stable_focus,0.1798139620137075,79.63371258604607,-0.18455803673450835,0.0024630062676062104
stable_focus,0.1798139620137075,80.0400070380157,-0.18524353351074904,0.00503614182429934
stable_focus,0.1798139620137075,80.44630148998532,-0.18585574845612304,0.007563307582322766
stable_focus,0.1798139620137075,80.85259594195495,-0.18639573998113482,0.010044456202731958
stable_focus,0.1798139620137075,81.25889039392456,-0.18686457224524827,0.012479556434193989
stable_focus,0.1798139620137075,81.66518484589419,-0.1872633147047317,0.014868592846400089
stable_focus,0.1798139620137075,82.07147929786382,-0.1875930416665267,0.017211565562816507
stable_focus,0.1798139620137075,82.47777374983343,-0.1878548318481873,0.019508489992874096
stable_focus,0.1798139620137075,82.88406820180306,-0.18804976794393485,0.02175939656369556
stable_focus,0.1798139620137075,83.29036265377268,-0.188178936196859,0.023964330451456576
stable_focus,0.1798139620137075,83.6966571057423,-0.18824342597730997,0.026123351312478144
stable_focus,0.1798139620137075,84.10295155771192,-0.18824432936750635,0.028236533014138625
stable_focus,0.1798139620137075,84.50924600968155,-0.18818274075240046,0.0303039633657072
stable_focus,0.1798139620137075,84.91554046165118,-0.1880597564168159,0.032325743849179474
stable_focus,0.1798139620137075,85.32183491362079,-0.18787647414889627,0.03430198935021151
stable_focus,0.1798139620137075,85.72812936559042,-0.1876339928498793,0.0362328278892376
stable_focus,0.1798139620137075,86.13442381756003,-0.1873334121502179,0.03811840035285578
stable_focus,0.1798139620137075,86.54071826952966,-0.1869758320320698,0.03995886022556941
stable_focus,0.1798139620137075,86.94701272149929,-0.1865623524581713,0.04175437332196544
stable_focus,0.1798139620137075,87.3533071734689,-0.18609407300710332,0.04350511751941081
stable_focus,0.1798139620137075,87.75960162543853,-0.18557209251496493,0.045211282491347635
stable_focus,0.1798139620137075,88.16589607740815,-0.18499750872346396,0.04687306944126406
stable_focus,0.1798139620137075,88.57219052937778,-0.18437141793442785,0.048490690837419685
stable_focus,0.1798139620137075,88.97848498134739,-0.18369491467073923,0.05006437014839778
stable_focus,0.1798139620137075,89.38477943331702,-0.1829690913437018,0.051594341579559985
stable_focus,0.1798139620137075,89.79107388528665,-0.18219503792683092,0.05308084981047495
stable_focus,0.1798139620137075,90.19736833725626,-0.18137384163607093,0.054524149733390516
stable_focus,0.1798139620137075,90.6036627892259,-0.18050658661643154,0.05592450619281827
stable_focus,0.1798139620137075,91.00995724119551,-0.17959435363504028,0.05728219372630013
stable_focus,0.1798139620137075,91.41625169316514,-0.17863821978059816,0.05859749630641917
stable_focus,0.1798139620137075,91.82254614513477,-0.1776392581692308,0.05987070708412018
stable_focus,0.1798139620137075,92.22884059710438,-0.1765985376567239,0.061102128133405174
stable_focus,0.1798139620137075,92.63513504907401,-0.1755171225571237,0.062292070197459914
stable_focus,0.1798139620137075,93.04142950104362,-0.17439607236769158,0.06344085243627605
stable_focus,0.1798139620137075,93.44772395301325,-0.1732364415001916,0.06454880217582336
stable_focus,0.1798139620137075,93.85401840498287,-0.17203927901849145,0.06561625465882999
stable_focus,0.1798139620137075,94.2603128569525,-0.17080562838245725,0.06664355279722725
stable_focus,0.1798139620137075,94.66660730892212,-0.16953652719811538,0.0676310469263084
stable_focus,0.1798139620137075,95.07290176089174,-0.16823300697405913,0.06857909456065797
stable_focus,0.1798139620137075,95.47919621286137,-0.16689609288407378,0.06948806015189968
stable_focus,0.1798139620137075,95.88549066483098,-0.1655268035359483,0.07035831484831236
stable_focus,0.1798139620137075,96.29178511680061,-0.16412615074644857,0.0711902362563613
stable_focus,0.1798139620137075,96.69807956877024,-0.1626951393224173,0.07198420820419309
stable_focus,0.1798139620137075,97.10437402073985,-0.16123476684796884,0.07274062050713505
stable_focus,0.1798139620137075,97.51066847270948,-0.15974602347774647,0.07345986873524706
stable_focus,0.1798139620137075,97.9169629246791,-0.15822989173620186,0.07414235398296272
stable_focus,0.1798139620137075,98.32325737664873,-0.15668734632286435,0.0747884826408643
stable_focus,0.1798139620137075,98.72955182861834,-0.15511935392355977,0.07539866616962931
stable_focus,0.1798139620137075,99.13584628058797,-0.15352687302753826,0.07597332087618501
stable_focus,0.1798139620137075,99.5421407325576,-0.1519108537504704,0.07651286769210824
stable_focus,0.1798139620137075,99.94843518452721,-0.15027223766327116,0.07701773195430665
stable_focus,0.1798139620137075,100.35472963649684,-0.148611957626705,0.07748834318801173
stable_focus,0.1798139620137075,100.76102408846646,-0.1469309376317305,0.07792513489211918
stable_focus,0.1798139620137075,101.16731854043609,-0.14523009264553569,0.0783285443269052
stable_focus,0.1798139620137075,101.57361299240571,-0.1435103284632211,0.078699012304149
stable_focus,0.1798139620137075,101.97990744437533,-0.14177254156507887,0.0790369829796906
stable_focus,0.1798139620137075,102.38620189634496,-0.14001761897942117,0.07934290364844948
stable_focus,0.1798139620137075,102.79249634831457,-0.1382464381509052,0.07961722454192936
stable_focus,0.1798139620137075,103.1987908002842,-0.13645986681430922,0.07986039862823645
stable_focus,0.1798139620137075,103.60508525225382,-0.13465876287370082,0.08007288141463044
stable_focus,0.1798139620137075,104.01137970422344,-0.13284397428695083,0.08025513075263369
stable_focus,0.1798139620137075,104.41767415619307,-0.13101633895553402,0.08040760664571543
stable_focus,0.1798139620137075,104.82396860816269,-0.12917668461956688,0.08053077105957497
stable_focus,0.1798139620137075,105.23026306013232,-0.12732582875802265,0.0806250877350377
stable_focus,0.1798139620137075,105.63655751210193,-0.12546457849407167,0.08069102200358443
stable_focus,0.1798139620137075,106.04285196407156,-0.12359373050548764,0.08072904060552845
stable_focus,0.1798139620137075,106.44914641604117,-0.1217140709400627,0.08073961151085444
stable_focus,0.1798139620137075,106.8554408680108,-0.11982637533597314,0.08072320374273417
stable_focus,0.1798139620137075,107.26173531998043,-0.11793140854703908,0.08068028720373105
stable_focus,0.1798139620137075,107.66802977195005,-0.11602992467281535,0.08061133250470494
stable_focus,0.1798139620137075,108.07432422391967,-0.11412266699345447,0.08051681079642675
stable_focus,0.1798139620137075,108.48061867588929,-0.11221036790928464,0.08039719360391345
stable_focus,0.1798139620137075,108.88691312785892,-0.11029374888503617,0.08025295266349074
stable_focus,0.1798139620137075,109.29320757982855,-0.1083735203986581,0.08008455976258999
stable_focus,0.1798139620137075,109.69950203179816,-0.10645038189466353,0.07989248658228736
stable_focus,0.1798139620137075,110.10579648376779,-0.1045250217419388,0.07967720454258806
stable_focus,0.1798139620137075,110.5120909357374,-0.1025981171959556,0.07943918465046163
stable_focus,0.1798139620137075,110.91838538770703,-0.10067033436532137,0.07917889735062936
stable_focus,0.1798139620137075,111.32467983967665,-0.09874232818260623,0.07889681237910832
stable_focus,0.1798139620137075,111.73097429164628,-0.09681474237937979,0.07859339861951141
stable_focus,0.1798139620137075,112.1372687436159,-0.09488820946539711,0.07826912396210389
stable_focus,0.1798139620137075,112.54356319558552,-0.09296335071186564,0.0779244551656166
stable_focus,0.1798139620137075,112.94985764755515,-0.09104077613873056,0.07755985772181324
stable_focus,0.1798139620137075,113.35615209952476,-0.08912108450591526,0.07717579572281025
stable_focus,0.1798139620137075,113.76244655149439,-0.08720486330844615,0.076772731731145
stable_focus,0.1798139620137075,114.16874100346402,-0.08529268877540302,0.07635112665258861
stable_focus,0.1798139620137075,114.57503545543364,-0.08338512587262534,0.07591143961169773
stable_focus,0.1798139620137075,114.98132990740326,-0.08148272830911,0.07545412783010129
stable_focus,0.1798139620137075,115.38762435937288,-0.07958603854703562,0.07497964650751289
stable_focus,0.1798139620137075,115.79391881134251,-0.0776955878153464,0.07448844870546317
stable_focus,0.1798139620137075,116.20021326331212,-0.0758118961268305,0.07398098523374341
stable_focus,0.1798139620137075,116.60650771528175,-0.07393547229862671,0.07345770453955183
stable_focus,0.1798139620137075,117.01280216725138,-0.0720668139760949,0.07291905259933158
stable_focus,0.1798139620137075,117.419096619221,-0.0702064076599816,0.07236547281329167
stable_focus,0.1798139620137075,117.82539107119062,-0.06835472873681775,0.07179740590259834
stable_focus,0.1798139620137075,118.23168552316024,-0.0665122415124822,0.07121528980922541
stable_focus,0.1798139620137075,118.63797997512987,-0.06467939924886351,0.07061955959845194
stable_focus,0.1798139620137075,119.0442744270995,-0.06285664420355767,0.07001064736399205
stable_focus,0.1798139620137075,119.45056887906911,-0.061044407672533954,0.06938898213574536
stable_focus,0.1798139620137075,119.85686333103874,-0.059243110035702866,0.06875498979015142
stable_focus,0.1798139620137075,120.26315778300835,-0.057453160805325344,0.06810909296313492
stable_focus,0.1798139620137075,120.66945223497798,-0.05567495867719302,0.06745171096562431
stable_focus,0.1798139620137075,121.0757466869476,-0.0539088915845187,0.06678325970162956
stable_focus,0.1798139620137075,121.48204113891722,-0.052155336754470656,0.0661041515888591
stable_focus,0.1798139620137075,121.88833559088685,-0.05041466076728522,0.06541479548186224
stable_focus,0.1798139620137075,122.29463004285647,-0.048687219617899465,0.06471559659767685
stable_focus,0.1798139620137075,122.7009244948261,-0.04697335878003121,0.06400695644396358
stable_focus,0.1798139620137075,123.10721894679571,-0.04527341327265066,0.06328927274960902
stable_focus,0.1798139620137075,123.51351339876534,-0.043587707728777576,0.06256293939777824
stable_focus,0.1798139620137075,123.91980785073497,-0.041916556466538614,0.06182834636139467
stable_focus,0.1798139620137075,124.32610230270458,-0.04026026356242769,0.06108587964103054
stable_focus,0.1798139620137075,124.73239675467421,-0.03861912292670243,0.06033592120518303
stable_focus,0.1798139620137075,125.13869120664383,-0.03699341838085579,0.05957884893291752
stable_focus,0.1798139620137075,125.54498565861346,-0.03538342373711036,0.05881503655885821
stable_focus,0.1798139620137075,125.95128011058307,-0.03378940287984877,0.05804485362049464
stable_focus,0.1798139620137075,126.3575745625527,-0.03221160984895534,0.057268665407795384
stable_focus,0.1798139620137075,126.76386901452233,-0.030650288924980788,0.05648683291509505
stable_focus,0.1798139620137075,127.17016346649194,-0.029105674716081973,0.05569971279523636
stable_focus,0.1798139620137075,127.57645791846157,-0.027577992246674194,0.054907657315941986
stable_focus,0.1798139620137075,127.98275237043119,-0.02606745704773919,0.05411101431839407
stable_focus,0.1798139620137075,128.38904682240081,-0.024574275248728832,0.05331012717799452
stable_focus,0.1798139620137075,128.79534127437043,-0.023098643671006558,0.05250533476728376
stable_focus,0.1798139620137075,129.20163572634007,-0.021640749922769365,0.051696971420992444
stable_focus,0.1798139620137075,129.6079301783097,-0.020200772495394394,0.05088536690320046
stable_focus,0.1798139620137075,130.0142246302793,-0.01877888086115087,0.050070846376578146
stable_focus,0.1798139620137075,130.42051908224892,-0.017375235572225332,0.049253730373685405
stable_focus,0.1798139620137075,130.82681353421856,-0.015989988361000736,0.04843433477029959
stable_focus,0.1798139620137075,131.23310798618817,-0.014623282241537673,0.04761297076075007
stable_focus,0.1798139620137075,131.6394024381578,-0.013275251612200875,0.046789944835230066
stable_focus,0.1798139620137075,132.04569689012743,-0.01194602235937922,0.04596555875906027
stable_focus,0.1798139620137075,132.45199134209705,-0.010635711962245668,0.04514010955387852
stable_focus,0.1798139620137075,132.85828579406666,-0.009344429598502145,0.04431388948072649
stable_focus,0.1798139620137075,133.26458024603627,-0.008072276251060764,0.04348718602500847
stable_focus,0.1798139620137075,133.67087469800592,-0.006819344815608377,0.04266028188329389
stable_focus,0.1798139620137075,134.07716914997553,-0.005585720209001239,0.041833454951935974
stable_focus,0.1798139620137075,134.48346360194515,-0.004371479478444377,0.04100697831747968
stable_focus,0.1798139620137075,134.8897580539148,-0.003176691911401563,0.04018112024883172
stable_focus,0.1798139620137075,135.2960525058844,-0.002001419146189005,0.03935614419116343
stable_focus,0.1798139620137075,135.70234695785402,-0.0008457152832032897,0.038532308761519786
stable_focus,0.1798139620137075,136.10864140982363,0.00029037300326243174,0.03770986774610693
stable_focus,0.1798139620137075,136.51493586179328,0.001406806352664619,0.036889070099229045
stable_focus,0.1798139620137075,136.9212303137629,0.002503552605360855,0.03607015994384744
stable_focus,0.1798139620137075,137.3275247657325,0.0035805866893143523,0.03525337657373406
stable_focus,0.1798139620137075,137.73381921770215,0.004637890506397743,0.03443895445718905
stable_focus,0.1798139620137075,138.14011366967176,0.005675452818338222,0.033627123242298336
stable_focus,0.1798139620137075,138.54640812164138,0.006693269132350279,0.0328181077636978
stable_focus,0.1798139620137075,138.95270257361102,0.0076913415864992,0.032012128050820446
stable_focus,0.1798139620137075,139.35899702558063,0.008669678834835106,0.031209399337595926
stable_focus,0.1798139620137075,139.76529147755025,0.009628295932345116,0.030410132073573997
stable_focus,0.1798139620137075,140.17158592951986,0.010567214219759289,0.029614531936445105
stable_focus,0.1798139620137075,140.5778803814895,0.011486461208254035,0.028822799845929017
stable_focus,0.1798139620137075,140.98417483345912,0.012386070464093428,0.028035131979003196
stable_focus,0.1798139620137075,141.39046928542874,0.01326608149324618,0.027251719786443238
stable_focus,0.1798139620137075,141.79676373739838,0.014126539626017239,0.026472750010647347
stable_focus,0.1798139620137075,142.203058189368,0.01496749590173379,0.0256984047047162
stable_focus,0.1798139620137075,142.6093526413376,0.015789006953520243,0.024928861252760948
stable_focus,0.1798139620137075,143.01564709330722,0.016591134893201475,0.024164292391411286
stable_focus,0.1798139620137075,143.42194154527687,0.017373947196368734,0.023404866232495197
stable_focus,0.1798139620137075,143.82823599724648,0.018137516587644294,0.02265074628686375
stable_focus,0.1798139620137075,144.2345304492161,0.01888192092617819,0.0219020914893327
stable_focus,0.1798139620137075,144.64082490118574,0.019607243091414494,0.021159056224712976
stable_focus,0.1798139620137075,145.04711935315535,0.02031357086915527,0.020421790354903258
stable_focus,0.1798139620137075,145.45341380512497,0.02100099683795913,0.019690439247018063
stable_focus,0.1798139620137075,145.85970825709458,0.021669618255905215,0.018965143802522202
stable_focus,0.1798139620137075,146.26600270906422,0.022319536947752457,0.018246040487346044
stable_focus,0.1798139620137075,146.67229716103384,0.022950859192525836,0.017533261362955826
stable_focus,0.1798139620137075,147.07859161300345,0.023563695611561228,0.016826934118348274
stable_focus,0.1798139620137075,147.4848860649731,0.024158161057034517,0.016127182102947838
stable_focus,0.1798139620137075,147.8911805169427,0.02473437450100617,0.015434124360377163
stable_focus,0.1798139620137075,148.29747496891233,0.02529245892500955,0.014747875663074518
stable_focus,0.1798139620137075,148.70376942088197,0.02583254121020827,0.014068546547733835
stable_focus,0.1798139620137075,149.11006387285158,0.02635475202815036,0.013396243351540054
stable_focus,0.1798139620137075,149.5163583248212,0.026859225732146115,0.012731068249174055
stable_focus,0.1798139620137075,149.9226527767908,0.027346100249292966,0.012073119290562494
stable_focus,0.1798139620137075,150.32894722876046,0.02781551697317376,0.011422490439346667
stable_focus,0.1798139620137075,150.73524168073007,0.028267620657251434,0.010779271612045001
stable_focus,0.1798139620137075,151.14153613269968,0.028702559308984188,0.010143548717884908
stable_focus,0.1798139620137075,151.54783058466933,0.029120484084683384,0.009515403699278517
stable_focus,0.1798139620137075,151.95412503663894,0.029521549185136584,0.008894914572918558
stable_focus,0.1798139620137075,152.36041948860856,0.029905911752016616,0.008282155471469233
stable_focus,0.1798139620137075,152.76671394057817,0.030273731765098805,0.007677196685828677
stable_focus,0.1798139620137075,153.1730083925478,0.03062517194030543,0.0070801047079386914
stable_focus,0.1798139620137075,153.57930284451743,0.03096039762859642,0.006490942274118922
stable_focus,0.1798139620137075,153.98559729648704,0.031279576715727654,0.005909768408900351
stable_focus,0.1798139620137075,154.3918917484567,0.03158287952289294,0.0053366384693370105
stable_focus,0.1798139620137075,154.7981862004263,0.03187047870826798,0.004771604189771852
stable_focus,0.1798139620137075,155.20448065239592,0.03214254916947409,0.004214713727033989
stable_focus,0.1798139620137075,155.61077510436553,0.03239926794697811,0.0036660117060452533
stable_focus,0.1798139620137075,156.01706955633517,0.03264081412844317,0.0031255392658142427
stable_focus,0.1798139620137075,156.4233640083048,0.032867368754047915,0.002593334105794804
stable_focus,0.1798139620137075,156.8296584602744,0.03307911472278682,0.0020694305325885927
stable_focus,0.1798139620137075,157.23595291224404,0.03327623669976655,0.0015538595069691983
stable_focus,0.1798139620137075,157.64224736421366,0.03345892102451404,0.0010466486912074037
stable_focus,0.1798139620137075,158.04854181618327,0.03362735562030345,0.0005478224966767261
stable_focus,0.1798139620137075,158.4548362681529,0.03378172990452346,5.740213171744592e-05
stable_focus,0.1798139620137075,158.86113072012253,0.03392223470008744,-0.00042459435025930846
stable_focus,0.1798139620137075,159.26742517209215,0.03404906214790504,-0.0008981520024489535
stable_focus,0.1798139620137075,159.67371962406176,0.03416240562042202,-0.0013632589361320974
stable_focus,0.1798139620137075,160.0800140760314,0.034262459636240014,-0.0018199062719729015
stable_focus,0.1798139620137075,160.48630852800102,0.03434941977582552,-0.002268088091157161
stable_focus,0.1798139620137075,160.89260297997063,0.034423482598318636,-0.0027078013863898833
stable_focus,0.1798139620137075,161.29889743194028,0.03448484555944776,-0.0031390460127687313
stable_focus,0.1798139620137075,161.7051918839099,0.034533706930560806,-0.0035618246385545815
stable_focus,0.1798139620137075,162.1114863358795,0.034570265718779546,-0.003976142695855092
stable_focus,0.1798139620137075,162.51778078784912,0.03459472158828399,-0.004382008331240383
stable_focus,0.1798139620137075,162.92407523981876,0.03460727478273443,-0.0047794323563077595
stable_focus,0.1798139620137075,163.33036969178838,0.034608126048835536,-0.005168428198213016
stable_focus,0.1798139620137075,163.736664143758,0.03459747656105161,-0.005549011850185864
stable_focus,0.1798139620137075,164.14295859572763,0.03457552784747307,-0.005921201822044567
stable_focus,0.1798139620137075,164.54925304769725,0.03454248171684418,-0.006285019090728198
stable_focus,0.1798139620137075,164.95554749966686,0.03449854018675324,-0.006640487050861417
stable_focus,0.1798139620137075,165.36184195163648,0.03444390541298863,-0.0069876314653674635
stable_focus,0.1798139620137075,165.76813640360612,0.034378779620066933,-0.007326480416146402
stable_focus,0.1798139620137075,166.17443085557574,0.03430336503293295,-0.007657064254831382
stable_focus,0.1798139620137075,166.58072530754535,0.03421786380983577,-0.007979415553640859
stable_focus,0.1798139620137075,166.987019759515,0.03412247797638328,-0.008293569056339043
stable_focus,0.1798139620137075,167.3933142114846,0.03401740936077447,-0.008599561629319777
stable_focus,0.1798139620137075,167.79960866345422,0.03390285953021368,-0.008897432212828666
stable_focus,0.1798139620137075,168.20590311542384,0.03377902972850541,-0.00918722177233635
stable_focus,0.1798139620137075,168.61219756739348,0.033646120814831496,-0.009468973250076743
stable_focus,0.1798139620137075,169.0184920193631,0.0335043332037089,-0.009742731516763579
stable_focus,0.1798139620137075,169.4247864713327,0.03335386680612919,-0.01000854332349783
stable_focus,0.1798139620137075,169.83108092330235,0.033194920971879524,-0.01026645725387978
stable_focus,0.1798139620137075,170.23737537527197,0.033027694433040725,-0.01051652367633634
stable_focus,0.1798139620137075,170.64366982724158,0.03285238524866536,-0.010758794696677563
stable_focus,0.1798139620137075,171.04996427921122,0.03266919075062986,-0.010993324110892854
stable_focus,0.1798139620137075,171.45625873118084,0.03247830749066106,-0.011220167358198741
stable_focus,0.1798139620137075,171.86255318315045,0.03227993118853346,-0.011439381474350184
stable_focus,0.1798139620137075,172.26884763512007,0.032074256681434384,-0.011651025045225152
stable_focus,0.1798139620137075,172.6751420870897,0.031861477874493546,-0.011855158160694145
stable_focus,0.1798139620137075,173.08143653905933,0.03164178769247447,-0.01205184236878481
stable_focus,0.1798139620137075,173.48773099102894,0.03141537803262176,-0.012241140630151314
stable_focus,0.1798139620137075,173.89402544299858,0.031182439718661727,-0.01242311727285907
stable_focus,0.1798139620137075,174.3003198949682,0.03094316245595202,-0.012597837947493987
stable_focus,0.1798139620137075,174.7066143469378,0.030697734787772688,-0.012765369582605364
stable_focus,0.1798139620137075,175.11290879890743,0.03044634405275723,-0.012925780340492105
stable_focus,0.1798139620137075,175.51920325087707,0.03018917634345543,-0.013079139573340426
stable_focus,0.1798139620137075,175.92549770284668,0.02992641646602316,-0.013225517779721564
stable_focus,0.1798139620137075,176.3317921548163,0.029658247901033163,-0.013364986561458405
stable_focus,0.1798139620137075,176.73808660678594,0.029384852765400905,-0.013497618580868304
stable_focus,0.1798139620137075,177.14438105875556,0.029106411775417448,-0.01362348751838977
stable_focus,0.1798139620137075,177.55067551072517,0.028823104210884673,-0.013742668030601165
stable_focus,0.1798139620137075,177.95696996269479,0.028535107880344225,-0.013855235708637916
stable_focus,0.1798139620137075,178.36326441466443,0.028242599087393145,-0.013961267037015493
stable_focus,0.1798139620137075,178.76955886663404,0.027945752598079267,-0.014060839352864741
stable_focus,0.1798139620137075,179.17585331860366,0.027644741609368154,-0.014154030805586212
stable_focus,0.1798139620137075,179.5821477705733,0.0273397377186733,-0.014240920316929055
stable_focus,0.1798139620137075,179.98844222254291,0.02703091089444249,-0.014321587541501545
stable_focus,0.1798139620137075,180.39473667451253,0.026718429447790234,-0.014396112827717343
stable_focus,0.1798139620137075,180.80103112648217,0.026402460005169517,-0.01446457717918461
stable_focus,0.1798139620137075,181.2073255784518,0.0260831674820726,-0.014527062216542068
stable_focus,0.1798139620137075,181.6136200304214,0.025760715057752518,-0.014583650139747063
stable_focus,0.1798139620137075,182.01991448239102,0.02543526415095611,-0.014634423690820967
stable_focus,0.1798139620137075,182.42620893436066,0.02510697439665917,-0.01467946611705603
stable_focus,0.1798139620137075,182.83250338633027,0.02477600362379398,-0.01471886113468743
stable_focus,0.1798139620137075,183.2387978382999,0.024442507833959615,-0.014752692893035903
stable_focus,0.1798139620137075,183.64509229026953,0.024106641181105636,-0.014781045939123336
stable_focus,0.1798139620137075,184.05138674223915,0.023768555952178323,-0.014804005182765716
stable_focus,0.1798139620137075,184.45768119420876,0.023428402548719918,-0.014821655862146725
stable_focus,0.1798139620137075,184.86397564617837,0.023086329469410485,-0.014834083509874816
stable_focus,0.1798139620137075,185.27027009814802,0.02274248329354153,-0.014841373919527069
stable_focus,0.1798139620137075,185.67656455011763,0.022397008665411805,-0.014843613112682582
stable_focus,0.1798139620137075,186.08285900208725,0.02205004827963323,-0.014840887306447276
stable_focus,0.1798139620137075,186.4891534540569,0.021701742867337292,-0.014833282881473304
stable_focus,0.1798139620137075,186.8954479060265,0.021352231183270284,-0.01482088635047436
stable_focus,0.1798139620137075,187.30174235799612,0.02100164999376729,-0.014803784327239815
stable_focus,0.1798139620137075,187.70803680996573,0.020650134065592272,-0.014782063496148091
stable_focus,0.1798139620137075,188.11433126193538,0.02029781615563441,-0.014755810582181743
stable_focus,0.1798139620137075,188.520625713905,0.01994482700144882,-0.01472511232144518
stable_focus,0.1798139620137075,188.9269201658746,0.01959129531263051,-0.014690055432186629
stable_focus,0.1798139620137075,189.33321461784425,0.019237347763009376,-0.014650726586324332
stable_focus,0.1798139620137075,189.73950906981386,0.018883108983655725,-0.014607212381478569
stable_focus,0.1798139620137075,190.14580352178348,0.018528701556683923,-0.014559599313510068
stable_focus,0.1798139620137075,190.5520979737531,0.01817424600984296,-0.014507973749564551
stable_focus,0.1798139620137075,190.95839242572274,0.017819860811881562,-0.014452421901624353
stable_focus,0.1798139620137075,191.36468687769235,0.017465662368676926,-0.014393029800566606
stable_focus,0.1798139620137075,191.77098132966196,0.01711176502011456,-0.014329883270728504
stable_focus,0.1798139620137075,192.1772757816316,0.01675828103770735,-0.01426306790497852
stable_focus,0.1798139620137075,192.58357023360122,0.016405320622942327,-0.01419266904029417
stable_focus,0.1798139620137075,192.98986468557084,0.01605299190634285,-0.01411877173384449
stable_focus,0.1798139620137075,193.39615913754048,0.015701400947234257,-0.014041460739577943
stable_focus,0.1798139620137075,193.8024535895101,0.015350651734200867,-0.013960820485312983
stable_focus,0.1798139620137075,194.2087480414797,0.015000846186222555,-0.013876935050332483
stable_focus,0.1798139620137075,194.61504249344932,0.014652084154478592,-0.013789888143478498
stable_focus,0.1798139620137075,195.02133694541897,0.014304463424806303,-0.013699763081747548
stable_focus,0.1798139620137075,195.42763139738858,0.013958079720803922,-0.013606642769384723
stable_focus,0.1798139620137075,195.8339258493582,0.013613026707563024,-0.013510609677474023
stable_focus,0.1798139620137075,196.24022030132784,0.013269395996021192,-0.013411745824024369
stable_focus,0.1798139620137075,196.64651475329745,0.012927277147920649,-0.013310132754548664
stable_focus,0.1798139620137075,197.05280920526707,0.012586757681362061,-0.013205851523133846
stable_focus,0.1798139620137075,197.45910365723668,0.01224792307694089,-0.013098982674000281
stable_focus,0.1798139620137075,197.86539810920632,0.011910856784454265,-0.012989606223547409
stable_focus,0.1798139620137075,198.27169256117594,0.011575640230166466,-0.012877801642884032
stable_focus,0.1798139620137075,198.67798701314555,0.011242352824620914,-0.012763647840840203
stable_focus,0.1798139620137075,199.0842814651152,0.01091107197098657,-0.012647223147458083
stable_focus,0.1798139620137075,199.4905759170848,0.01058187307392709,-0.012528605297959383
stable_focus,0.1798139620137075,199.89687036905443,0.010254829548980311,-0.012407871417185804
stable_focus,0.1798139620137075,200.30316482102404,0.009930012832436691,-0.01228509800451049
stable_focus,0.1798139620137075,200.70945927299368,0.009607492391704175,-0.012160360919216184
stable_focus,0.1798139620137075,201.1157537249633,0.009287335736148873,-0.012033735366338264
stable_focus,0.1798139620137075,201.5220481769329,0.008969608428397786,-0.011905295882967817
stable_focus,0.1798139620137075,201.92834262890256,0.008654374096094212,-0.01177511632501303
stable_focus,0.1798139620137075,202.33463708087217,0.008341694444092208,-0.011643269854413996
stable_focus,0.1798139620137075,202.74093153284178,0.008031629267079777,-0.011509828926808161
stable_focus,0.1798139620137075,203.14722598481143,0.00772423646261799,-0.01137486527964241
stable_focus,0.1798139620137075,203.55352043678104,0.007419572044586379,-0.011238449920728585
stable_focus,0.1798139620137075,203.95981488875066,0.007117690157020808,-0.01110065311723744
stable_focus,0.1798139620137075,204.36610934072027,0.006818643088334663,-0.010961544385128738
stable_focus,0.1798139620137075,204.77240379268991,0.006522481285910423,-0.01082119247901177
stable_focus,0.1798139620137075,205.17869824465953,0.006229253371051593,-0.01067966538243399
stable_focus,0.1798139620137075,205.58499269662914,0.005939006154282815,-0.01053703029859203
stable_focus,0.1798139620137075,205.9912871485988,0.0056517846509877845,-0.01039335364146203
stable_focus,0.1798139620137075,206.3975816005684,0.005367632097373762,-0.010248701027344452
stable_focus,0.1798139620137075,206.80387605253802,0.005086589966751688,-0.010103137266819193
stable_focus,0.1798139620137075,207.21017050450763,0.0048086979861209685,-0.009956726357106668
stable_focus,0.1798139620137075,207.61646495647727,0.004533994153048645,-0.009809531474830399
stable_focus,0.1798139620137075,208.0227594084469,0.004262514752831779,-0.00966161496917626
stable_focus,0.1798139620137075,208.4290538604165,0.003994294375932384,-0.009513038355444535
stable_focus,0.1798139620137075,208.83534831238615,0.0037293659356753537,-0.009363862308989376
stable_focus,0.1798139620137075,209.24164276435576,0.0034677606861976454,-0.009214146659541617
stable_focus,0.1798139620137075,209.64793721632537,0.0032095082406396313,-0.009063950385909774
stable_focus,0.1798139620137075,210.054231668295,0.0029546365895676153,-0.008913331611054846
stable_focus,0.1798139620137075,210.46052612026463,0.0027031721196178063,-0.008762347597533979
stable_focus,0.1798139620137075,210.86682057223425,0.0024551396323517012,-0.008611054743307828
stable_focus,0.1798139620137075,211.27311502420386,0.002210562363312817,-0.00845950857790744
stable_focus,0.1798139620137075,211.6794094761735,0.0019694620012750833,-0.008307763758955172
stable_focus,0.1798139620137075,212.08570392814312,0.0017318587076735243,-0.00815587406903475
stable_focus,0.1798139620137075,212.49199838011273,0.0014977711362067771,-0.008003892412905987
stable_focus,0.1798139620137075,212.89829283208235,0.0012672164526031982,-0.00785187081505833
stable_focus,0.1798139620137075,213.304587284052,0.0010402103545397805,-0.007699860417599042
stable_focus,0.1798139620137075,213.7108817360216,0.0008167670917062881,-0.0075479114784705505
stable_focus,0.1798139620137075,214.11717618799122,0.0005968994860036501,-0.007396073369991662
stable_focus,0.1798139620137075,214.52347063996086,0.000380618951868995,-0.00724439457771815
stable_focus,0.1798139620137075,214.92976509193048,0.0001679355167179684,-0.007092922699617124
stable_focus,0.1798139620137075,215.3360595439001,-4.1142158504936234e-05,-0.006941704445550107
stable_focus,0.1798139620137075,215.74235399586973,-0.00024660675867603846,-0.006790785637059894
stable_focus,0.1798139620137075,216.14864844783935,-0.000448452293750834,-0.006640211207455976
stable_focus,0.1798139620137075,216.55494289980896,-0.0006466740779401367,-0.006490025202193011
stable_focus,0.1798139620137075,216.96123735177858,-0.0008412687088114177,-0.006340270779537699
stable_focus,0.1798139620137075,217.36753180374822,-0.0010322340463241526,-0.00619099021151857
stable_focus,0.1798139620137075,217.77382625571784,-0.0012195691918070824,-0.006042224885153486
stable_focus,0.1798139620137075,218.18012070768745,-0.0014032744668855497,-0.00589401530394977
stable_focus,0.1798139620137075,218.5864151596571,-0.001583351392366299,-0.005746401089671808
stable_focus,0.1798139620137075,218.9927096116267,-0.0017598026670881354,-0.005599420984370721
stable_focus,0.1798139620137075,219.39900406359632,-0.001932632146745423,-0.005453112852671277
stable_focus,0.1798139620137075,219.80529851556594,-0.0021018448226924995,-0.005307513684310314
stable_focus,0.1798139620137075,220.21159296753558,-0.002267446800735666,-0.0051626595969221705
stable_focus,0.1798139620137075,220.6178874195052,-0.0024294452799209125,-0.005018585839065445
stable_focus,0.1798139620137075,221.0241818714748,-0.0025878485313234707,-0.004875326793486077
stable_focus,0.1798139620137075,221.43047632344445,-0.0027426658768472233,-0.004732915980611538
stable_focus,0.1798139620137075,221.83677077541407,-0.0028939076680398546,-0.004591386062271348
stable_focus,0.1798139620137075,222.24306522738368,-0.0030415852649314525,-0.004450768845638128
stable_focus,0.1798139620137075,222.6493596793533,-0.0031857110149023106,-0.004311095287384737
stable_focus,0.1798139620137075,223.05565413132294,-0.0033262982315872256,-0.004172395498051944
stable_focus,0.1798139620137075,223.46194858329255,-0.0034633611738217043,-0.00403469874662186
stable_focus,0.1798139620137075,223.86824303526217,-0.003596915024637796,-0.0038980334652918345
stable_focus,0.1798139620137075,224.2745374872318,-0.0037269758703138097,-0.0037624272544439373
stable_focus,0.1798139620137075,224.68083193920143,-0.0038535606794857873,-0.0036279068878049903
stable_focus,0.1798139620137075,225.08712639117104,-0.003976687282325168,-0.003494498317792015
stable_focus,0.1798139620137075,225.49342084314068,-0.004096374349789149,-0.0033622266810383467
stable_focus,0.1798139620137075,225.8997152951103,-0.00421264137294951,-0.0032311163040953566
stable_focus,0.1798139620137075,226.3060097470799,-0.004325508642404428,-0.0031011907093048035
stable_focus,0.1798139620137075,226.71230419904953,-0.004434997227780377,-0.0029724726208370253
stable_focus,0.1798139620137075,227.11859865101917,-0.004541128957327307,-0.0028449839708901115
stable_focus,0.1798139620137075,227.52489310298878,-0.004643926397613904,-0.0027187459060452547
stable_focus,0.1798139620137075,227.9311875549584,-0.004743412833327733,-0.0025937787937731754
stable_focus,0.1798139620137075,228.33748200692804,-0.0048396122471837215,-0.0024701022290875394
stable_focus,0.1798139620137075,228.74377645889766,-0.004932549299947861,-0.0023477350413397564
stable_focus,0.1798139620137075,229.15007091086727,-0.005022249310579329,-0.0022266953011512358
stable_focus,0.1798139620137075,229.55636536283689,-0.005108738236496183,-0.0021070003274779115
stable_focus,0.1798139620137075,229.96265981480653,-0.005192042653968688,-0.0019886666948028117
stable_focus,0.1798139620137075,230.36895426677614,-0.00527218973864503,-0.0018717102404516976
stable_focus,0.1798139620137075,230.77524871874576,-0.005349207246213228,-0.001756146072027531
stable_focus,0.1798139620137075,231.1815431707154,-0.005423123493203536,-0.0016419885749590635
stable_focus,0.1798139620137075,231.58783762268502,-0.005493967337935059,-0.0015292514201592482
stable_focus,0.1798139620137075,231.99413207465463,-0.005561768161610853,-0.001417947571788871
stable_focus,0.1798139620137075,232.40042652662424,-0.005626555849564647,-0.0013080892951210677
stable_focus,0.1798139620137075,232.8067209785939,-0.005688360772663311,-0.001199688164502514
stable_focus,0.1798139620137075,233.2130154305635,-0.005747213768868077,-0.0010927550714068034
stable_focus,0.1798139620137075,233.61930988253312,-0.00580314612495861,-0.0009873002325757494
stable_focus,0.1798139620137075,234.02560433450276,-0.005856189558422404,-0.000883333198244545
stable_focus,0.1798139620137075,234.43189878647237,-0.00590637619951304,-0.0007808628604466296
stable_focus,0.1798139620137075,234.838193238442,-0.005953738573480484,-0.0006798974613937485
stable_focus,0.1798139620137075,235.2444876904116,-0.005998309582976144,-0.0005804446019277347
stable_focus,0.1798139620137075,235.65078214238125,-0.006040122490635599,-0.0004825112500393959
stable_focus,0.1798139620137075,236.05707659435086,-0.006079210901841442,-0.0003861037494509729
stable_focus,0.1798139620137075,236.46337104632047,-0.006115608747669695,-0.0002912278282578657
stable_focus,0.1798139620137075,236.86966549829012,-0.006149350268021161,-0.00019788860762599535
stable_focus,0.1798139620137075,237.27595995025973,-0.00618046999494094,-0.00010609061054095545
stable_focus,0.1798139620137075,237.68225440222935,-0.006209002736128065,-1.5837770604858314e-05
stable_focus,0.1798139620137075,238.088548854199,-0.006234983558637687,7.286655912245011e-05
stable_focus,0.1798139620137075,238.4948433061686,-0.006258447772777571,0.00016001959724186316
stable_focus,0.1798139620137075,238.90113775813822,-0.006279430916201303,0.0002456191250965331
stable_focus,0.1798139620137075,239.30743221010783,-0.006297968738199594,0.0003296634778202479
stable_focus,0.1798139620137075,239.71372666207748,-0.006314097184192114,0.00041215153535606046
stable_focus,0.1798139620137075,240.1200211140471,-0.006327852380420949,0.0004930827134487304
stable_focus,0.1798139620137075,240.5263155660167,-0.006339270618847833,0.0005724569546145179
stable_focus,0.1798139620137075,240.93261001798635,-0.006348388342255957,0.0006502747190913954
stable_focus,0.1798139620137075,241.33890446995596,-0.0063552421295586465,0.0007265369757734213
stable_focus,0.1798139620137075,241.74519892192558,-0.006359868681315755,0.0008012451931323361
stable_focus,0.1798139620137075,242.1514933738952,-0.006362304805458383,0.0008744013301294935
stable_focus,0.1798139620137075,242.55778782586484,-0.006362587403224758,0.000946007827121652
stable_focus,0.1798139620137075,242.96408227783445,-0.006360753455306415,0.0010160675967634967
stable_focus,0.1798139620137075,243.37037672980406,-0.0063568400082069315,0.0010845840149100172
stable_focus,0.1798139620137075,243.7766711817737,-0.006350884160813346,0.0011515609115216273
stable_focus,0.1798139620137075,244.18296563374332,-0.006342923051182062,0.0012170025615755257
stable_focus,0.1798139620137075,244.58926008571294,-0.006332993843538125,0.0012809136759853758
stable_focus,0.1798139620137075,244.99555453768255,-0.006321133715490896,0.0013432993925330341
stable_focus,0.1798139620137075,245.4018489896522,-0.00630737984546422,0.0014041652668143848
stable_focus,0.1798139620137075,245.8081434416218,-0.006291769400343548,0.0014635172632025757
stable_focus,0.1798139620137075,246.21443789359142,-0.006274339523339258,0.0015213617458311767
stable_focus,0.1798139620137075,246.62073234556107,-0.006255127322066562,0.0015777054695996773
stable_focus,0.1798139620137075,247.02702679753068,-0.0062341698568428834,0.0016325555712044697
stable_focus,0.1798139620137075,247.4333212495003,-0.006211504129201937,0.0016859195601971648
stable_focus,0.1798139620137075,247.83961570146994,-0.006187167070625553,0.001737805310073477
stable_focus,0.1798139620137075,248.24591015343955,-0.006161195531492266,0.001788221049394351
stable_focus,0.1798139620137075,248.65220460540917,-0.006133626270243287,0.0018371753529423582
stable_focus,0.1798139620137075,249.05849905737878,-0.00610449594276562,0.0018846771329153772
stable_focus,0.1798139620137075,249.46479350934843,-0.006073841091991794,0.0019307356301598482
stable_focus,0.1798139620137075,249.87108796131804,-0.006041698137716232,0.0019753604054460684
stable_focus,0.1798139620137075,250.27738241328765,-0.006008103366627822,0.002018561330786771
stable_focus,0.1798139620137075,250.6836768652573,-0.005973092922558165,0.002060348580803315
stable_focus,0.1798139620137075,251.0899713172269,-0.005936702796945185,0.002100732624138583
stable_focus,0.1798139620137075,251.49626576919653,-0.005898968819511541,0.002139724214920978
stable_focus,0.1798139620137075,251.90256022116614,-0.005859926649157078,0.002177334384280287
stable_focus,0.1798139620137075,252.30885467313578,-0.0058196117650648905,0.002213574431917929
stable_focus,0.1798139620137075,252.7151491251054,-0.005778059458019979,0.002248455917732878
stable_focus,0.1798139620137075,253.121443577075,-0.005735304821940116,0.0022819906535057085
stable_focus,0.1798139620137075,253.52773802904466,-0.005691382745617579,0.002314190694641953
stable_focus,0.1798139620137075,253.93403248101427,-0.005646327904671429,0.002345068331976888
stable_focus,0.1798139620137075,254.34032693298388,-0.005600174753708854,0.00237463608364331
stable_focus,0.1798139620137075,254.7466213849535,-0.005552957518694875,0.002402906687003627
stable_focus,0.1798139620137075,255.15291583692314,-0.005504710189529429,0.0024298930906484985
stable_focus,0.1798139620137075,255.55921028889276,-0.005455466512830371,0.00245560844646264
stable_focus,0.1798139620137075,255.96550474086237,-0.005405259984921642,0.0024800661017601727
stable_focus,0.1798139620137075,256.371799192832,-0.005354123845025094,0.0025032795914901873
stable_focus,0.1798139620137075,256.77809364480163,-0.005302091068654999,0.002525262630514511
stable_focus,0.1798139620137075,257.1843880967713,-0.005249194361213591,0.0025460291059583484
stable_focus,0.1798139620137075,257.59068254874086,-0.005195466151786737,0.002565593069635858
stable_focus,0.1798139620137075,257.9969770007105,-0.005140938587138013,0.0025839687305511225
stable_focus,0.1798139620137075,258.40327145268014,-0.00508564352589982,0.0026011704474762248
stable_focus,0.1798139620137075,258.80956590464973,-0.005029612532960236,0.002617212721607328
stable_focus,0.1798139620137075,259.2158603566194,-0.0049728768740440145,0.0026321101892999785
stable_focus,0.1798139620137075,259.62215480858896,-0.004915467510485936,0.0026458776148845283
stable_focus,0.1798139620137075,260.0284492605586,-0.004857415094195528,0.002658529883562866
stable_focus,0.1798139620137075,260.43474371252825,-0.004798749962810898,0.002670081994387278
stable_focus,0.1798139620137075,260.84103816449783,-0.004739502135040284,0.0026805490533222936
stable_focus,0.1798139620137075,261.2473326164675,-0.00467970130618988,0.0026899462663907523
stable_focus,0.1798139620137075,261.6536270684371,-0.004619376843875775,0.0026982889329043927
stable_focus,0.1798139620137075,262.0599215204067,-0.004558557783918536,0.0027055924387801135
stable_focus,0.1798139620137075,262.46621597237635,-0.004497272826418666,0.0027118722499426744
stable_focus,0.1798139620137075,262.872510424346,-0.004435550332010901,0.002717143905814193
stable_focus,0.1798139620137075,263.2788048763156,-0.0043734183182957825,0.002721423012891526
stable_focus,0.1798139620137075,263.6850993282852,-0.00431090445644645,0.0027247252384118748
stable_focus,0.1798139620137075,264.09139378025486,-0.004248036067988834,0.0027270663041072656
stable_focus,0.1798139620137075,264.49768823222445,-0.004184840121753398,0.002728461980048536
stable_focus,0.1798139620137075,264.9039826841941,-0.004121343230996232,0.002728928078579182
stable_focus,0.1798139620137075,265.31027713616373,-0.004057571650687945,0.0027284804483396607
stable_focus,0.1798139620137075,265.7165715881333,-0.003993551274967996,0.0027271349683824944
stable_focus,0.1798139620137075,266.12286604010296,-0.003929307634762605,0.0027249075423786072
stable_focus,0.1798139620137075,266.52916049207255,-0.00386486589556437,0.0027218140929152384
stable_focus,0.1798139620137075,266.9354549440422,-0.003800250855371138,0.0027178705558856824
stable_focus,0.1798139620137075,267.34174939601183,-0.003735486942782623,0.002713092874971351
stable_focus,0.1798139620137075,267.7480438479814,-0.003670598215252124,0.002707496996216029
stable_focus,0.1798139620137075,268.15433829995106,-0.003605608357491711,0.0027010988626929564
stable_focus,0.1798139620137075,268.5606327519207,-0.003540540680028454,0.0026939144092645384
stable_focus,0.1798139620137075,268.9669272038903,-0.0034754181179098326,0.0026859595574351735
stable_focus,0.1798139620137075,269.37322165585994,-0.0034102632295558715,0.002677250210296941
stable_focus,0.1798139620137075,269.7795161078296,-0.0033450981957561256,0.002667802247568522
stable_focus,0.1798139620137075,270.18581055979917,-0.003279944818809422,0.002657631520727328
stable_focus,0.1798139620137075,270.5921050117688,-0.0032148245218036444,0.0026467538482346643
stable_focus,0.1798139620137075,270.99839946373845,-0.0031497583480342016,0.0026351850108541678
stable_focus,0.1798139620137075,271.40469391570804,-0.003084766960558267,0.0026229407470633043
stable_focus,0.1798139620137075,271.8109883676777,-0.0030198706418829674,0.0026100367485579297
stable_focus,0.1798139620137075,272.21728281964727,-0.0029550892937853504,0.0025964886558497427
stable_focus,0.1798139620137075,272.6235772716169,-0.0028904424372615794,0.0025823120539564997
stable_focus,0.1798139620137075,273.02987172358655,-0.0028259492126036624,0.002567522468184909
stable_focus,0.1798139620137075,273.43616617555614,-0.0027616283796009417,0.0025521353600058442
stable_focus,0.1798139620137075,273.8424606275258,-0.0026974983178646114,0.0025361661230218673
stable_focus,0.1798139620137075,274.2487550794954,-0.002633577027272736,0.0025196300790266244
stable_focus,0.1798139620137075,274.655049531465,-0.002569882128533596,0.0025025424741559233
stable_focus,0.1798139620137075,275.06134398343465,-0.0025064308638652107,0.0024849184751301844
stable_focus,0.1798139620137075,275.4676384354043,-0.002443240097788887,0.00246677316558798
stable_focus,0.1798139620137075,275.8739328873739,-0.002380326318034303,0.002448121542510246
stable_focus,0.1798139620137075,276.2802273393435,-0.0023177056365540805,0.0024289785127347076
stable_focus,0.1798139620137075,276.68652179131317,-0.002255393790645752,0.0024093588895604543
stable_focus,0.1798139620137075,277.09281624328275,-0.0021934061441786046,0.002389277389441772
stable_focus,0.1798139620137075,277.4991106952524,-0.0021317576889233556,0.0023687486287712455
stable_focus,0.1798139620137075,277.90540514722204,-0.002070463045982607,0.0023477871207512836
stable_focus,0.1798139620137075,278.3116995991916,-0.0020095364673193825,0.002326407272353839
stable_focus,0.1798139620137075,278.71799405116127,-0.0019489918373821443,0.002304623381367711
stable_focus,0.1798139620137075,279.12428850313086,-0.0018888426748237253,0.0022824496335329385
stable_focus,0.1798139620137075,279.5305829551005,-0.0018291021343119483,0.002259900099761637
stable_focus,0.1798139620137075,279.93687740707014,-0.0017697830084300893,0.002236988733444905
stable_focus,0.1798139620137075,280.3431718590397,-0.0017108977296646372,0.002213729367844994
stable_focus,0.1798139620137075,280.74946631100937,-0.0016524583724783744,0.002190135713572292
stable_focus,0.1798139620137075,281.155760762979,-0.0015944766554666435,0.0021662213561464724
stable_focus,0.1798139620137075,281.5620552149486,-0.0015369639435945763,0.00214199975364109
stable_focus,0.1798139620137075,281.96834966691824,-0.0014799312505131238,0.0021174842344110567
stable_focus,0.1798139620137075,282.3746441188879,-0.0014233892409519096,0.0020926879949023057
stable_focus,0.1798139620137075,282.7809385708575,-0.0013673482331866132,0.0020676240975429283
stable_focus,0.1798139620137075,283.1872330228271,-0.0013118182015788749,0.0020423054687150406
stable_focus,0.1798139620137075,283.59352747479676,-0.0012568087791866417,0.0020167448968068684
stable_focus,0.1798139620137075,283.99982192676634,-0.001202329260442834,0.001990955030343966
stable_focus,0.1798139620137075,284.406116378736,-0.0011483886039002707,0.0019649483761991944
stable_focus,0.1798139620137075,284.81241083070563,-0.0010949954350408537,0.00193873729788045
stable_focus,0.1798139620137075,285.2187052826752,-0.001042158049146871,0.0019123340138954576
stable_focus,0.1798139620137075,285.62499973464486,-0.0009898844142325297,0.0018857505961928597
stable_focus,0.1798139620137075,286.03129418661445,-0.0009381821740335894,0.0018589989686787537
stable_focus,0.1798139620137075,286.4375886385841,-0.0008870586510531266,0.0018320909058079423
stable_focus,0.1798139620137075,286.84388309055373,-0.0008365208496615886,0.0018050380312490113
stable_focus,0.1798139620137075,287.2501775425233,-0.0007865754592489189,0.0017778518166224307
stable_focus,0.1798139620137075,287.65647199449296,-0.0007372288574270785,0.001750543580310858
stable_focus,0.1798139620137075,288.0627664464626,-0.0006884871132808511,0.0017231244863407885
stable_focus,0.1798139620137075,288.4690608984322,-0.0006403559906650345,0.0016956055433346264
stable_focus,0.1798139620137075,288.87535535040183,-0.0005928409515463028,0.001667997603532515
stable_focus,0.1798139620137075,289.2816498023715,-0.0005459471593875862,0.0016403113618827124
stable_focus,0.1798139620137075,289.68794425434106,-0.0004996794825733567,0.0016125573551999857
stable_focus,0.1798139620137075,290.0942387063107,-0.0004540424978738252,0.0015847459613909268
stable_focus,0.1798139620137075,290.50053315828035,-0.00040904049394633577,0.00155688739874534
stable_focus,0.1798139620137075,290.90682761024993,-0.00036467747487203616,0.0015289917252928019
stable_focus,0.1798139620137075,291.3131220622196,-0.0003209571637261288,0.0015010688382234888
stable_focus,0.1798139620137075,291.71941651418916,-0.0002778830061799948,0.001473128473372383
stable_focus,0.1798139620137075,292.1257109661588,-0.0002354581741332272,0.0014451802047658298
stable_focus,0.1798139620137075,292.53200541812845,-0.00019368556937418764,0.001417233444229752
stable_focus,0.1798139620137075,292.93829987009804,-0.000152567827267028,0.0013892974410582974
stable_focus,0.1798139620137075,293.3445943220677,-0.00011210732046367001,0.0013613812817421579
stable_focus,0.1798139620137075,293.7508887740373,-7.230616263923258e-05,0.0013334938897557036
stable_focus,0.1798139620137075,294.1571832260069,-3.3166212248937854e-05,0.0013056440254017713
stable_focus,0.1798139620137075,294.56347767797655,5.310923694943113e-06,0.0012778402857132934
stable_focus,0.1798139620137075,294.9697721299462,4.312388582759645e-05,0.001250091104410882
stable_focus,0.1798139620137075,295.3760665819158,8.027155861942485e-05,0.001222404751915282
stable_focus,0.1798139620137075,295.7823610338854,0.0001167530665485205,0.0011947893354137921
stable_focus,0.1798139620137075,296.18865548585507,0.00015256777025929563,0.001167252798979796
stable_focus,0.1798139620137075,296.59494993782465,0.00018771526270892336,0.0011398029237442886
stable_focus,0.1798139620137075,297.0012443897943,0.00022219536530301444,0.0011124473281185756
stable_focus,0.1798139620137075,297.40753884176394,0.00025600812402196816,0.0010851934680671342
stable_focus,0.1798139620137075,297.8138332937335,0.0002891538055394993,0.0010580486374296867
stable_focus,0.1798139620137075,298.22012774570317,0.00032163289333476714,0.0010310199682915329
stable_focus,0.1798139620137075,298.62642219767275,0.0003534460837994164,0.0010041144314012133
stable_focus,0.1798139620137075,299.0327166496424,0.00038459428234105807,0.000977338836634477
stable_focus,0.1798139620137075,299.43901110161204,0.00041507859948435776,0.0009506998335037417
stable_focus,0.1798139620137075,299.8453055535816,0.0004449003469712649,0.0009242039117119276
stable_focus,0.1798139620137075,300.25160000555127,0.00047406103386156255,0.0008978574017498044
stable_focus,0.1798139620137075,300.6578944575209,0.000502562362635069,0.0008716664755359231
stable_focus,0.1798139620137075,301.0641889094905,0.0005304062252966603,0.0008456371470981902
stable_focus,0.1798139620137075,301.47048336146014,0.0005575946994856645,0.0008197752732960063
stable_focus,0.1798139620137075,301.8767778134298,0.0005841300445903297,0.0007940865545822439
stable_focus,0.1798139620137075,302.28307226539937,0.0006100146978691154,0.0007685765358039652
stable_focus,0.1798139620137075,302.689366717369,0.0006352512705796368,0.0007432506070409696
stable_focus,0.1798139620137075,303.09566116933865,0.0006598425441164234,0.0007181140044813701
stable_focus,0.1798139620137075,303.50195562130824,0.0006837914661588505,0.0006931718113330522
stable_focus,0.1798139620137075,303.9082500732779,0.0007071011468300348,0.000668428958770292
stable_focus,0.1798139620137075,304.31454452524747,0.0007297748548681369,0.0006438902269145223
stable_focus,0.1798139620137075,304.7208389772171,0.0007518160138107389,0.0006195602458483316
stable_focus,0.1798139620137075,305.12713342918676,0.0007732281981936641,0.0005954434966617912
stable_focus,0.1798139620137075,305.53342788115634,0.0007940151297650983,0.0005715443125302805
stable_focus,0.1798139620137075,305.939722333126,0.0008141806737159687,0.0005478668798227508
stable_focus,0.1798139620137075,306.3460167850956,0.0008337288349276644,0.0005244152392397271
stable_focus,0.1798139620137075,306.7523112370652,0.0008526637542380232,0.0005011932869800258
stable_focus,0.1798139620137075,307.15860568903486,0.0008709897047264258,0.0004782047759353054
stable_focus,0.1798139620137075,307.5649001410045,0.0008887110880189256,0.000455453316911691
stable_focus,0.1798139620137075,307.9711945929741,0.0009058324306144389,0.0004329423798774745
stable_focus,0.1798139620137075,308.37748904494373,0.0009223583802326209,0.0004106752952360716
stable_focus,0.1798139620137075,308.7837834969134,0.000938293702184458,0.00038865525512343747
stable_focus,0.1798139620137075,309.19007794888296,0.0009536432757662654,0.0003668853147289646
stable_focus,0.1798139620137075,309.5963724008526,0.000968412090677985,0.00034536839363915196
stable_focus,0.1798139620137075,310.00266685282224,0.0009826052434664526,0.00032410727720310744
stable_focus,0.1798139620137075,310.40896130479183,0.0009962279339944737,0.000303104617919124
stable_focus,0.1798139620137075,310.8152557567615,0.0010092854619363875,0.00028236293684143584
stable_focus,0.1798139620137075,311.22155020873106,0.001021783223300808,0.0002618846250064567
stable_focus,0.1798139620137075,311.6278446607007,0.001033726706981291,0.00024167194487750553
stable_focus,0.1798139620137075,312.03413911267035,0.0010451214913355538,0.0002217270318074428
stable_focus,0.1798139620137075,312.44043356463993,0.0010559732407938718,0.00020205189551824123
stable_focus,0.1798139620137075,312.8467280166096,0.0010662877024973014,0.00018264842159680685
stable_focus,0.1798139620137075,313.2530224685792,0.001076070702966364,0.00016351837300625262
stable_focus,0.1798139620137075,313.6593169205488,0.0010853281448006786,0.00014466339161183623
stable_focus,0.1798139620137075,314.06561137251845,0.0010940660034101937,0.00012608499972081608
stable_focus,0.1798139620137075,314.4719058244881,0.001102290323778537,0.00010778460163552102
stable_focus,0.1798139620137075,314.8782002764577,0.0011100072172590132,8.976348521877257e-05
stable_focus,0.1798139620137075,315.2844947284273,0.0011172228584036342,7.202282347106748e-05
stable_focus,0.1798139620137075,315.69078918039696,0.001123943481825854,5.456367611872906e-05
stable_focus,0.1798139620137075,316.09708363236655,0.0011301753790974565,3.7386991212227874e-05
stable_focus,0.1798139620137075,316.5033780843362,0.0011359248956797148,2.0493606734177062e-05
stable_focus,0.1798139620137075,316.9096725363058,0.0011411984278897563,3.884252216071346e-06
stable_focus,0.1798139620137075,317.3159669882754,0.001146002419902123,-1.2440449636761376e-05
stable_focus,0.1798139620137075,317.72226144024506,0.001150343360786163,-2.847998131275452e-05
stable_focus,0.1798139620137075,318.12855589221465,0.001154227781579383,-4.42339288548399e-05
stable_focus,0.1798139620137075,318.5348503441843,0.0011576622523974472,-5.9701980215117404e-05
stable_focus,0.1798139620137075,318.94114479615394,0.0011606533795808082,-7.488392360395564e-05
stable_focus,0.1798139620137075,319.3474392481235,0.0011632078028784934,-8.977964583426538e-05
stable_focus,0.1798139620137075,319.75373370009316,0.0011653321926693204,-0.0001043891306615697
stable_focus,0.1798139620137075,320.1600281520628,0.0011670332472206917,-0.00011871245712043013
stable_focus,0.1798139620137075,320.5663226040324,0.0011683176899854404,-0.00013274979785794932
stable_focus,0.1798139620137075,320.97261705600204,0.0011691922669367673,-0.00014650141746485367
stable_focus,0.1798139620137075,321.3789115079717,0.0011696637439416234,-0.00015996767080480524
stable_focus,0.1798139620137075,321.78520595994127,0.0011697389041726818,-0.00017314900134249517
stable_focus,0.1798139620137075,322.1915004119109,0.0011694245455591723,-0.00018604593947116487
stable_focus,0.1798139620137075,322.59779486388055,0.0011687274782766423,-0.00019865910084001734
stable_focus,0.1798139620137075,323.00408931585014,0.0011676545222759052,-0.00021098918468214587
stable_focus,0.1798139620137075,323.4103837678198,0.001166212504851275,-0.0002230369721435176
stable_focus,0.1798139620137075,323.81667821978937,0.0011644082582482466,-0.0002348033246135265
stable_focus,0.1798139620137075,324.222972671759,0.0011622486173106814,-0.0002462891820576653
stable_focus,0.1798139620137075,324.62926712372865,0.0011597404171676596,-0.00025749556135280387
stable_focus,0.1798139620137075,325.03556157569824,0.0011568904909600782,-0.000268423554625626
stable_focus,0.1798139620137075,325.4418560276679,0.0011537056676069989,-0.0002790743275946802
stable_focus,0.1798139620137075,325.8481504796375,0.0011501927696118896,-0.0002894491179165526
stable_focus,0.1798139620137075,326.2544449316071,0.0011463586109087475,-0.0002995492335366286
stable_focus,0.1798139620137075,326.66073938357675,0.0011422099947481737,-0.00030937605104495184
stable_focus,0.1798139620137075,327.0670338355464,0.001137753711623335,-0.0003189310140375544
stable_focus,0.1798139620137075,327.473328287516,0.0011329965372358973,-0.00032821563148379345
stable_focus,0.1798139620137075,327.8796227394856,0.001127945230501885,-0.000337231476100096
stable_focus,0.1798139620137075,328.28591719145527,0.0011226065315974691,-0.0003459801827305425
stable_focus,0.1798139620137075,328.69221164342486,0.0011169871600445187,-0.00035446344673468463
stable_focus,0.1798139620137075,329.0985060953945,0.0011110938128361292,-0.00036268302238308907
stable_focus,0.1798139620137075,329.50480054736414,0.0011049331626017205,-0.0003706407212608885
stable_focus,0.1798139620137075,329.9110949993337,0.001098511855811942,-0.0003783384106798311
stable_focus,0.1798139620137075,330.31738945130337,0.0010918365110230953,-0.0003857780120991717
stable_focus,0.1798139620137075,330.72368390327296,0.0010849137171610832,-0.0003929614995557699
stable_focus,0.1798139620137075,331.1299783552426,0.001077750031844697,-0.00039989089810375897
stable_focus,0.1798139620137075,331.53627280721224,0.0010703519797481973,-0.0004065682822641546
stable_focus,0.1798139620137075,331.9425672591818,0.001062726051002997,-0.00041299577448472937
stable_focus,0.1798139620137075,332.34886171115147,0.0010548786996383288,-0.0004191755436105173
stable_focus,0.1798139620137075,332.7551561631211,0.0010468163420607266,-0.000425109803365208
stable_focus,0.1798139620137075,333.1614506150907,0.0010385453555722226,-0.00043080081084384097
stable_focus,0.1798139620137075,333.56774506706034,0.0010300720769269582,-0.00043625086501701625
stable_focus,0.1798139620137075,333.97403951903,0.0010214028009261392,-0.0004414623052469572
stable_focus,0.1798139620137075,334.3803339709996,0.0010125437790511308,-0.00044643750981576127
stable_focus,0.1798139620137075,334.7866284229692,0.0010035012181344159,-0.00045117889446601666
stable_focus,0.1798139620137075,335.19292287493886,0.0009942812790682504,-0.0004556889109541263
stable_focus,0.1798139620137075,335.59921732690844,0.0009848900755508674,-0.0004599700456166119
stable_focus,0.1798139620137075,336.0055117788781,0.000975333672869812,-0.0004640248179495812
stable_focus,0.1798139620137075,336.4118062308477,0.0009656180867224312,-0.0004678557792016835
stable_focus,0.1798139620137075,336.8181006828173,0.0009557492820729929,-0.0004714655109807231
stable_focus,0.1798139620137075,337.22439513478696,0.0009457331720463962,-0.00047485662387418073
stable_focus,0.1798139620137075,337.63068958675655,0.0009355756168581374,-0.0004780317560839215
stable_focus,0.1798139620137075,338.0369840387262,0.0009252824227801997,-0.0004809935720751495
stable_focus,0.1798139620137075,338.44327849069583,0.0009148593411427014,-0.00048374476123998796
stable_focus,0.1798139620137075,338.8495729426654,0.000904312067370956,-0.00048628803657575266
stable_focus,0.1798139620137075,339.25586739463506,0.0008936462400576479,-0.0004886261333781589
stable_focus,0.1798139620137075,339.6621618466047,0.0008828674400698492,-0.0004907618079496168
stable_focus,0.1798139620137075,340.0684562985743,0.000871981189690568,-0.0004926978363227828
stable_focus,0.1798139620137075,340.47475075054393,0.000860992951794552,-0.0004944370129995882
stable_focus,0.1798139620137075,340.8810452025136,0.0008499081290579304,-0.0004959821497057661
stable_focus,0.1798139620137075,341.28733965448316,0.000838732063201503,-0.0004973360741611816
stable_focus,0.1798139620137075,341.6936341064528,0.0008274700342672605,-0.0004985016288659673
stable_focus,0.1798139620137075,342.09992855842245,0.0008161272599278309,-0.000499481669902682
stable_focus,0.1798139620137075,342.50622301039203,0.0008047088948285282,-0.0005002790657545731
stable_focus,0.1798139620137075,342.9125174623617,0.0007932200299616124,-0.0005008966961400635
stable_focus,0.1798139620137075,343.31881191433126,0.0007816656920725069,-0.0005013374508635919
stable_focus,0.1798139620137075,343.7251063663009,0.0007700508430974845,-0.000501604228682855
stable_focus,0.1798139620137075,344.13140081827055,0.000758380379632625,-0.000501699936192627
stable_focus,0.1798139620137075,344.53769527024014,0.0007466591324335348,-0.0005016274867251572
stable_focus,0.1798139620137075,344.9439897222098,0.0007348918659455531,-0.0005013897992672565
stable_focus,0.1798139620137075,345.3502841741794,0.0007230832778640835,-0.0005009897973942009
stable_focus,0.1798139620137075,345.756578626149,0.0007112379987246006,-0.0005004304082204029
stable_focus,0.1798139620137075,346.16287307811865,0.0006993605915220267,-0.0004997145613670202
stable_focus,0.1798139620137075,346.5691675300883,0.0006874555513590895,-0.000498845187946471
stable_focus,0.1798139620137075,346.9754619820579,0.000675527305123251,-0.0004978252195639717
stable_focus,0.1798139620137075,347.3817564340275,0.0006635802111918156,-0.0004966575873360637
stable_focus,0.1798139620137075,347.78805088599717,0.0006516185591649214,-0.0004953452209262336
stable_focus,0.1798139620137075,348.19434533796675,0.0006396465696258867,-0.000493891047597598
stable_focus,0.1798139620137075,348.6006397899364,0.0006276683939286002,-0.0004922979912826793
stable_focus,0.1798139620137075,349.006934241906,0.0006156881140115925,-0.0004905689716703508
stable_focus,0.1798139620137075,349.4132286938756,0.0006037097422382896,-0.0004887069033098521
stable_focus,0.1798139620137075,349.81952314584527,0.0005917372212631464,-0.00048671469473197514
stable_focus,0.1798139620137075,350.22581759781485,0.0005797744239232076,-0.0004845952475873561
stable_focus,0.1798139620137075,350.6321120497845,0.0005678251531546954,-0.00048235145580189965
stable_focus,0.1798139620137075,351.03840650175414,0.0005558931419342596,-0.00047998620474928817
stable_focus,0.1798139620137075,351.4447009537237,0.000543982053244435,-0.000477502370440602
stable_focus,0.1798139620137075,351.85099540569337,0.0005320954800629283,-0.0004749028187309703
stable_focus,0.1798139620137075,352.257289857663,0.0005202369453753331,-0.0004721904045432698
stable_focus,0.1798139620137075,352.6635843096326,0.0005084099022108492,-0.00046936797110881743
stable_focus,0.1798139620137075,353.06987876160224,0.0004966177337006003,-0.00046643834922498965
stable_focus,0.1798139620137075,353.4761732135719,0.0004848637531581527,-0.0004634043565297839
stable_focus,0.1798139620137075,353.88246766554147,0.00047315120418181685,-0.00046026879679321166
stable_focus,0.1798139620137075,354.2887621175111,0.0004614832607783311,-0.0004570344592255065
stable_focus,0.1798139620137075,354.69505656948076,0.00044986302750749926,-0.0004537041178020673
stable_focus,0.1798139620137075,355.10135102145034,0.0004382935396474083,-0.00045028053060508
stable_focus,0.1798139620137075,355.50764547342,0.0004267777633797694,-0.00044676643918175495
stable_focus,0.1798139620137075,355.91393992538957,0.0004153185959950251,-0.000443164567919089
stable_focus,0.1798139620137075,356.3202343773592,0.00040391886611676963,-0.0004394776234350968
stable_focus,0.1798139620137075,356.72652882932886,0.00039258133394511367,-0.0004357082939864168
stable_focus,0.1798139620137075,357.13282328129844,0.0003813086915185578,-0.0004318592488922096
stable_focus,0.1798139620137075,357.5391177332681,0.00037010356299396654,-0.0004279331379742516
stable_focus,0.1798139620137075,357.9454121852377,0.0003589685049442992,-0.00042393259101316453
stable_focus,0.1798139620137075,358.3517066372073,0.0003479060066735808,-0.00041986021722061545
stable_focus,0.1798139620137075,358.75800108917696,0.0003369184905488268,-0.0004157186047274745
stable_focus,0.1798139620137075,359.1642955411466,0.0003260083123484425,-0.00041151032008774924
stable_focus,0.1798139620137075,359.5705899931162,0.0003151777616267395,-0.00040723790779823536
stable_focus,0.1798139620137075,359.97688444508583,0.000304429062094151,-0.00040290388983375434
stable_focus,0.1798139620137075,360.3831788970555,0.00029376437201274116,-0.0003985107651978591
stable_focus,0.1798139620137075,360.78947334902506,0.000283185784606654,-0.0003940610094889193
stable_focus,0.1798139620137075,361.1957678009947,0.0002726953284870583,-0.0003895570744814169
stable_focus,0.1798139620137075,361.60206225296434,0.00026229496809122903,-0.000385001387722383
stable_focus,0.1798139620137075,362.00835670493393,0.00025198660413537405,-0.00038039635214280555
stable_focus,0.1798139620137075,362.4146511569036,0.00024177207408080165,-0.0003757443456838967
stable_focus,0.1798139620137075,362.82094560887316,0.00023165315261307128,-0.0003710477209381124
stable_focus,0.1798139620137075,363.2272400608428,0.00022163155213371485,-0.0003663088048047257
stable_focus,0.1798139620137075,363.63353451281245,0.00021170892326417297,-0.00036152989815989317
stable_focus,0.1798139620137075,364.03982896478203,0.0002018868553615594,-0.00035671327554101214
stable_focus,0.1798139620137075,364.4461234167517,0.00019216687704587344,-0.0003518611848452755
stable_focus,0.1798139620137075,364.8524178687213,0.00018255045673830705,-0.00034697584704223715
stable_focus,0.1798139620137075,365.2587123206909,0.00017303900321025215,-0.0003420594559002775
stable_focus,0.1798139620137075,365.66500677266055,0.00016363386614264038,-0.00033711417772679494
stable_focus,0.1798139620137075,366.0713012246302,0.00015433633669531175,-0.0003321421511219993
stable_focus,0.1798139620137075,366.4775956765998,0.0001451476480859477,-0.0003271454867461217
stable_focus,0.1798139620137075,366.8838901285694,0.0001360689761783052,-0.0003221262670999171
stable_focus,0.1798139620137075,367.29018458053906,0.00012710144007934914,-0.00031708654631829063
stable_focus,0.1798139620137075,367.69647903250865,0.00011824610274493157,-0.0003120283499768809
stable_focus,0.1798139620137075,368.1027734844783,0.00010950397159369215,-0.00030695367491146596
stable_focus,0.1798139620137075,368.5090679364479,0.0001008759991288234,-0.00030186448905000985
stable_focus,0.1798139620137075,368.9153623884175,9.236308356734346e-05,-0.0002967627312571879
stable_focus,0.1798139620137075,369.32165684038716,8.396606947657288e-05,-0.00029165031119125334
stable_focus,0.1798139620137075,369.72795129235675,7.568574841743538e-05,-0.0002865291091730413
stable_focus,0.1798139620137075,370.1342457443264,6.752285959430094e-05,-0.00028140097606697107
stable_focus,0.1798139620137075,370.54054019629604,5.9478090510993295e-05,-0.00027626773317388295
stable_focus,0.1798139620137075,370.9468346482656,5.155207763269531e-05,-0.0002711311721355231
stable_focus,0.1798139620137075,371.35312910023526,4.374540705335481e-05,-0.00026599305485050756
stable_focus,0.1798139620137075,371.7594235522049,3.6058615168363955e-05,-0.0002608551134016309
stable_focus,0.1798139620137075,372.1657180041745,2.8492189352116886e-05,-0.00025571904999429
stable_focus,0.1798139620137075,372.57201245614414,2.1046568640189967e-05,-0.00025058653690591
stable_focus,0.1798139620137075,372.9783069081138,1.3722144415819201e-05,-0.00024545921644615306
stable_focus,0.1798139620137075,373.38460136008337,6.519261100376439e-06,-0.0002403387009277788
stable_focus,0.1798139620137075,373.790895812053,-5.617831524841894e-07,-0.0002352265726479433
stable_focus,0.1798139620137075,374.19719026402265,-7.5207357591993675e-06,-0.00023012438387979775
stable_focus,0.1798139620137075,374.60348471599224,-1.4357389005656363e-05,-0.00022503365687417905
stable_focus,0.1798139620137075,375.0097791679619,-2.1071579343644478e-05,-0.00021995588387125158
stable_focus,0.1798139620137075,375.41607361993147,-2.7663186684787714e-05,-0.00021489252712190223
stable_focus,0.1798139620137075,375.8223680719011,-3.413213369222661e-05,-0.0002098450189187167
stable_focus,0.1798139620137075,376.22866252387075,-4.047838507026542e-05,-0.00020481476163637137
stable_focus,0.1798139620137075,376.63495697584034,-4.670194685233426e-05,-0.0001998031277812577
stable_focus,0.1798139620137075,377.04125142781,-5.2802865687470656e-05,-0.0001948114600501614
stable_focus,0.1798139620137075,377.4475458797796,-5.878122812560884e-05,-0.00018984107139783518
stable_focus,0.1798139620137075,377.8538403317492,-6.463715990193884e-05,-0.000184893245113258
stable_focus,0.1798139620137075,378.26013478371885,-7.037082522056822e-05,-0.0001799692349044589
stable_focus,0.1798139620137075,378.6664292356885,-7.598242603775166e-05,-0.00017507026499166616
stable_focus,0.1798139620137075,379.0727236876581,-8.147220134494607e-05,-0.00017019753020866291
stable_focus,0.1798139620137075,379.4790181396277,-8.68404264518918e-05,-0.00016535219611213582
stable_focus,0.1798139620137075,379.88531259159737,-9.208741227000469e-05,-0.0001605353990988691
stable_focus,0.1798139620137075,380.29160704356696,-9.721350459627182e-05,-0.00015574824653059155
stable_focus,0.1798139620137075,380.6979014955366,-0.00010221908339790838,-0.000150991816866314
stable_focus,0.1798139620137075,381.1041959475062,-0.00010710456209798401,-0.00014626715980197772
stable_focus,0.1798139620137075,381.5104903994758,-0.00011187038686225565,-0.00014157529641724916
stable_focus,0.1798139620137075,381.91678485144547,-0.00011651703588737651,-0.00013691721932928522
stable_focus,0.1798139620137075,382.32307930341506,-0.00012104501869078245,-0.0001322938928532908
stable_focus,0.1798139620137075,382.7293737553847,-0.00012545487540235905,-0.00012770625316971376
stable_focus,0.1798139620137075,383.13566820735434,-0.00012974717605816722,-0.00012315520849789422
stable_focus,0.1798139620137075,383.54196265932393,-0.0001339225198964014,-0.00011864163927600609
stable_focus,0.1798139620137075,383.9482571112936,-0.0001379815346557648,-0.00011416639834712162
stable_focus,0.1798139620137075,384.3545515632632,-0.00014192487587648745,-0.00010973031115122529
stable_focus,0.1798139620137075,384.7608460152328,-0.00014575322620411735,-0.00010533417592303114
stable_focus,0.1798139620137075,385.16714046720244,-0.000149467294696339,-0.00010097876389540488
stable_focus,0.1798139620137075,385.5734349191721,-0.0001530678161329154,-9.666481950826379e-05
stable_focus,0.1798139620137075,385.9797293711417,-0.00015655555032902566,-9.239306062275601e-05
stable_focus,0.1798139620137075,386.3860238231113,-0.0001599312814520727,-8.816417874058759e-05
stable_focus,0.1798139620137075,386.79231827508096,-0.00016319581734218364,-8.39788392283135e-05
stable_focus,0.1798139620137075,387.19861272705054,-0.00016634998883655307,-7.983768154644717e-05
stable_focus,0.1798139620137075,387.6049071790202,-0.0001693946490977959,-7.574131948321426e-05
stable_focus,0.1798139620137075,388.0112016309898,-0.00017233067294643428,-7.169034139281662e-05
stable_focus,0.1798139620137075,388.4174960829594,-0.000175158956197693,-6.76853104380226e-05
stable_focus,0.1798139620137075,388.82379053492906,-0.0001778804150027607,-6.372676483695087e-05
stable_focus,0.1798139620137075,389.23008498689865,-0.00018049598519461767,-5.981521811387849e-05
stable_focus,0.1798139620137075,389.6363794388683,-0.00018300662163861452,-5.595115935392769e-05
stable_focus,0.1798139620137075,390.04267389083793,-0.00018541329758790516,-5.213505346148595e-05
stable_focus,0.1798139620137075,390.4489683428075,-0.00018771700404386895,-4.836734142219436e-05
stable_focus,0.1798139620137075,390.85526279477716,-0.00018991874912166332,-4.4648440568364e-05
stable_focus,0.1798139620137075,391.2615572467468,-0.0001920195574210161,-4.09787448476815e-05
stable_focus,0.1798139620137075,391.6678516987164,-0.00019402046940236888,-3.735862509504112e-05
stable_focus,0.1798139620137075,392.07414615068603,-0.00019592254076851649,-3.378842930737337e-05
stable_focus,0.1798139620137075,392.4804406026557,-0.00019772684185181364,-3.0268482921317544e-05
stable_focus,0.1798139620137075,392.88673505462526,-0.0001994344570070867,-2.679908909360626e-05
stable_focus,0.1798139620137075,393.2930295065949,-0.00020104648401033862,-2.3380528984013297e-05
stable_focus,0.1798139620137075,393.6993239585645,-0.00020256403346335326,-2.0013062040735555e-05
stable_focus,0.1798139620137075,394.10561841053413,-0.00020398822820429435,-1.669692628805965e-05
stable_focus,0.1798139620137075,394.5119128625038,-0.00020532020272438791,-1.3432338616197212e-05
stable_focus,0.1798139620137075,394.91820731447336,-0.0002065611025907764,-1.0219495073137628e-05
stable_focus,0.1798139620137075,395.324501766443,-0.00020771208387564138,-7.058571158392566e-06
stable_focus,0.1798139620137075,395.73079621841265,-0.000208774312591659,-3.949722118510083e-06
stable_focus,0.1798139620137075,396.13709067038224,-0.00020974896413388053,-8.93083244215578e-07
stable_focus,0.1798139620137075,396.5433851223519,-0.00021063722272811127,2.111229830934721e-06
stable_focus,0.1798139620137075,396.9496795743215,-0.00021144028088583631,5.06312083051838e-06
stable_focus,0.1798139620137075,397.3559740262911,-0.00021215933886581235,7.962512533955958e-06
stable_focus,0.1798139620137075,397.76226847826075,-0.00021279560414231742,1.080934647407652e-05
stable_focus,0.1798139620137075,398.1685629302304,-0.00021335029088020424,1.360358263367305e-05
stable_focus,0.1798139620137075,398.5748573822,-0.00021382461941672718,1.6345199141148582e-05
stable_focus,0.1798139620137075,398.9811518341696,-0.00021421981575027972,1.903419196539522e-05
stable_focus,0.1798139620137075,399.38744628613927,-0.000214537111036019,2.167057460998211e-05
stable_focus,0.1798139620137075,399.79374073810885,-0.0002147777410884984,2.4254377806814976e-05
stable_focus,0.1798139620137075,400.2000351900785,-0.0002149429458912847,2.678564920933027e-05
stable_focus,0.1798139620137075,400.6063296420481,-0.00021503396911365537,2.9264453085367052e-05
stable_focus,0.1798139620137075,401.0126240940177,-0.00021505205763437668,3.1690870009806104e-05
stable_focus,0.1798139620137075,401.41891854598737,-0.00021499846107262847,3.406499655709218e-05
stable_focus,0.1798139620137075,401.82521299795695,-0.00021487443132609522,3.638694499373673e-05
stable_focus,0.1798139620137075,402.2315074499266,-0.00021468122211623083,3.865684297091009e-05
stable_focus,0.1798139620137075,402.63780190189624,-0.00021442008854078042,4.08748332172141e-05
stable_focus,0.1798139620137075,403.0440963538658,-0.00021409228663352338,4.304107323174662e-05
stable_focus,0.1798139620137075,403.45039080583547,-0.00021369907293129428,4.515573497754165e-05
stable_focus,0.1798139620137075,403.8566852578051,-0.00021324170404829072,4.7219004575492515e-05
stable_focus,0.1798139620137075,404.2629797097747,-0.00021272143625768495,4.9231081998839485e-05
stable_focus,0.1798139620137075,404.66927416174434,-0.0002121395250805461,5.1192180768324856e-05
stable_focus,0.1798139620137075,405.075568613714,-0.0002114972248820971,5.310252764809481e-05
stable_focus,0.1798139620137075,405.48186306568357,-0.0002107957884753025,5.4962362342449725e-05
stable_focus,0.1798139620137075,405.8881575176532,-0.0002100364667317864,5.677193719350797e-05
stable_focus,0.1798139620137075,406.29445196962286,-0.00020922050820011803,5.8531516879893195e-05
stable_focus,0.1798139620137075,406.70074642159244,-0.00020834915873140756,6.024137811650178e-05
stable_focus,0.1798139620137075,407.1070408735621,-0.00020742366111226978,6.190180935545836e-05
stable_focus,0.1798139620137075,407.51333532553167,-0.00020644525470510437,6.35131104883087e-05
stable_focus,0.1798139620137075,407.9196297775013,-0.0002054151750957211,6.507559254955857e-05
stable_focus,0.1798139620137075,408.32592422947096,-0.00020433465374827714,6.658957742160564e-05
stable_focus,0.1798139620137075,408.73221868144054,-0.00020320491766752033,6.805539754115711e-05
stable_focus,0.1798139620137075,409.1385131334102,-0.00020202718906832515,6.947339560719612e-05
stable_focus,0.1798139620137075,409.54480758537983,-0.0002008026850525239,7.08439242905723e-05
stable_focus,0.1798139620137075,409.9511020373494,-0.00019953261729298313,7.216734594528268e-05
stable_focus,0.1798139620137075,410.35739648931906,-0.00019821819172491733,7.344403232150322e-05
stable_focus,0.1798139620137075,410.7636909412887,-0.00019686060824443988,7.46743642804505e-05
stable_focus,0.1798139620137075,411.1699853932583,-0.00019546106041429088,7.585873151112341e-05
stable_focus,0.1798139620137075,411.57627984522793,-0.00019402073517673586,7.699753224899215e-05
stable_focus,0.1798139620137075,411.9825742971976,-0.00019254081257361435,7.80911729966938e-05
stable_focus,0.1798139620137075,412.38886874916716,-0.00019102246547348677,7.914006824679614e-05
stable_focus,0.1798139620137075,412.7951632011368,-0.00018946685930586155,8.014464020667295e-05
stable_focus,0.1798139620137075,413.2014576531064,-0.00018787515180247738,8.110531852556851e-05
stable_focus,0.1798139620137075,413.60775210507603,-0.0001862484927455801,8.202254002388205e-05
stable_focus,0.1798139620137075,414.0140465570457,-0.00018458802372317405,8.28967484247313e-05
stable_focus,0.1798139620137075,414.42034100901526,-0.00018289487789121983,8.372839408785308e-05
stable_focus,0.1798139620137075,414.8266354609849,-0.00018117017974270537,8.451793374588139e-05
stable_focus,0.1798139620137075,415.23292991295455,-0.00017941504488357902,8.526583024304202e-05
stable_focus,0.1798139620137075,415.63922436492413,-0.0001776305798154915,8.597255227632932e-05
stable_focus,0.1798139620137075,416.0455188168938,-0.00017581788172528958,8.663857413918759e-05
stable_focus,0.1798139620137075,416.4518132688634,-0.00017397803828123973,8.72643754677546e-05
stable_focus,0.1798139620137075,416.858107720833,-0.00017211212743590323,8.78504409896928e-05
stable_focus,0.1798139620137075,417.26440217280265,-0.00017022121723563743,8.8397260275658e-05
stable_focus,0.1798139620137075,417.6706966247723,-0.00016830636563667012,8.890532749344509e-05
stable_focus,0.1798139620137075,418.0769910767419,-0.0001663686203276772,8.937514116483238e-05
stable_focus,0.1798139620137075,418.4832855287115,-0.0001644090185588285,8.980720392516915e-05
stable_focus,0.1798139620137075,418.88957998068116,-0.0001624285869772436,9.020202228573966e-05
stable_focus,0.1798139620137075,419.29587443265075,-0.00016042834146879912,9.056010639893141e-05
stable_focus,0.1798139620137075,419.7021688846204,-0.00015840928700621687,9.088196982623135e-05
stable_focus,0.1798139620137075,420.10846333659,-0.0001563724175034164,9.116812930909587e-05
stable_focus,0.1798139620137075,420.5147577885596,-0.0001543187156760194,9.141910454270034e-05
stable_focus,0.1798139620137075,420.92105224052926,-0.0001522491529079853,9.163541795260704e-05
stable_focus,0.1798139620137075,421.32734669249885,-0.00015016468912430145,9.181759447437236e-05
stable_focus,0.1798139620137075,421.7336411444685,-0.00014806627266966704,9.196616133611448e-05
stable_focus,0.1798139620137075,422.13993559643814,-0.00014595484019311154,9.208164784406363e-05
stable_focus,0.1798139620137075,422.5462300484077,-0.00014383131653847842,9.216458517111628e-05
stable_focus,0.1798139620137075,422.95252450037736,-0.00014169661464071077,9.22155061484028e-05
stable_focus,0.1798139620137075,423.358818952347,-0.00013955163542788082,9.223494505990312e-05
stable_focus,0.1798139620137075,423.7651134043166,-0.00013739726772888343,9.222343744010823e-05
stable_focus,0.1798139620137075,424.17140785628624,-0.00013523438818674333,9.218151987475604e-05
stable_focus,0.1798139620137075,424.5777023082559,-0.00013306386117745224,9.21097298046451e-05
stable_focus,0.1798139620137075,424.98399676022547,-0.00013088653873427305,9.200860533253965e-05
stable_focus,0.1798139620137075,425.3902912121951,-0.0001287032604774521,9.187868503318571e-05
stable_focus,0.1798139620137075,425.7965856641647,-0.00012651485354925551,9.17205077664368e-05
stable_focus,0.1798139620137075,426.20288011613434,-0.00012432213255426206,9.153461249350448e-05
stable_focus,0.1798139620137075,426.609174568104,-0.000122125899504854,9.132153809633491e-05
stable_focus,0.1798139620137075,427.01546902007357,-0.00011992694377181878,9.108182320012596e-05
stable_focus,0.1798139620137075,427.4217634720432,-0.00011772604203999675,9.081600599898158e-05
stable_focus,0.1798139620137075,427.82805792401285,-0.00011552395826890634,9.052462408471276e-05
stable_focus,0.1798139620137075,428.23435237598244,-0.00011332144365827133,9.020821427878631e-05
stable_focus,0.1798139620137075,428.6406468279521,-0.00011111923661836718,8.986731246741717e-05
stable_focus,0.1798139620137075,429.0469412799217,-0.00010891806274513628,8.950245343981823e-05
stable_focus,0.1798139620137075,429.4532357318913,-0.00010671863479997405,8.911417072959215e-05
stable_focus,0.1798139620137075,429.85953018386095,-0.000104521652694126,8.870299645927355e-05
stable_focus,0.1798139620137075,430.2658246358306,-0.00010232780347761971,8.826946118801592e-05
stable_focus,0.1798139620137075,430.6721190878002,-0.0001001377613326554,8.781409376241879e-05
stable_focus,0.1798139620137075,431.0784135397698,-9.795218757137633e-05,8.733742117049031e-05
stable_focus,0.1798139620137075,431.48470799173947,-9.57717306379582e-05,8.683996839874394e-05
stable_focus,0.1798139620137075,431.89100244370906,-9.359702611492526e-05,8.63222582924164e-05
stable_focus,0.1798139620137075,432.2972968956787,-9.142869673362691e-05,8.57848114188037e-05
stable_focus,0.1798139620137075,432.7035913476483,-8.926735238880725e-05,8.522814593370862e-05
stable_focus,0.1798139620137075,433.1098857996179,-8.711359015717116e-05,8.465277745098169e-05
stable_focus,0.1798139620137075,433.51618025158757,-8.496799431989878e-05,8.405921891515998e-05
stable_focus,0.1798139620137075,433.92247470355716,-8.283113638900651e-05,8.344798047717516e-05
stable_focus,0.1798139620137075,434.3287691555268,-8.070357513750341e-05,8.281956937313865e-05
stable_focus,0.1798139620137075,434.73506360749644,-7.858585663324464e-05,8.217448980616903e-05
stable_focus,0.1798139620137075,435.14135805946603,-7.647851427643205e-05,8.151324283127437e-05
stable_focus,0.1798139620137075,435.5476525114357,-7.438206884066065e-05,8.083632624324735e-05
stable_focus,0.1798139620137075,435.9539469634053,-7.229702851745816e-05,8.014423446758434e-05
stable_focus,0.1798139620137075,436.3602414153749,-7.022388896422982e-05,7.943745845439027e-05
stable_focus,0.1798139620137075,436.76653586734454,-6.81631333555375e-05,7.871648557527325e-05
stable_focus,0.1798139620137075,437.1728303193142,-6.611523243764122e-05,7.798179952319355e-05
stable_focus,0.1798139620137075,437.5791247712838,-6.40806445862231e-05,7.723388021526222e-05
stable_focus,0.1798139620137075,437.9854192232534,-6.205981586722675e-05,7.647320369846562e-05
stable_focus,0.1798139620137075,438.39171367522306,-6.0053180100734005e-05,7.570024205829711e-05
stable_focus,0.1798139620137075,438.79800812719265,-5.8061158927803675e-05,7.491546333027603e-05
stable_focus,0.1798139620137075,439.2043025791623,-5.608416188020239e-05,7.411933141433333e-05
stable_focus,0.1798139620137075,439.6105970311319,-5.412258645295964e-05,7.331230599204737e-05
stable_focus,0.1798139620137075,440.0168914831015,-5.2176818179658616e-05,7.249484244669945e-05
stable_focus,0.1798139620137075,440.42318593507116,-5.0247230710410955e-05,7.166739178613597e-05
stable_focus,0.1798139620137075,440.82948038704075,-4.833418589242458e-05,7.083040056841112e-05
stable_focus,0.1798139620137075,441.2357748390104,-4.643803385310739e-05,6.998431083018144e-05
stable_focus,0.1798139620137075,441.64206929098003,-4.4559113085628574e-05,6.91295600178404e-05
stable_focus,0.1798139620137075,442.0483637429496,-4.269775053686554e-05,6.826658092135652e-05
stable_focus,0.1798139620137075,442.45465819491926,-4.0854261697672544e-05,6.739580161079958e-05
stable_focus,0.1798139620137075,442.8609526468889,-3.9028950695395644e-05,6.651764537552552e-05
stable_focus,0.1798139620137075,443.2672470988585,-3.7222110388568e-05,6.563253066599202e-05
stable_focus,0.1798139620137075,443.67354155082813,-3.543402246371073e-05,6.474087103818527e-05
stable_focus,0.1798139620137075,444.0798360027978,-3.366495753417996e-05,6.384307510062715e-05
stable_focus,0.1798139620137075,444.48613045476736,-3.191517524098544e-05,6.293954646393468e-05
stable_focus,0.1798139620137075,444.892424906737,-3.0184924355513916e-05,6.203068369290955e-05
stable_focus,0.1798139620137075,445.2987193587066,-2.8474442884092707e-05,6.11168802611238e-05
stable_focus,0.1798139620137075,445.70501381067623,-2.6783958174326345e-05,6.019852450798178e-05
stable_focus,0.1798139620137075,446.1113082626459,-2.5113687023141297e-05,5.927599959821882e-05
stable_focus,0.1798139620137075,446.51760271461546,-2.3463835786466578e-05,5.834968348382105e-05
stable_focus,0.1798139620137075,446.9238971665851,-2.1834600490497307e-05,5.74199488683272e-05
stable_focus,0.1798139620137075,447.33019161855475,-2.022616694447145e-05,5.6487163173487156e-05
stable_focus,0.1798139620137075,447.73648607052434,-1.863871085489119e-05,5.555168850824883e-05
stable_focus,0.1798139620137075,448.142780522494,-1.7072397941133156e-05,5.461388164003953e-05
stable_focus,0.1798139620137075,448.5490749744636,-1.5527384052384542e-05,5.3674093968319686e-05
stable_focus,0.1798139620137075,448.9553694264332,-1.4003815285840335e-05,5.2732671500367046e-05
stable_focus,0.1798139620137075,449.36166387840285,-1.250182810610232e-05,5.1789954829272365e-05
stable_focus,0.1798139620137075,449.7679583303725,-1.1021549465718896e-05,5.084627911410746e-05
stable_focus,0.1798139620137075,450.1742527823421,-9.563096926809977e-06,4.990197406224184e-05
stable_focus,0.1798139620137075,450.5805472343117,-8.126578783708987e-06,4.8957363913767995e-05
stable_focus,0.1798139620137075,450.98684168628137,-6.712094186574491e-06,4.8012767428014874e-05
stable_focus,0.1798139620137075,451.39313613825095,-5.319733265906995e-06,4.706849787210994e-05
stable_focus,0.1798139620137075,451.7994305902206,-3.949577257913102e-06,4.6124863011558756e-05
stable_focus,0.1798139620137075,452.2057250421902,-2.6016986306695824e-06,4.518216510281714e-05
stable_focus,0.1798139620137075,452.6120194941598,-1.2761612110163754e-06,4.424070088781617e-05
stable_focus,0.1798139620137075,453.01831394612947,2.6979687858187925e-08,4.330076159041424e-05
stable_focus,0.1798139620137075,453.42460839809905,1.307677138207603e-06,4.2362632914738595e-05
stable_focus,0.1798139620137075,453.8309028500687,2.5658924689414298e-06,4.1426595045389806e-05
stable_focus,0.1798139620137075,454.23719730203834,3.801595136315127e-06,4.0492922649473856e-05
stable_focus,0.1798139620137075,454.6434917540079,5.0147625941479354e-06,3.956188488043075e-05
stable_focus,0.1798139620137075,455.04978620597757,6.205380163625542e-06,3.863374538362545e-05
stable_focus,0.1798139620137075,455.4560806579472,7.3734409027268076e-06,3.7708762303673756e-05
stable_focus,0.1798139620137075,455.8623751099168,8.518945475332681e-06,3.678718829346464e-05
stable_focus,0.1798139620137075,456.26866956188644,9.641902020066467e-06,3.586927052485188e-05
stable_focus,0.1798139620137075,456.6749640138561,1.0742326018911266e-05,3.4955250700979006e-05
stable_focus,0.1798139620137075,457.08125846582567,1.1820240165645496e-05,3.4045365070209736e-05
stable_focus,0.1798139620137075,457.4875529177953,1.2875674234160036e-05,3.313984444162572e-05
stable_focus,0.1798139620137075,457.8938473697649,1.3908664946684704e-05,3.2238914202066024e-05
stable_focus,0.1798139620137075,458.30014182173454,1.4919255841980799e-05,3.134279433466905e-05
stable_focus,0.1798139620137075,458.7064362737042,1.590749714354009e-05,3.0451699438892804e-05
stable_focus,0.1798139620137075,459.11273072567377,1.6873445627830344e-05,2.956583875197544e-05
stable_focus,0.1798139620137075,459.5190251776434,1.781716449264357e-05,2.8685416171803322e-05
stable_focus,0.1798139620137075,459.92531962961306,1.873872322556919e-05,2.7810630281162022e-05
stable_focus,0.1798139620137075,460.33161408158264,1.963819747264884e-05,2.6941674373332715e-05
stable_focus,0.1798139620137075,460.7379085335523,2.0515668907249695e-05,2.6078736479000394e-05
stable_focus,0.1798139620137075,461.14420298552193,2.137122509919206e-05,2.5221999394449045e-05
stable_focus,0.1798139620137075,461.5504974374915,2.2204959384175523e-05,2.437164071100685e-05
stable_focus,0.1798139620137075,461.95679188946116,2.3016970733535565e-05,2.3527832845712148e-05
stable_focus,0.1798139620137075,462.3630863414308,2.3807363624377053e-05,2.2690743073169898e-05
stable_focus,0.1798139620137075,462.7693807934004,2.4576247910111337e-05,2.1860533558564126e-05
stable_focus,0.1798139620137075,463.17567524537003,2.532373869144319e-05,2.1037361391800304e-05
stable_focus,0.1798139620137075,463.5819696973397,2.604995618782985e-05,2.0221378622742962e-05
stable_focus,0.1798139620137075,463.98826414930926,2.6755025609462654e-05,1.9412732297519597e-05
stable_focus,0.1798139620137075,464.3945586012789,2.743907702978887e-05,1.861156449585996e-05
stable_focus,0.1798139620137075,464.8008530532485,2.810224525861848e-05,1.7818012369442135e-05
stable_focus,0.1798139620137075,465.20714750521813,2.874466971584305e-05,1.7032208181212512e-05
stable_focus,0.1798139620137075,465.6134419571878,2.936649430579568e-05,1.6254279345652482e-05
stable_focus,0.1798139620137075,466.01973640915736,2.9967867292289482e-05,1.5484348469959793e-05
stable_focus,0.1798139620137075,466.426030861127,3.0548941174358175e-05,1.4722533396118055e-05
stable_focus,0.1798139620137075,466.83232531309665,3.110987256273114e-05,1.3968947243822064e-05
stable_focus,0.1798139620137075,467.23861976506623,3.165082205706943e-05,1.3223698454232202e-05
stable_focus,0.1798139620137075,467.6449142170359,3.217195412399329e-05,1.248689083452813e-05
stable_focus,0.1798139620137075,468.0512086690055,3.2673436975921915e-05,1.1758623603234518e-05
stable_focus,0.1798139620137075,468.4575031209751,3.31554424507627e-05,1.103899143628639e-05
stable_focus,0.1798139620137075,468.86379757294475,3.361814589246332e-05,1.0328084513811858e-05
stable_focus,0.1798139620137075,469.2700920249144,3.406172603245479e-05,9.625988567601434e-06
stable_focus,0.1798139620137075,469.676386476884,3.44863648720182e-05,8.932784929235414e-06
stable_focus,0.1798139620137075,470.0826809288536,3.489224756558605e-05,8.24855057884255e-06
stable_focus,0.1798139620137075,470.4889753808232,3.527956230500802e-05,7.5733581944654335e-06
stable_focus,0.1798139620137075,470.89526983279285,3.5648500204799064e-05,6.907276202002582e-06
stable_focus,0.1798139620137075,471.3015642847625,3.5999255188396814e-05,6.250368825701878e-06
stable_focus,0.1798139620137075,471.7078587367321,3.633202387543969e-05,5.60269613918055e-06
stable_focus,0.1798139620137075,472.1141531887017,3.664700547009872e-05,4.964314116941252e-06
stable_focus,0.1798139620137075,472.52044764067136,3.694440165046331e-05,4.335274686366796e-06
stable_focus,0.1798139620137075,472.92674209264095,3.72244164590201e-05,3.7156257801577675e-06
stable_focus,0.1798139620137075,473.3330365446106,3.748725619422684e-05,3.1054113891956393e-06
stable_focus,0.1798139620137075,473.73933099658024,3.7733129303206034e-05,2.504671615804982e-06
stable_focus,0.1798139620137075,474.1456254485498,3.7962246275572255e-05,1.9134427273874213e-06
stable_focus,0.1798139620137075,474.55191990051947,3.817481953841129e-05,1.3317572104052471e-06
stable_focus,0.1798139620137075,474.9582143524891,3.837106335241993e-05,7.596438246921784e-07
stable_focus,0.1798139620137075,475.3645088044587,3.855119370923016e-05,1.9712765806402393e-07
stable_focus,0.1798139620137075,475.77080325642834,3.871542822992474e-05,-3.5576981879108345e-07
stable_focus,0.1798139620137075,476.177097708398,3.886398606475709e-05,-8.990306971676672e-07
stable_focus,0.1798139620137075,476.58339216036757,3.899708779409242e-05,-1.432640574963536e-06
stable_focus,0.1798139620137075,476.9896866123372,3.9114955330579386e-05,-1.956588501091993e-06
stable_focus,0.1798139620137075,477.3959810643068,3.9217811822562856e-05,-2.470866919704289e-06
stable_focus,0.1798139620137075,477.80227551627644,3.930588155874875e-05,-2.9754716142460473e-06
stable_focus,0.1798139620137075,478.2085699682461,3.937938987413465e-05,-3.4704016513681468e-06
stable_focus,0.1798139620137075,478.61486442021567,3.943856305720948e-05,-3.9556593247144404e-06
stable_focus,0.1798139620137075,479.0211588721853,3.9483628258435315e-05,-4.431250098604296e-06
stable_focus,0.1798139620137075,479.42745332415495,3.951481340001978e-05,-4.897182551635108e-06
stable_focus,0.1798139620137075,479.83374777612454,3.953234708698353e-05,-5.353468320219238e-06
stable_focus,0.1798139620137075,480.2400422280942,3.953645851953525e-05,-5.8001220420808585e-06
stable_focus,0.1798139620137075,480.6463366800638,3.952737740675405e-05,-6.237161299727438e-06
stable_focus,0.1798139620137075,481.0526311320334,3.950533388159041e-05,-6.664606563917102e-06
stable_focus,0.1798139620137075,481.45892558400305,3.9470558417191854e-05,-7.082481137142782e-06
stable_focus,0.1798139620137075,481.8652200359727,3.9423281744554125e-05,-7.490811097147213e-06
stable_focus,0.1798139620137075,482.2715144879423,3.9363734771502454e-05,-7.88962524048959e-06
stable_focus,0.1798139620137075,482.6778089399119,3.9292148503013444e-05,-8.278955026182647e-06
stable_focus,0.1798139620137075,483.08410339188157,3.920875396287573e-05,-8.658834519416203e-06
stable_focus,0.1798139620137075,483.49039784385116,3.9113782116687085e-05,-9.029300335382453e-06
stable_focus,0.1798139620137075,483.8966922958208,3.900746379620397e-05,-9.390391583224776e-06
stable_focus,0.1798139620137075,484.3029867477904,3.889002962503575e-05,-9.742149810123106e-06
stable_focus,0.1798139620137075,484.70928119976,3.876170994568401e-05,-1.0084618945530537e-05
stable_focus,0.1798139620137075,485.11557565172967,3.8622734747934834e-05,-1.0417845245583251e-05
stable_focus,0.1798139620137075,485.52187010369926,3.847333359859985e-05,-1.0741877237691294e-05
stable_focus,0.1798139620137075,485.9281645556689,3.83137355726063e-05,-1.1056765665331944e-05
stable_focus,0.1798139620137075,486.33445900763854,3.8144169185438275e-05,-1.1362563433057863e-05
stable_focus,0.1798139620137075,486.74075345960813,3.796486232692519e-05,-1.1659325551732461e-05
stable_focus,0.1798139620137075,487.1470479115778,3.7776042196378253e-05,-1.194710908401227e-05
stable_focus,0.1798139620137075,487.5533423635474,3.7577935239074305e-05,-1.2225973090084914e-05
stable_focus,0.1798139620137075,487.959636815517,3.737076708408166e-05,-1.2495978573678656e-05
stable_focus,0.1798139620137075,488.36593126748664,3.71547624834263e-05,-1.2757188428356028e-05
stable_focus,0.1798139620137075,488.7722257194563,3.693014525259826e-05,-1.3009667384105421e-05
stable_focus,0.1798139620137075,489.1785201714259,3.6697138212394435e-05,-1.3253481954243157e-05
stable_focus,0.1798139620137075,489.5848146233955,3.6455963132089066e-05,-1.348870038263647e-05
stable_focus,0.1798139620137075,489.9911090753651,3.6206840673933175e-05,-1.3715392591260904e-05
stable_focus,0.1798139620137075,490.39740352733475,3.594999033897793e-05,-1.3933630128105167e-05
stable_focus,0.1798139620137075,490.8036979793044,3.5685630414215935e-05,-1.4143486115431544e-05
stable_focus,0.1798139620137075,491.209992431274,3.541397792103248e-05,-1.4345035198404511e-05
stable_focus,0.1798139620137075,491.6162868832436,3.513524856496979e-05,-1.4538353494100432e-05
stable_focus,0.1798139620137075,492.02258133521326,3.4849656686786686e-05,-1.472351854090333e-05
stable_focus,0.1798139620137075,492.42887578718285,3.4557415214817953e-05,-1.4900609248302925e-05
stable_focus,0.1798139620137075,492.8351702391525,3.4258735618621826e-05,-1.506970584710006e-05
stable_focus,0.1798139620137075,493.24146469112213,3.3953827863908683e-05,-1.5230889840032715e-05
stable_focus,0.1798139620137075,493.6477591430917,3.364290036874472e-05,-1.5384243952827232e-05
stable_focus,0.1798139620137075,494.05405359506136,3.3326159961025646e-05,-1.552985208568949e-05
stable_focus,0.1798139620137075,494.460348047031,3.300381183720514e-05,-1.5667799265237563e-05
stable_focus,0.1798139620137075,494.8666424990006,3.267605952228299e-05,-1.5798171596892952e-05
stable_focus,0.1798139620137075,495.27293695097023,3.234310483102823e-05,-1.592105621772846e-05
stable_focus,0.1798139620137075,495.6792314029399,3.2005147830444754e-05,-1.6036541249788793e-05
stable_focus,0.1798139620137075,496.08552585490946,3.166238680345772e-05,-1.6144715753886065e-05
stable_focus,0.1798139620137075,496.4918203068791,3.1315018213821606e-05,-1.6245669683880515e-05
stable_focus,0.1798139620137075,496.8981147588487,3.096323667223164e-05,-1.633949384145026e-05
stable_focus,0.1798139620137075,497.30440921081833,3.060723490363947e-05,-1.6426279831360945e-05
stable_focus,0.1798139620137075,497.710703662788,3.0247203715750734e-05,-1.650612001723534e-05
stable_focus,0.1798139620137075,498.11699811475756,2.988333196870624e-05,-1.6579107477835773e-05
stable_focus,0.1798139620137075,498.5232925667272,2.951580654593051e-05,-1.664533596386048e-05
stable_focus,0.1798139620137075,498.92958701869685,2.9144812326135825e-05,-1.6704899855260236e-05
stable_focus,0.1798139620137075,499.33588147066644,2.877053215647547e-05,-1.6757894119082764e-05
stable_focus,0.1798139620137075,499.7421759226361,2.839314682683748e-05,-1.6804414267843808e-05
stable_focus,0.1798139620137075,500.1484703746057,2.801283504525253e-05,-1.6844556318441045e-05
stable_focus,0.1798139620137075,500.5547648265753,2.762977341442796e-05,-1.6878416751600772e-05
stable_focus,0.1798139620137075,500.96105927854495,2.7244136409378183e-05,-1.690609247187306e-05
stable_focus,0.1798139620137075,501.3673537305146,2.6856096356148048e-05,-1.6927680768172532e-05
stable_focus,0.1798139620137075,501.7736481824842,2.6465823411616043e-05,-1.6943279274873447e-05
stable_focus,0.1798139620137075,502.1799426344538,2.6073485544363575e-05,-1.6952985933456973e-05
stable_focus,0.1798139620137075,502.5862370864234,2.567924851660211e-05,-1.6956898954719866e-05
stable_focus,0.1798139620137075,502.99253153839305,2.528327586714154e-05,-1.69551167815413e-05
stable_focus,0.1798139620137075,503.3988259903627,2.488572889539148e-05,-1.694773805221636e-05
stable_focus,0.1798139620137075,503.8051204423323,2.4486766646379635e-05,-1.6934861564353593e-05
stable_focus,0.1798139620137075,504.2114148943019,2.408654589677805e-05,-1.6916586239344082e-05
stable_focus,0.1798139620137075,504.61770934627157,2.3685221141920417e-05,-1.6893011087397238e-05
stable_focus,0.1798139620137075,505.02400379824115,2.3282944583803494e-05,-1.686423517315302e-05
stable_focus,0.1798139620137075,505.4302982502108,2.2879866120051756e-05,-1.683035758186489e-05
stable_focus,0.1798139620137075,505.83659270218044,2.247613333384166e-05,-1.6791477386161156e-05
stable_focus,0.1798139620137075,506.24288715415,2.2071891484762763e-05,-1.6747693613378983e-05
stable_focus,0.1798139620137075,506.64918160611967,2.1667283500611788e-05,-1.6699105213479965e-05
stable_focus,0.1798139620137075,507.0554760580893,2.1262449970097696e-05,-1.664581102754008e-05
stable_focus,0.1798139620137075,507.4617705100589,2.0857529136453258e-05,-1.658790975682095e-05
stable_focus,0.1798139620137075,507.86806496202854,2.04526568919299e-05,-1.6525499932418365e-05
stable_focus,0.1798139620137075,508.2743594139982,2.004796677317154e-05,-1.6458679885490088e-05
stable_focus,0.1798139620137075,508.68065386596777,1.9643589957449034e-05,-1.6387547718063508e-05
stable_focus,0.1798139620137075,509.0869483179374,1.9239655259740378e-05,-1.6312201274419934e-05
stable_focus,0.1798139620137075,509.493242769907,1.883628913064864e-05,-1.6232738113060134e-05
stable_focus,0.1798139620137075,509.89953722187664,1.8433615655136993e-05,-1.6149255479243772e-05
stable_focus,0.1798139620137075,510.3058316738463,1.8031756552073492e-05,-1.6061850278108177e-05
stable_focus,0.1798139620137075,510.71212612581587,1.7630831174567502e-05,-1.5970619048362055e-05
stable_focus,0.1798139620137075,511.1184205777855,1.7230956511085343e-05,-1.5875657936552963e-05
stable_focus,0.1798139620137075,511.52471502975516,1.6832247187332317e-05,-1.57770626719093e-05
stable_focus,0.1798139620137075,511.93100948172474,1.6434815468886006e-05,-1.56749285417524e-05
stable_focus,0.1798139620137075,512.3373039336943,1.603877126456821e-05,-1.556935036747986e-05
stable_focus,0.1798139620137075,512.743598385664,1.5644222130539336e-05,-1.5460422481116095e-05
stable_focus,0.1798139620137075,513.1498928376336,1.5251273275105778e-05,-1.5348238702429892e-05
stable_focus,0.1798139620137075,513.5561872896033,1.4860027564221047e-05,-1.5232892316614942e-05
stable_focus,0.1798139620137075,513.9624817415729,1.4470585527671732e-05,-1.5114476052532086e-05
stable_focus,0.1798139620137075,514.3687761935425,1.40830453659307e-05,-1.4993082061512727e-05
stable_focus,0.1798139620137075,514.7750706455121,1.369750295766638e-05,-1.4868801896715111e-05
stable_focus,0.1798139620137075,515.1813650974817,1.3314051867893371e-05,-1.474172649303865e-05
stable_focus,0.1798139620137075,515.5876595494514,1.2932783356750026e-05,-1.4611946147586178e-05
stable_focus,0.1798139620137075,515.993954001421,1.2553786388889897e-05,-1.4479550500675479e-05
stable_focus,0.1798139620137075,516.4002484533906,1.2177147643474226e-05,-1.4344628517396011e-05
stable_focus,0.1798139620137075,516.8065429053603,1.1802951524750387e-05,-1.4207268469706447e-05
stable_focus,0.1798139620137075,517.2128373573298,1.1431280173202336e-05,-1.406755791907073e-05
stable_focus,0.1798139620137075,517.6191318092995,1.1062213477261613e-05,-1.392558369962895e-05
stable_focus,0.1798139620137075,518.0254262612691,1.0695829085565232e-05,-1.3781431901900104e-05
stable_focus,0.1798139620137075,518.4317207132387,1.0332202419742133e-05,-1.3635187857010132e-05
stable_focus,0.1798139620137075,518.8380151652084,9.97140668772248e-06,-1.348693612144575e-05
stable_focus,0.1798139620137075,519.2443096171779,9.613512897551473e-06,-1.3336760462327111e-05
stable_focus,0.1798139620137075,519.6506040691476,9.258589871693278e-06,-1.318474384319484e-05
stable_focus,0.1798139620137075,520.0568985211172,8.906704261817684e-06,-1.303096841031049e-05
stable_focus,0.1798139620137075,520.4631929730868,8.557920564049805e-06,-1.2875515479462442e-05
stable_focus,0.1798139620137075,520.8694874250565,8.212301134673931e-06,-1.2718465523275282e-05
stable_focus,0.1798139620137075,521.2757818770261,7.869906206277131e-06,-1.2559898159017384e-05
stable_focus,0.1798139620137075,521.6820763289957,7.53079390431927e-06,-1.2399892136902479e-05
stable_focus,0.1798139620137075,522.0883707809653,7.195020264117655e-06,-1.223852532887991e-05
stable_focus,0.1798139620137075,522.494665232935,6.862639248232496e-06,-1.2075874717909752e-05
stable_focus,0.1798139620137075,522.9009596849046,6.533702764241886e-06,-1.1912016387717616e-05
stable_focus,0.1798139620137075,523.3072541368742,6.208260682891157e-06,-1.174702551302395e-05
stable_focus,0.1798139620137075,523.7135485888439,5.886360856607893e-06,-1.1580976350243508e-05
stable_focus,0.1798139620137075,524.1198430408134,5.5680491383660165e-06,-1.1413942228649936e-05
stable_focus,0.1798139620137075,524.526137492783,5.253369400890043e-06,-1.1245995541999447e-05
stable_focus,0.1798139620137075,524.9324319447527,4.94236355618561e-06,-1.107720774060983e-05
stable_focus,0.1798139620137075,525.3387263967223,4.635071575384477e-06,-1.0907649323888974e-05
stable_focus,0.1798139620137075,525.745020848692,4.331531508891567e-06,-1.0737389833306956e-05
stable_focus,0.1798139620137075,526.1513153006615,4.031779506823892e-06,-1.056649784580791e-05
stable_focus,0.1798139620137075,526.5576097526312,3.735849839726624e-06,-1.0395040967654646e-05
stable_focus,0.1798139620137075,526.9639042046008,3.443774919557764e-06,-1.0223085828702115e-05
stable_focus,0.1798139620137075,527.3701986565704,3.155585320927769e-06,-1.0050698077092719e-05
stable_focus,0.1798139620137075,527.7764931085401,2.8713098025830413e-06,-9.877942374369646e-06
stable_focus,0.1798139620137075,528.1827875605097,2.590975329122879e-06,-9.704882391001313e-06
stable_focus,0.1798139620137075,528.5890820124793,2.3146070929378723e-06,-9.531580802311421e-06
stable_focus,0.1798139620137075,528.9953764644489,2.0422285363578145e-06,-9.358099284809931e-06
stable_focus,0.1798139620137075,529.4016709164185,1.7738613740009547e-06,-9.184498512918847e-06
stable_focus,0.1798139620137075,529.8079653683882,1.5095256153105494e-06,-9.01083815608615e-06
stable_focus,0.1798139620137075,530.2142598203578,1.2492395872691493e-06,-8.837176876283788e-06
stable_focus,0.1798139620137075,530.6205542723275,9.930199572817936e-07,-8.663572325882472e-06
stable_focus,0.1798139620137075,531.026848724297,7.408817562142031e-07,-8.49008114589874e-06
stable_focus,0.1798139620137075,531.4331431762666,4.92838401579137e-07,-8.316758964607115e-06
stable_focus,0.1798139620137075,531.8394376282363,2.4890172085722403e-07,-8.143660396513052e-06
stable_focus,0.1798139620137075,532.2457320802059,9.081974946347401e-09,-7.970839041679556e-06
stable_focus,0.1798139620137075,532.6520265321756,-2.2661211827499255e-07,-7.798347485402229e-06
stable_focus,0.1798139620137075,533.0583209841451,-4.58173360276447e-07,-7.626237298226591e-06
stable_focus,0.1798139620137075,533.4646154361147,-6.855960481083894e-07,-7.4545590363018984e-06
stable_focus,0.1798139620137075,533.8709098880844,-9.088759505473497e-07,-7.28336224206567e-06
stable_focus,0.1798139620137075,534.277204340054,-1.1280102841631816e-06,-7.112695445253084e-06
stable_focus,0.1798139620137075,534.6834987920237,-1.342997689318165e-06,-6.942606164224365e-06
stable_focus,0.1798139620137075,535.0897932439933,-1.553838206107022e-06,-6.773140907605664e-06
stable_focus,0.1798139620137075,535.4960876959628,-1.760533250245404e-06,-6.604345176236531e-06
stable_focus,0.1798139620137075,535.9023821479325,-1.9630855889189614e-06,-6.436263465418557e-06
stable_focus,0.1798139620137075,536.3086765999021,-2.1614993165971896e-06,-6.268939267458604e-06
stable_focus,0.1798139620137075,536.7149710518718,-2.3557798308251277e-06,-6.102415074501536e-06
stable_focus,0.1798139620137075,537.1212655038414,-2.545933807998281e-06,-5.936732381646175e-06
stable_focus,0.1798139620137075,537.5275599558111,-2.7319691791308598e-06,-5.771931690337883e-06
stable_focus,0.1798139620137075,537.9338544077806,-2.9138951056236366e-06,-5.608052512033482e-06
stable_focus,0.1798139620137075,538.3401488597502,-3.0917219550424644e-06,-5.445133372130663e-06
stable_focus,0.1798139620137075,538.7464433117199,-3.265461276911315e-06,-5.283211814157993e-06
stable_focus,0.1798139620137075,539.1527377636895,-3.4351257785316877e-06,-5.122324404217516e-06
stable_focus,0.1798139620137075,539.5590322156592,-3.600729300832806e-06,-4.962506735676732e-06
stable_focus,0.1798139620137075,539.9653266676287,-3.762286794261587e-06,-4.803793434101159e-06
stable_focus,0.1798139620137075,540.3716211195983,-3.919814294720286e-06,-4.646218162423986e-06
stable_focus,0.1798139620137075,540.777915571568,-4.073328899556773e-06,-4.489813626346201e-06
stable_focus,0.1798139620137075,541.1842100235376,-4.2228487436165484e-06,-4.334611579961366e-06
stable_focus,0.1798139620137075,541.5905044755073,-4.368392975363253e-06,-4.1806428315991965e-06
stable_focus,0.1798139620137075,541.9967989274769,-4.5099817330732156e-06,-4.027937249882487e-06
stable_focus,0.1798139620137075,542.4030933794464,-4.6476361211104415e-06,-3.876523769992107e-06
stable_focus,0.1798139620137075,542.8093878314161,-4.781378186292182e-06,-3.7264304001330983e-06
stable_focus,0.1798139620137075,543.2156822833857,-4.911230894345006e-06,-3.577684228197823e-06
stable_focus,0.1798139620137075,543.6219767353554,-5.037218106464387e-06,-3.430311428619637e-06
stable_focus,0.1798139620137075,544.028271187325,-5.159364555978254e-06,-3.284337269411596e-06
stable_focus,0.1798139620137075,544.4345656392945,-5.2776958251248254e-06,-3.139786119384872e-06
stable_focus,0.1798139620137075,544.8408600912642,-5.392238321946538e-06,-2.9966814555414567e-06
stable_focus,0.1798139620137075,545.2471545432338,-5.5030192573096815e-06,-2.8550458706354593e-06
stable_focus,0.1798139620137075,545.6534489952035,-5.610066622051116e-06,-2.714901080897917e-06
stable_focus,0.1798139620137075,546.0597434471731,-5.713409164261618e-06,-2.5762679339191055e-06
stable_focus,0.1798139620137075,546.4660378991427,-5.813076366707261e-06,-2.439166416683744e-06
stable_focus,0.1798139620137075,546.8723323511123,-5.909098424397224e-06,-2.3036156637536463e-06
stable_focus,0.1798139620137075,547.2786268030819,-6.001506222299543e-06,-2.1696339655919276e-06
stable_focus,0.1798139620137075,547.6849212550516,-6.090331313213515e-06,-2.0372387770245823e-06
stable_focus,0.1798139620137075,548.0912157070212,-6.175605895799872e-06,-1.906446725833402e-06
stable_focus,0.1798139620137075,548.4975101589908,-6.257362792775733e-06,-1.7772736214753302e-06
stable_focus,0.1798139620137075,548.9038046109605,-6.335635429277238e-06,-1.6497344639238417e-06
stable_focus,0.1798139620137075,549.31009906293,-6.410457811395127e-06,-1.5238434526262784e-06
stable_focus,0.1798139620137075,549.7163935148997,-6.4818645048868695e-06,-1.3996139955725921e-06
stable_focus,0.1798139620137075,550.1226879668693,-6.549890614069791e-06,-1.2770587184712773e-06
stable_focus,0.1798139620137075,550.528982418839,-6.6145717608979746e-06,-1.1561894740263018e-06
stable_focus,0.1798139620137075,550.9352768708086,-6.67594406422906e-06,-1.0370173513111429e-06
stable_focus,0.1798139620137075,551.3415713227781,-6.734044119281587e-06,-9.195526852349419e-07
stable_focus,0.1798139620137075,551.7478657747478,-6.7889089772886055e-06,-8.038050660957898e-07
stable_focus,0.1798139620137075,552.1541602267174,-6.840576125350168e-06,-6.897833492170701e-07
stable_focus,0.1798139620137075,552.560454678687,-6.889083466488401e-06,-5.774956646612074e-07
stable_focus,0.1798139620137075,552.9667491306567,-6.934469299906526e-06,-4.669494270176678e-07
stable_focus,0.1798139620137075,553.3730435826263,-6.976772301458194e-06,-3.581513452591132e-07
stable_focus,0.1798139620137075,553.7793380345959,-7.016031504326112e-06,-2.511074326628372e-07
stable_focus,0.1798139620137075,554.1856324865655,-7.052286279916496e-06,-1.4582301679154167e-07
stable_focus,0.1798139620137075,554.5919269385352,-7.085576318968909e-06,-4.2302749530371686e-08
stable_focus,0.1798139620137075,554.9982213905048,-7.1159416128857115e-06,5.944938282462454e-08
stable_focus,0.1798139620137075,555.4045158424744,-7.143422435283036e-06,1.5943004943087077e-07
stable_focus,0.1798139620137075,555.8108102944441,-7.168059323766423e-06,2.5763656472105247e-07
stable_focus,0.1798139620137075,556.2171047464136,-7.189893061931402e-06,3.5406687818506807e-07
stable_focus,0.1798139620137075,556.6233991983833,-7.208964661593334e-06,4.487195641179272e-07
stable_focus,0.1798139620137075,557.0296936503529,-7.225315345246747e-06,5.415938113363291e-07
stable_focus,0.1798139620137075,557.4359881023225,-7.238986528757412e-06,6.326894128685228e-07
stable_focus,0.1798139620137075,557.8422825542922,-7.250019804287202e-06,7.220067556209795e-07
stable_focus,0.1798139620137075,558.2485770062617,-7.258456923455349e-06,8.095468100259512e-07
stable_focus,0.1798139620137075,558.6548714582314,-7.264339780736568e-06,8.953111196739169e-07
stable_focus,0.1798139620137075,559.061165910201,-7.267710397096644e-06,9.793017909333158e-07
stable_focus,0.1798139620137075,559.4674603621706,-7.268610903869244e-06,1.0615214825634964e-06
stable_focus,0.1798139620137075,559.8737548141403,-7.267083526872309e-06,1.141973395322063e-06
stable_focus,0.1798139620137075,560.2800492661099,-7.263170570767199e-06,1.2206612615718089e-06
stable_focus,0.1798139620137075,560.6863437180795,-7.256914403661112e-06,1.2975893348901742e-06
stable_focus,0.1798139620137075,561.0926381700491,-7.248357441952855e-06,1.3727623796841693e-06
stable_focus,0.1798139620137075,561.4989326220187,-7.237542135424403e-06,1.4461856608151403e-06
stable_focus,0.1798139620137075,561.9052270739884,-7.224510952576897e-06,1.5178649332354358e-06
stable_focus,0.1798139620137075,562.311521525958,-7.2093063662141386e-06,1.5878064316413202e-06
stable_focus,0.1798139620137075,562.7178159779277,-7.191970839271583e-06,1.6560168601445575e-06
stable_focus,0.1798139620137075,563.1241104298972,-7.172546810893666e-06,1.7225033819659423e-06
stable_focus,0.1798139620137075,563.5304048818668,-7.151076682758028e-06,1.7872736091543249e-06
stable_focus,0.1798139620137075,563.9366993338365,-7.127602805648021e-06,1.8503355923330227e-06
stable_focus,0.1798139620137075,564.3429937858061,-7.102167466272759e-06,1.9116978104776573e-06
stable_focus,0.1798139620137075,564.7492882377758,-7.074812874335873e-06,1.9713691607277e-06
stable_focus,0.1798139620137075,565.1555826897453,-7.045581149852373e-06,2.0293589482345825e-06
stable_focus,0.1798139620137075,565.561877141715,-7.014514310713015e-06,2.085676876049212e-06
stable_focus,0.1798139620137075,565.9681715936846,-6.981654260497555e-06,2.1403330350514045e-06
stable_focus,0.1798139620137075,566.3744660456542,-6.947042776535174e-06,2.1933378939242416e-06
stable_focus,0.1798139620137075,566.7807604976239,-6.9107214982125295e-06,2.244702289175438e-06
stable_focus,0.1798139620137075,567.1870549495935,-6.8727319155284614e-06,2.294437415208151e-06
stable_focus,0.1798139620137075,567.593349401563,-6.8331153578963146e-06,2.342554814444751e-06
stable_focus,0.1798139620137075,567.9996438535327,-6.7919129831911045e-06,2.3890663675041085e-06
stable_focus,0.1798139620137075,568.4059383055023,-6.7491657670432145e-06,2.433984283436628e-06
stable_focus,0.1798139620137075,568.812232757472,-6.70491449237632e-06,2.4773210900178453e-06
stable_focus,0.1798139620137075,569.2185272094416,-6.6591997391892845e-06,2.519089624103375e-06
stable_focus,0.1798139620137075,569.6248216614113,-6.6120618745818635e-06,2.5593030220475956e-06
stable_focus,0.1798139620137075,570.0311161133808,-6.563541043022382e-06,2.5979747101878477e-06
stable_focus,0.1798139620137075,570.4374105653504,-6.513677156856772e-06,2.6351183953958578e-06
stable_focus,0.1798139620137075,570.8437050173201,-6.462509887058488e-06,2.670748055699096e-06
stable_focus,0.1798139620137075,571.2499994692897,-6.410078654217279e-06,2.704877930973486e-06
stable_focus,0.1798139620137075,571.6562939212594,-6.35642261976637e-06,2.7375225137092544e-06
stable_focus,0.1798139620137075,572.0625883732289,-6.301580677447089e-06,2.7686965398524752e-06
stable_focus,0.1798139620137075,572.4688828251985,-6.245591445008383e-06,2.7984149797225335e-06
stable_focus,0.1798139620137075,572.8751772771682,-6.188493256141904e-06,2.826693029009233e-06
stable_focus,0.1798139620137075,573.2814717291378,-6.13032415264922e-06,2.853546099849195e-06
stable_focus,0.1798139620137075,573.6877661811075,-6.071121876841609e-06,2.878989811984694e-06
stable_focus,0.1798139620137075,574.0940606330771,-6.010923864169335e-06,2.9030399840054678e-06
stable_focus,0.1798139620137075,574.5003550850466,-5.94976723608028e-06,2.9257126246752596e-06
stable_focus,0.1798139620137075,574.9066495370163,-5.887688793105334e-06,2.947023924344892e-06
stable_focus,0.1798139620137075,575.3129439889859,-5.824725008169562e-06,2.9669902464525575e-06
stable_focus,0.1798139620137075,575.7192384409556,-5.76091202012706e-06,2.985628119113132e-06
stable_focus,0.1798139620137075,576.1255328929252,-5.696285627518195e-06,3.0029542267977014e-06
stable_focus,0.1798139620137075,576.5318273448947,-5.630881282546998e-06,3.018985402104321e-06
stable_focus,0.1798139620137075,576.9381217968644,-5.564734085277617e-06,3.03373861762131e-06
stable_focus,0.1798139620137075,577.344416248834,-5.4978787780471495e-06,3.0472309778843446e-06
stable_focus,0.1798139620137075,577.7507107008037,-5.430349740093298e-06,3.059479711427695e-06
stable_focus,0.1798139620137075,578.1570051527733,-5.362180982395654e-06,3.07050216293197e-06
stable_focus,0.1798139620137075,578.563299604743,-5.29340614272738e-06,3.0803157854677366e-06
stable_focus,0.1798139620137075,578.9695940567125,-5.224058480916107e-06,3.0889381328370524e-06
stable_focus,0.1798139620137075,579.3758885086821,-5.1541708743121746e-06,3.0963868520135333e-06
stable_focus,0.1798139620137075,579.7821829606518,-5.083775813461296e-06,3.1026796756812496e-06
stable_focus,0.1798139620137075,580.1884774126214,-5.0129053979806955e-06,3.1078344148740324e-06
stable_focus,0.1798139620137075,580.594771864591,-4.941591332635267e-06,3.1118689517152002e-06
stable_focus,0.1798139620137075,581.0010663165607,-4.869864923613169e-06,3.114801232258947e-06
stable_focus,0.1798139620137075,581.4073607685302,-4.797757074997023e-06,3.1166492594333865e-06
stable_focus,0.1798139620137075,581.8136552204999,-4.725298285429892e-06,3.1174310860866836e-06
stable_focus,0.1798139620137075,582.2199496724695,-4.652518644973002e-06,3.1171648081359173e-06
stable_focus,0.1798139620137075,582.6262441244392,-4.579447832152979e-06,3.1158685578196694e-06
stable_focus,0.1798139620137075,583.0325385764088,-4.506115111197039e-06,3.1135604970551858e-06
stable_focus,0.1798139620137075,583.4388330283783,-4.432549329452611e-06,3.110258810899255e-06
stable_focus,0.1798139620137075,583.845127480348,-4.35877891499007e-06,3.105981701114603e-06
stable_focus,0.1798139620137075,584.2514219323176,-4.2848318743863125e-06,3.1007473798413276e-06
stable_focus,0.1798139620137075,584.6577163842873,-4.210735790685389e-06,3.094574063373711e-06
stable_focus,0.1798139620137075,585.0640108362569,-4.136517821535759e-06,3.087479966042994e-06
stable_focus,0.1798139620137075,585.4703052882265,-4.0622046975003265e-06,3.0794832942059252e-06
stable_focus,0.1798139620137075,585.8765997401961,-3.987822720537302e-06,3.0706022403395657e-06
stable_focus,0.1798139620137075,586.2828941921657,-3.913397762649662e-06,3.060854977242388e-06
stable_focus,0.1798139620137075,586.6891886441354,-3.838955264700535e-06,3.050259652341563e-06
stable_focus,0.1798139620137075,587.095483096105,-3.7645202353919115e-06,3.038834382106962e-06
stable_focus,0.1798139620137075,587.5017775480746,-3.690117250404393e-06,3.0265972465711924e-06
stable_focus,0.1798139620137075,587.9080720000443,-3.6157704516958073e-06,3.013566283956586e-06
stable_focus,0.1798139620137075,588.3143664520138,-3.541503546955204e-06,2.999759485408081e-06
stable_focus,0.1798139620137075,588.7206609039835,-3.4673398092110096e-06,2.9851947898326235e-06
stable_focus,0.1798139620137075,589.1269553559531,-3.393302076589868e-06,2.9698900788448344e-06
stable_focus,0.1798139620137075,589.5332498079227,-3.3194127522240013e-06,2.953863171818523e-06
stable_focus,0.1798139620137075,589.9395442598924,-3.245693804304564e-06,2.9371318210441418e-06
stable_focus,0.1798139620137075,590.3458387118619,-3.172166766278507e-06,2.919713706991898e-06
stable_focus,0.1798139620137075,590.7521331638316,-3.0988527371861597e-06,2.9016264336802004e-06
stable_focus,0.1798139620137075,591.1584276158012,-3.0257723821373187e-06,2.8828875241491625e-06
stable_focus,0.1798139620137075,591.5647220677708,-2.9529459329231925e-06,2.863514416039092e-06
stable_focus,0.1798139620137075,591.9710165197405,-2.880393188761473e-06,2.843524457273257e-06
stable_focus,0.1798139620137075,592.3773109717101,-2.8081335171722647e-06,2.8229349018448205e-06
stable_focus,0.1798139620137075,592.7836054236797,-2.7361858549821566e-06,2.8017629057075067e-06
stable_focus,0.1798139620137075,593.1898998756493,-2.6645687094539438e-06,2.7800255227694753e-06
stable_focus,0.1798139620137075,593.596194327619,-2.5933001595395812e-06,2.757739700990188e-06
stable_focus,0.1798139620137075,594.0024887795886,-2.5223978572535487e-06,2.734922278579415e-06
stable_focus,0.1798139620137075,594.4087832315582,-2.451879029164377e-06,2.7115899802982836e-06
stable_focus,0.1798139620137075,594.8150776835279,-2.381760478001674e-06,2.6877594138615506e-06
stable_focus,0.1798139620137075,595.2213721354974,-2.3120585843761576e-06,2.663447066440746e-06
stable_focus,0.1798139620137075,595.627666587467,-2.242789308610137e-06,2.638669301267439e-06
stable_focus,0.1798139620137075,596.0339610394367,-2.1739681926760438e-06,2.6134423543361827e-06
stable_focus,0.1798139620137075,596.4402554914063,-2.105610362240341e-06,2.5877823312064105e-06
stable_focus,0.1798139620137075,596.846549943376,-2.0377305288105535e-06,2.561705203902694e-06
stable_focus,0.1798139620137075,597.2528443953455,-1.9703429919825783e-06,2.5352268079126494e-06
stable_focus,0.1798139620137075,597.6591388473151,-1.9034616417862055e-06,2.5083628392819383e-06
stable_focus,0.1798139620137075,598.0654332992848,-1.83709996112616e-06,2.48112885180543e-06
stable_focus,0.1798139620137075,598.4717277512544,-1.77127102831619e-06,2.453540254314079e-06
stable_focus,0.1798139620137075,598.8780222032241,-1.7059875197036804e-06,2.42561230805644e-06
stable_focus,0.1798139620137075,599.2843166551937,-1.641261712382917e-06,2.397360124174444e-06
stable_focus,0.1798139620137075,599.6906111071632,-1.5771054869936017e-06,2.3687986612722476e-06
stable_focus,0.1798139620137075,600.0969055591329,-1.5135303306030982e-06,2.3399427230777474e-06
stable_focus,0.1798139620137075,600.5032000111025,-1.4505473396697308e-06,2.3108069561956487e-06
stable_focus,0.1798139620137075,600.9094944630722,-1.3881672230843847e-06,2.281405847951347e-06
stable_focus,0.1798139620137075,601.3157889150418,-1.3264003052888002e-06,2.251753724324897e-06
stable_focus,0.1798139620137075,601.7220833670114,-1.2652565294674334e-06,2.221864747974005e-06
stable_focus,0.1798139620137075,602.128377818981,-1.2047454608110478e-06,2.1917529163452873e-06
stable_focus,0.1798139620137075,602.5346722709506,-1.1448762898494416e-06,2.1614320598728722e-06
stable_focus,0.1798139620137075,602.9409667229203,-1.0856578358515117e-06,2.130915840263496e-06
stable_focus,0.1798139620137075,603.3472611748899,-1.027098550289487e-06,2.1002177488669825e-06
stable_focus,0.1798139620137075,603.7535556268596,-9.69206520365978e-07,2.069351105131524e-06
stable_focus,0.1798139620137075,604.1598500788291,-9.119894726011104e-07,2.0383290551424515e-06
stable_focus,0.1798139620137075,604.5661445307987,-8.554547764773563e-07,2.0071645702437024e-06
stable_focus,0.1798139620137075,604.9724389827684,-7.996094481406177e-07,1.9758704457410978e-06
stable_focus,0.1798139620137075,605.378733434738,-7.444601541544024e-07,1.9444592996863313e-06
stable_focus,0.1798139620137075,605.7850278867077,-6.900132153056222e-07,1.9129435717407194e-06
stable_focus,0.1798139620137075,606.1913223386773,-6.362746104595124e-07,1.8813355221176222e-06
stable_focus,0.1798139620137075,606.5976167906468,-5.83249980461824e-07,1.8496472306029175e-06
stable_focus,0.1798139620137075,607.0039112426165,-5.309446320858019e-07,1.817890595651776e-06
stable_focus,0.1798139620137075,607.4102056945861,-4.793635420224004e-07,1.786077333561621e-06
stable_focus,0.1798139620137075,607.8165001465558,-4.285113609109768e-07,1.7542189777195295e-06
stable_focus,0.1798139620137075,608.2227945985254,-3.783924174091e-07,1.7223268779232623e-06
stable_focus,0.1798139620137075,608.6290890504949,-3.2901072229902643e-07,1.6904121997750924e-06
stable_focus,0.1798139620137075,609.0353835024646,-2.803699726290624e-07,1.658485924147067e-06
stable_focus,0.1798139620137075,609.4416779544342,-2.324735558875805e-07,1.6265588467167877e-06
stable_focus,0.1798139620137075,609.8479724064039,-1.8532455420817944e-07,1.5946415775727608e-06
stable_focus,0.1798139620137075,610.2542668583735,-1.3892574860359242e-07,1.5627445408880362e-06
stable_focus,0.1798139620137075,610.6605613103432,-9.32796232266325e-08,1.5308779746611844e-06
stable_focus,0.1798139620137075,611.0668557623127,-4.838836965658465e-08,1.4990519305234669e-06
stable_focus,0.1798139620137075,611.4731502142823,-4.253891208390458e-09,1.4672762736113462e-06
stable_focus,0.1798139620137075,611.879444666252,3.912219273603101e-08,1.4355606825029639e-06
stable_focus,0.1798139620137075,612.2857391182216,8.173854237736545e-08,1.403914649217557e-06
stable_focus,0.1798139620137075,612.6920335701913,1.2359409313029406e-07,1.3723474792770278e-06
stable_focus,0.1798139620137075,613.0983280221609,1.6468805123873991e-07,1.3408682918281272e-06
stable_focus,0.1798139620137075,613.5046224741304,2.050198893769036e-07,1.309486019824517e-06
stable_focus,0.1798139620137075,613.9109169261001,2.4458934223745964e-07,1.2782094102673993e-06
stable_focus,0.1798139620137075,614.3172113780697,2.8339640210869464e-07,1.2470470245038508e-06
stable_focus,0.1798139620137075,614.7235058300394,3.21441314442467e-07,1.216007238581516e-06
stable_focus,0.1798139620137075,615.129800282009,3.5872457341437137e-07,1.1850982436587697e-06
stable_focus,0.1798139620137075,615.5360947339785,3.952469174776473e-07,1.1543280464691258e-06
stable_focus,0.1798139620137075,615.9423891859482,4.3100932491279344e-07,1.1237044698388959e-06
stable_focus,0.1798139620137075,616.3486836379178,4.6601300937406805e-07,1.0932351532569404e-06
stable_focus,0.1798139620137075,616.7549780898875,5.0025941543455e-07,1.0629275534955332e-06
stable_focus,0.1798139620137075,617.1612725418571,5.337502141312503e-07,1.0327889452810958e-06
stable_focus,0.1798139620137075,617.5675669938267,5.664872985117508e-07,1.0028264220138127e-06
stable_focus,0.1798139620137075,617.9738614457963,5.984727791839984e-07,9.730468965350967e-07
stable_focus,0.1798139620137075,618.3801558977659,6.297089798701351e-07,9.434571019417088e-07
stable_focus,0.1798139620137075,618.7864503497356,6.601984329665758e-07,9.140635924455719e-07
stable_focus,0.1798139620137075,619.1927448017052,6.89943875110908e-07,8.848727442780877e-07
stable_focus,0.1798139620137075,619.5990392536748,7.189482427575495e-07,8.558907566379875e-07
stable_focus,0.1798139620137075,620.0053337056445,7.472146677631168e-07,8.27123652681662e-07
stable_focus,0.1798139620137075,620.411628157614,7.747464729830923e-07,7.985772805547856e-07
stable_focus,0.1798139620137075,620.8179226095837,8.01547167880765e-07,7.702573144643166e-07
stable_focus,0.1798139620137075,621.2242170615533,8.276204441498863e-07,7.421692557897689e-07
stable_focus,0.1798139620137075,621.630511513523,8.529701713521815e-07,7.143184342327302e-07
stable_focus,0.1798139620137075,622.0368059654926,8.776003925710452e-07,6.867100090034968e-07
stable_focus,0.1798139620137075,622.4431004174621,9.015153200822881e-07,6.593489700439477e-07
stable_focus,0.1798139620137075,622.8493948694318,9.247193310434314e-07,6.322401392854434e-07
stable_focus,0.1798139620137075,623.2556893214014,9.472169632023368e-07,6.053881719409969e-07
stable_focus,0.1798139620137075,623.661983773371,9.690129106265996e-07,5.787975578303478e-07
stable_focus,0.1798139620137075,624.0682782253407,9.901120194543406e-07,5.52472622737224e-07
stable_focus,0.1798139620137075,624.4745726773103,1.010519283667965e-06,5.264175297976603e-07
stable_focus,0.1798139620137075,624.8808671292799,1.0302398408913959e-06,5.006362809183721e-07
stable_focus,0.1798139620137075,625.2871615812495,1.0492789682119734e-06,4.7513271822425113e-07
stable_focus,0.1798139620137075,625.6934560332191,1.0676420780282756e-06,4.4991052553394605e-07
stable_focus,0.1798139620137075,626.0997504851888,1.085334713924124e-06,4.2497322986262316e-07
stable_focus,0.1798139620137075,626.5060449371584,1.1023625465703641e-06,4.003242029508402e-07
stable_focus,0.1798139620137075,626.9123393891281,1.1187313696549559e-06,3.7596666281865476e-07
stable_focus,0.1798139620137075,627.3186338410976,1.134447095842251e-06,3.5190367534402774e-07
stable_focus,0.1798139620137075,627.7249282930673,1.1495157527623167e-06,3.28138155864489e-07
stable_focus,0.1798139620137075,628.1312227450369,1.163943479031296e-06,3.0467287080128446e-07
stable_focus,0.1798139620137075,628.5375171970065,1.1777365203033245e-06,2.815104393048624e-07
stable_focus,0.1798139620137075,628.9438116489762,1.1909012253549015e-06,2.586533349210144e-07
stable_focus,0.1798139620137075,629.3501061009457,1.203444042202552e-06,2.361038872765857e-07
stable_focus,0.1798139620137075,629.7564005529154,1.215371514254143e-06,2.138642837839964e-07
stable_focus,0.1798139620137075,630.162695004885,1.2266902764951328e-06,1.9193657136355537e-07
stable_focus,0.1798139620137075,630.5689894568546,1.2374070517098217e-06,1.703226581827905e-07
stable_focus,0.1798139620137075,630.9752839088243,1.2475286467385713e-06,1.490243154119004e-07
stable_focus,0.1798139620137075,631.3815783607939,1.2570619487717078e-06,1.280431789943712e-07
stable_focus,0.1798139620137075,631.7878728127635,1.266013921680431e-06,1.073807514320553e-07
stable_focus,0.1798139620137075,632.1941672647331,1.2743916023852889e-06,8.703840358386689e-08
stable_focus,0.1798139620137075,632.6004617167027,1.2822020972633128e-06,6.701737647705454e-08
stable_focus,0.1798139620137075,633.0067561686724,1.289452578593648e-06,4.731878313047411e-08
stable_focus,0.1798139620137075,633.413050620642,1.2961502810425311e-06,2.794361038900374e-08
stable_focus,0.1798139620137075,633.8193450726116,1.3023024981882899e-06,8.89272076811456e-09
stable_focus,0.1798139620137075,634.2256395245812,1.3079165790862545e-06,-9.833145691909207e-09
stable_focus,0.1798139620137075,634.6319339765508,1.3129999248748587e-06,-2.8233369563156506e-08
stable_focus,0.1798139620137075,635.0382284285205,1.3175599854223832e-06,-4.6307450159146264e-08
stable_focus,0.1798139620137075,635.4445228804901,1.3216042560156396e-06,-6.405500365686779e-08
stable_focus,0.1798139620137075,635.8508173324598,1.325140274090376e-06,-8.147576121221566e-08
stable_focus,0.1798139620137075,636.2571117844293,1.3281756160041364e-06,-9.856956706984596e-08
stable_focus,0.1798139620137075,636.6634062363989,1.3307178938515864e-06,-1.1533637666789629e-07
stable_focus,0.1798139620137075,637.0697006883686,1.3327747523229502e-06,-1.317762547385474e-07
stable_focus,0.1798139620137075,637.4759951403382,1.3343538656056304e-06,-1.4788937340494606e-07
stable_focus,0.1798139620137075,637.8822895923079,1.3354629343293903e-06,-1.6367601027524028e-07
stable_focus,0.1798139620137075,638.2885840442775,1.3361096825554177e-06,-1.7913654653452357e-07
stable_focus,0.1798139620137075,638.694878496247,1.3363018548093618e-06,-1.9427146503507375e-07
stable_focus,0.1798139620137075,639.1011729482167,1.3360472131586942e-06,-2.0908134838592423e-07
stable_focus,0.1798139620137075,639.5074674001863,1.3353535343345481e-06,-2.23566877042029e-07
stable_focus,0.1798139620137075,639.913761852156,1.3342286068982654e-06,-2.3772882739399285e-07
stable_focus,0.1798139620137075,640.3200563041256,1.3326802284527912e-06,-2.515680698587895e-07
stable_focus,0.1798139620137075,640.7263507560951,1.3307162028990625e-06,-2.650855669721285e-07
stable_focus,0.1798139620137075,641.1326452080648,1.3283443377375415e-06,-2.7828237148314627e-07
stable_focus,0.1798139620137075,641.5389396600344,1.3255724414150075e-06,-2.9115962445186813e-07
stable_focus,0.1798139620137075,641.9452341120041,1.322408320716728e-06,-3.0371855335020473e-07
stable_focus,0.1798139620137075,642.3515285639737,1.3188597782040714e-06,-3.1596047016693155e-07
stable_focus,0.1798139620137075,642.7578230159434,1.3149346096976241e-06,-3.278867695171911e-07
stable_focus,0.1798139620137075,643.1641174679129,1.3106406018058521e-06,-3.3949892675719246e-07
stable_focus,0.1798139620137075,643.5704119198825,1.3059855294994898e-06,-3.50798496104582e-07
stable_focus,0.1798139620137075,643.9767063718522,1.3009771537313178e-06,-3.617871087648444e-07
stable_focus,0.1798139620137075,644.3830008238218,1.29562321910182e-06,-3.724664710646515e-07
stable_focus,0.1798139620137075,644.7892952757915,1.2899314515702927e-06,-3.8283836259218656e-07
stable_focus,0.1798139620137075,645.1955897277611,1.2839095562115978e-06,-3.929046343453106e-07
stable_focus,0.1798139620137075,645.6018841797306,1.2775652150184763e-06,-4.026672068878692e-07
stable_focus,0.1798139620137075,646.0081786317003,1.2709060847493548e-06,-4.121280685146469e-07
stable_focus,0.1798139620137075,646.4144730836699,1.2639397948215025e-06,-4.212892734253955e-07
stable_focus,0.1798139620137075,646.8207675356396,1.2566739452497407e-06,-4.3015293990854204e-07
stable_focus,0.1798139620137075,647.2270619876092,1.249116104630075e-06,-4.3872124853473214e-07
stable_focus,0.1798139620137075,647.6333564395787,1.2412738081687882e-06,-4.4699644036094506e-07
stable_focus,0.1798139620137075,648.0396508915484,1.2331545557563434e-06,-4.5498081514537685e-07
stable_focus,0.1798139620137075,648.445945343518,1.224765810086275e-06,-4.6267672957360394e-07
stable_focus,0.1798139620137075,648.8522397954877,1.2161149948186788e-06,-4.7008659549631946e-07
stable_focus,0.1798139620137075,649.2585342474573,1.2072094927884888e-06,-4.77212878179253e-07
stable_focus,0.1798139620137075,649.664828699427,1.198056644257907e-06,-4.84058094565305e-07
stable_focus,0.1798139620137075,650.0711231513965,1.1886637452131855e-06,-4.906248115495821e-07
stable_focus,0.1798139620137075,650.4774176033661,1.1790380457054852e-06,-4.969156442675199e-07
stable_focus,0.1798139620137075,650.8837120553358,1.1691867482353222e-06,-5.02933254396417e-07
stable_focus,0.1798139620137075,651.2900065073054,1.1591170061808635e-06,-5.086803484708162e-07
stable_focus,0.1798139620137075,651.696300959275,1.1488359222694475e-06,-5.141596762120159e-07
stable_focus,0.1798139620137075,652.1025954112447,1.1383505470921456e-06,-5.193740288718877e-07
stable_focus,0.1798139620137075,652.5088898632142,1.1276678776614424e-06,-5.243262375915973e-07
stable_focus,0.1798139620137075,652.9151843151839,1.116794856011323e-06,-5.290191717752301e-07
stable_focus,0.1798139620137075,653.3214787671535,1.1057383678397353e-06,-5.334557374787009e-07
stable_focus,0.1798139620137075,653.7277732191232,1.0945052411932636e-06,-5.376388758143314e-07
stable_focus,0.1798139620137075,654.1340676710928,1.0831022451933652e-06,-5.415715613711518e-07
stable_focus,0.1798139620137075,654.5403621230623,1.0715360888042712e-06,-5.452568006513806e-07
stable_focus,0.1798139620137075,654.946656575032,1.0598134196419746e-06,-5.486976305231632e-07
stable_focus,0.1798139620137075,655.3529510270016,1.0479408228240928e-06,-5.518971166899006e-07
stable_focus,0.1798139620137075,655.7592454789713,1.0359248198603246e-06,-5.548583521763486e-07
stable_focus,0.1798139620137075,656.1655399309409,1.023771867583047e-06,-5.575844558317441e-07
stable_focus,0.1798139620137075,656.5718343829105,1.011488357117816e-06,-5.600785708500493e-07
stable_focus,0.1798139620137075,656.9781288348801,9.99080612893413e-07,-5.623438633076849e-07
stable_focus,0.1798139620137075,657.3844232868497,9.865548916910948e-07,-5.643835207188075e-07
stable_focus,0.1798139620137075,657.7907177388194,9.73917381732587e-07,-5.662007506083142e-07
stable_focus,0.1798139620137075,658.197012190789,9.611742018065792e-07,-5.677987791028085e-07
stable_focus,0.1798139620137075,658.6033066427586,9.483314004333082e-07,-5.691808495396346e-07
stable_focus,0.1798139620137075,659.0096010947283,9.353949550668329e-07,-5.703502210941546e-07
stable_focus,0.1798139620137075,659.4158955466978,9.223707713346507e-07,-5.713101674254044e-07
stable_focus,0.1798139620137075,659.8221899986675,9.092646823141484e-07,-5.720639753402284e-07
stable_focus,0.1798139620137075,660.2284844506371,8.960824478457781e-07,-5.726149434761001e-07
stable_focus,0.1798139620137075,660.6347789026067,8.828297538821478e-07,-5.729663810026537e-07
stable_focus,0.1798139620137075,661.0410733545764,8.695122118729962e-07,-5.73121606342071e-07
stable_focus,0.1798139620137075,661.4473678065459,8.561353581853903e-07,-5.730839459084488e-07
stable_focus,0.1798139620137075,661.8536622585156,8.427046535588928e-07,-5.728567328662197e-07
stable_focus,0.1798139620137075,662.2599567104852,8.292254825951826e-07,-5.724433059076882e-07
stable_focus,0.1798139620137075,662.6662511624548,8.157031532816704e-07,-5.718470080497653e-07
stable_focus,0.1798139620137075,663.0725456144245,8.021428965488588e-07,-5.710711854500429e-07
stable_focus,0.1798139620137075,663.4788400663941,7.885498658608188e-07,-5.701191862421244e-07
stable_focus,0.1798139620137075,663.8851345183637,7.749291368384233e-07,-5.689943593904278e-07
stable_focus,0.1798139620137075,664.2914289703333,7.612857069149494e-07,-5.677000535643778e-07
stable_focus,0.1798139620137075,664.6977234223029,7.47624495023529e-07,-5.662396160320947e-07
stable_focus,0.1798139620137075,665.1040178742726,7.339503413160155e-07,-5.646163915735836e-07
stable_focus,0.1798139620137075,665.5103123262422,7.202680069129117e-07,-5.628337214135117e-07
stable_focus,0.1798139620137075,665.9166067782118,7.065821736837284e-07,-5.608949421734382e-07
stable_focus,0.1798139620137075,666.3229012301814,6.928974440574953e-07,-5.588033848436908e-07
stable_focus,0.1798139620137075,666.729195682151,6.792183408629084e-07,-5.565623737748235e-07
stable_focus,0.1798139620137075,667.1354901341207,6.655493071975867e-07,-5.541752256885388e-07
stable_focus,0.1798139620137075,667.5417845860903,6.518947063260986e-07,-5.516452487082873e-07
stable_focus,0.1798139620137075,667.94807903806,6.38258821606245e-07,-5.48975741409356e-07
stable_focus,0.1798139620137075,668.3543734900295,6.246458564430345e-07,-5.461699918884511e-07
stable_focus,0.1798139620137075,668.7606679419991,6.110599342701224e-07,-5.432312768528189e-07
stable_focus,0.1798139620137075,669.1669623939688,5.975050985580482e-07,-5.401628607288603e-07
stable_focus,0.1798139620137075,669.5732568459384,5.839853128487954e-07,-5.369679947900291e-07
stable_focus,0.1798139620137075,669.9795512979081,5.705044608164642e-07,-5.336499163043084e-07
stable_focus,0.1798139620137075,670.3858457498777,5.570663463532146e-07,-5.302118477008328e-07
stable_focus,0.1798139620137075,670.7921402018472,5.436746936803459e-07,-5.266569957558966e-07
stable_focus,0.1798139620137075,671.1984346538169,5.303331474838071e-07,-5.22988550798107e-07
stable_focus,0.1798139620137075,671.6047291057865,5.170452730738583e-07,-5.192096859327059e-07
stable_focus,0.1798139620137075,672.0110235577562,5.038145565682829e-07,-5.153235562849874e-07
stable_focus,0.1798139620137075,672.4173180097258,4.906444050987217e-07,-5.113332982626527e-07
stable_focus,0.1798139620137075,672.8236124616953,4.775381470396892e-07,-5.072420288370991e-07
stable_focus,0.1798139620137075,673.229906913665,4.644990322597571e-07,-5.030528448435666e-07
stable_focus,0.1798139620137075,673.6362013656346,4.5153023239453e-07,-4.9876882229996e-07
stable_focus,0.1798139620137075,674.0424958176043,4.386348411408131e-07,-4.943930157443396e-07
stable_focus,0.1798139620137075,674.4487902695739,4.258158745716337e-07,-4.899284575909521e-07
stable_focus,0.1798139620137075,674.8550847215436,4.13076271471564e-07,-4.853781575046759e-07
stable_focus,0.1798139620137075,675.2613791735131,4.004188936919864e-07,-4.807451017937689e-07
stable_focus,0.1798139620137075,675.6676736254827,3.878465265256674e-07,-4.7603225282086516e-07
stable_focus,0.1798139620137075,676.0739680774524,3.7536187910042717e-07,-4.712425484320501e-07
stable_focus,0.1798139620137075,676.480262529422,3.629675847911715e-07,-4.663789014038272e-07
stable_focus,0.1798139620137075,676.8865569813917,3.5066620165010577e-07,-4.6144419890806163e-07
stable_focus,0.1798139620137075,677.2928514333613,3.384602128544246e-07,-4.5644130199450465e-07
stable_focus,0.1798139620137075,677.6991458853308,3.263520271712308e-07,-4.513730450909874e-07
stable_focus,0.1798139620137075,678.1054403373005,3.143439794390825e-07,-4.462422355209781e-07
stable_focus,0.1798139620137075,678.5117347892701,3.024383310658414e-07,-4.410516530385103e-07
stable_focus,0.1798139620137075,678.9180292412398,2.9063727054227336e-07,-4.3580404938022827e-07
stable_focus,0.1798139620137075,679.3243236932094,2.7894291397105267e-07,-4.3050214783444583e-07
stable_focus,0.1798139620137075,679.7306181451789,2.673573056106403e-07,-4.251486428270741e-07
stable_focus,0.1798139620137075,680.1369125971486,2.5588241843366464e-07,-4.1974619952426825e-07
stable_focus,0.1798139620137075,680.5432070491182,2.4452015469936805e-07,-4.1429745345159596e-07
stable_focus,0.1798139620137075,680.9495015010879,2.3327234653961278e-07,-4.0880501012960586e-07
stable_focus,0.1798139620137075,681.3557959530575,2.221407565581551e-07,-4.032714447256806e-07
stable_focus,0.1798139620137075,681.7620904050272,2.111270784425642e-07,-3.976993017218641e-07
stable_focus,0.1798139620137075,682.1683848569967,2.0023293758860775e-07,-3.920910945986836e-07
stable_focus,0.1798139620137075,682.5746793089663,1.8945989173645955e-07,-3.8644930553463104e-07
stable_focus,0.1798139620137075,682.980973760936,1.788094316184378e-07,-3.807763851212691e-07
stable_focus,0.1798139620137075,683.3872682129056,1.6828298161784998e-07,-3.7507475209367053e-07
stable_focus,0.1798139620137075,683.7935626648753,1.578819004384811e-07,-3.6934679307611086e-07
stable_focus,0.1798139620137075,684.1998571168449,1.476074817843831e-07,-3.635948623427644e-07
stable_focus,0.1798139620137075,684.6061515688144,1.3746095504953384e-07,-3.5782128159330555e-07
stable_focus,0.1798139620137075,685.0124460207841,1.2744348601691837e-07,-3.520283397431152e-07
stable_focus,0.1798139620137075,685.4187404727537,1.1755617756678106e-07,-3.462182927280378e-07
stable_focus,0.1798139620137075,685.8250349247234,1.0780007039344842e-07,-3.403933633234175e-07
stable_focus,0.1798139620137075,686.231329376693,9.81761437305612e-08,-3.3455574097727893e-07
stable_focus,0.1798139620137075,686.6376238286625,8.868531608412386e-08,-3.287075816573903e-07
stable_focus,0.1798139620137075,687.0439182806322,7.932844597314822e-08,-3.228510077121339e-07
stable_focus,0.1798139620137075,687.4502127326018,7.010633267744306e-08,-3.169881077449049e-07
stable_focus,0.1798139620137075,687.8565071845715,6.101971699217322e-08,-3.1112093650183605e-07
stable_focus,0.1798139620137075,688.2628016365411,5.20692819888517e-08,-3.052515147727482e-07
stable_focus,0.1798139620137075,688.6690960885107,4.325565378239972e-08,-2.9938182930505483e-07
stable_focus,0.1798139620137075,689.0753905404803,3.457940230390397e-08,-2.935138327304376e-07
stable_focus,0.1798139620137075,689.4816849924499,2.6041042078664765e-08,-2.8764944350409716e-07
stable_focus,0.1798139620137075,689.8879794444196,1.7641033009312028e-08,-2.8179054585644126e-07
stable_focus,0.1798139620137075,690.2942738963892,9.379781163539925e-09,-2.759389897569077e-07
stable_focus,0.1798139620137075,690.7005683483588,1.2576395661244284e-09,-2.7009659088980936e-07
stable_focus,0.1798139620137075,691.1068628003285,-6.725091005061684e-09,-2.642651306419742e-07
stable_focus,0.1798139620137075,691.513157252298,-1.4568161219388068e-08,-2.5844635610197547e-07
stable_focus,0.1798139620137075,691.9194517042677,-2.2271372390576587e-08,-2.5264198007074234e-07
stable_focus,0.1798139620137075,692.3257461562373,-2.983457567068225e-08,-2.468536810834156e-07
stable_focus,0.1798139620137075,692.732040608207,-3.725767124155326e-08,-2.410831034421371e-07
stable_focus,0.1798139620137075,693.1383350601766,-4.454060750385214e-08,-2.3533185725968465e-07
stable_focus,0.1798139620137075,693.5446295121461,-5.1683380264063027e-08,-2.2960151851368564e-07
stable_focus,0.1798139620137075,693.9509239641158,-5.868603191977117e-08,-2.2389362911121446e-07
stable_focus,0.1798139620137075,694.3572184160854,-6.554865064347011e-08,-2.182096969636036e-07
stable_focus,0.1798139620137075,694.763512868055,-7.227136956527048e-08,-2.125511960712526e-07
stable_focus,0.1798139620137075,695.1698073200247,-7.885436595472077e-08,-2.0691956661821252e-07
stable_focus,0.1798139620137075,695.5761017719943,-8.529786040210762e-08,-2.0131621507636644e-07
stable_focus,0.1798139620137075,695.9823962239639,-9.160211599941241e-08,-1.9574251431904588e-07
stable_focus,0.1798139620137075,696.3886906759335,-9.776743752132898e-08,-1.9019980374376327e-07
stable_focus,0.1798139620137075,696.7949851279031,-1.0379417060648733e-07,-1.8468938940403615e-07
stable_focus,0.1798139620137075,697.2012795798728,-1.0968270093926201e-07,-1.7921254414993065e-07
stable_focus,0.1798139620137075,697.6075740318424,-1.1543345343233925e-07,-1.7377050777724618e-07
stable_focus,0.1798139620137075,698.013868483812,-1.2104689141033978e-07,-1.6836448718509547e-07
stable_focus,0.1798139620137075,698.4201629357816,-1.2652351579478284e-07,-1.6299565654167255e-07
stable_focus,0.1798139620137075,698.8264573877512,-1.3186386429055038e-07,-1.5766515745806707e-07
stable_focus,0.1798139620137075,699.2327518397209,-1.370685105741985e-07,-1.5237409916983919e-07
stable_focus,0.1798139620137075,699.6390462916905,-1.421380634842656e-07,-1.4712355872627368e-07
stable_focus,0.1798139620137075,700.0453407436602,-1.4707316621388024e-07,-1.4191458118699735e-07
stable_focus,0.1798139620137075,700.4516351956297,-1.5187449550582682e-07,-1.3674817982588896e-07
stable_focus,0.1798139620137075,700.8579296475993,-1.565427608504158e-07,-1.316253363419629e-07
stable_focus,0.1798139620137075,701.264224099569,-1.6107870368616643e-07,-1.265470010771718e-07
stable_focus,0.1798139620137075,701.6705185515386,-1.6548309660376999e-07,-1.2151409324080795e-07
stable_focus,0.1798139620137075,702.0768130035083,-1.6975674255336228e-07,-1.1652750114040557e-07
stable_focus,0.1798139620137075,702.4831074554779,-1.7390047405534774e-07,-1.1158808241891383e-07
stable_focus,0.1798139620137075,702.8894019074474,-1.7791515241504457e-07,-1.0669666429797316e-07
stable_focus,0.1798139620137075,703.2956963594171,-1.818016669412633e-07,-1.0185404382707904e-07
stable_focus,0.1798139620137075,703.7019908113867,-1.8556093416906942e-07,-9.706098813849531e-08
stable_focus,0.1798139620137075,704.1082852633564,-1.8919389708683765e-07,-9.23182347076961e-08
stable_focus,0.1798139620137075,704.514579715326,-1.9270152436791908e-07,-8.762649161915824e-08
stable_focus,0.1798139620137075,704.9208741672956,-1.9608480960692785e-07,-8.29864378373559e-08
stable_focus,0.1798139620137075,705.3271686192652,-1.9934477056095077e-07,-7.839872348272807e-08
stable_focus,0.1798139620137075,705.7334630712348,-2.0248244839578748e-07,-7.386397011248862e-08
stable_focus,0.1798139620137075,706.1397575232045,-2.0549890693741407e-07,-6.93827710060665e-08
stable_focus,0.1798139620137075,706.5460519751741,-2.0839523192877356e-07,-6.49556914550318e-08
stable_focus,0.1798139620137075,706.9523464271438,-2.1117253029212993e-07,-6.058326905730545e-08
stable_focus,0.1798139620137075,707.3586408791133,-2.1383192939707638e-07,-5.6266014015505177e-08
stable_focus,0.1798139620137075,707.7649353310829,-2.1637457633433627e-07,-5.200440943924539e-08
stable_focus,0.1798139620137075,708.1712297830526,-2.1880163719557415e-07,-4.779891165121579e-08
stable_focus,0.1798139620137075,708.5775242350222,-2.211142963592366e-07,-4.3649950496897506e-08
stable_focus,0.1798139620137075,708.9838186869919,-2.2331375578266604e-07,-3.955792965771622e-08
stable_focus,0.1798139620137075,709.3901131389615,-2.2540123430054515e-07,-3.552322696750531e-08
stable_focus,0.1798139620137075,709.796407590931,-2.2737796692981506e-07,-3.154619473208919e-08
stable_focus,0.1798139620137075,710.2027020429007,-2.2924520418120707e-07,-2.7627160051831545e-08
stable_focus,0.1798139620137075,710.6089964948703,-2.3100421137747173e-07,-2.3766425147016245e-08
stable_focus,0.1798139620137075,711.01529094684,-2.3265626797843193e-07,-1.9964267685858345e-08
stable_focus,0.1798139620137075,711.4215853988096,-2.3420266691294844e-07,-1.622094111504426e-08
stable_focus,0.1798139620137075,711.8278798507791,-2.3564471391794616e-07,-1.253667499259513e-08
stable_focus,0.1798139620137075,712.2341743027488,-2.3698372688455533e-07,-8.911675322942104e-09
stable_focus,0.1798139620137075,712.6404687547184,-2.3822103521146357e-07,-5.34612489404408e-09
stable_focus,0.1798139620137075,713.0467632066881,-2.393579791655884e-07,-1.8401836164235958e-09
stable_focus,0.1798139620137075,713.4530576586577,-2.403959092501601e-07,1.6060111360735554e-09
stable_focus,0.1798139620137075,713.8593521106274,-2.413361855802739e-07,4.992344183870699e-09
stable_focus,0.1798139620137075,714.2656465625969,-2.421801772660122e-07,8.31872219781117e-09
stable_focus,0.1798139620137075,714.6719410145665,-2.4292926180317653e-07,1.1585073353951693e-08
stable_focus,0.1798139620137075,715.0782354665362,-2.435848244717648e-07,1.4791346987171237e-08
stable_focus,0.1798139620137075,715.4845299185058,-2.441482577421944e-07,1.7937513243737372e-08
stable_focus,0.1798139620137075,715.8908243704755,-2.4462096068935826e-07,2.1023562732913673e-08
stable_focus,0.1798139620137075,716.2971188224451,-2.450043384145892e-07,2.404950617780298e-08
stable_focus,0.1798139620137075,716.7034132744146,-2.452998014755825e-07,2.7015374065509668e-08
stable_focus,0.1798139620137075,717.1097077263843,-2.4550876532429186e-07,2.9921216296773296e-08
stable_focus,0.1798139620137075,717.5160021783539,-2.45632649752905e-07,3.276710183517972e-08
stable_focus,0.1798139620137075,717.9222966303236,-2.4567287834791647e-07,3.55531183561077e-08
stable_focus,0.1798139620137075,718.3285910822932,-2.456308779523168e-07,3.827937189547361e-08
stable_focus,0.1798139620137075,718.7348855342627,-2.455080781359859e-07,4.0945986498469225e-08
stable_focus,0.1798139620137075,719.1411799862324,-2.453059106742743e-07,4.355310386832955e-08
stable_focus,0.1798139620137075,719.547474438202,-2.450258090348651e-07,4.610088301532924e-08
stable_focus,0.1798139620137075,719.9537688901717,-2.446692078728542e-07,4.8589499906036074e-08
stable_focus,0.1798139620137075,720.3600633421413,-2.442375425341898e-07,5.101914711300811e-08
stable_focus,0.1798139620137075,720.766357794111,-2.4373224856738304e-07,5.339003346498992e-08
stable_focus,0.1798139620137075,721.1726522460805,-2.43154761243586e-07,5.5702383697745e-08
stable_focus,0.1798139620137075,721.5789466980501,-2.4250651508500185e-07,5.795643810561727e-08
stable_focus,0.1798139620137075,721.9852411500198,-2.4178894340169026e-07,6.01524521939261e-08
stable_focus,0.1798139620137075,722.3915356019894,-2.4100347783672637e-07,6.229069633230357e-08
stable_focus,0.1798139620137075,722.797830053959,-2.40151547919745e-07,6.437145540905538e-08
stable_focus,0.1798139620137075,723.2041245059287,-2.3923458062889184e-07,6.639502848666665e-08
stable_focus,0.1798139620137075,723.6104189578982,-2.3825399996113277e-07,6.836172845851996e-08
stable_focus,0.1798139620137075,724.0167134098679,-2.3721122651098103e-07,7.027188170694781e-08
stable_focus,0.1798139620137075,724.4230078618375,-2.3610767705757831e-07,7.212582776268189e-08
stable_focus,0.1798139620137075,724.8293023138071,-2.3494476416017317e-07,7.39239189658072e-08
stable_focus,0.1798139620137075,725.2355967657768,-2.3372389576196294e-07,7.566652012831437e-08
stable_focus,0.1798139620137075,725.6418912177463,-2.3244647480224697e-07,7.735400819828384e-08
stable_focus,0.1798139620137075,726.048185669716,-2.3111389883699422e-07,7.898677192587814e-08
stable_focus,0.1798139620137075,726.4544801216856,-2.2972755966765076e-07,8.0565211531116e-08
stable_focus,0.1798139620137075,726.8607745736552,-2.2828884297830277e-07,8.208973837359487e-08
stable_focus,0.1798139620137075,727.2670690256249,-2.2679912798108886e-07,8.356077462418057e-08
stable_focus,0.1798139620137075,727.6733634775945,-2.252597870698651e-07,8.49787529387734e-08
stable_focus,0.1798139620137075,728.0796579295641,-2.2367218548212456e-07,8.634411613420912e-08
stable_focus,0.1798139620137075,728.4859523815337,-2.2203768096906683e-07,8.765731686636036e-08
stable_focus,0.1798139620137075,728.8922468335033,-2.2035762347385882e-07,8.891881731051401e-08
stable_focus,0.1798139620137075,729.298541285473,-2.186333548180428e-07,9.012908884411002e-08
stable_focus,0.1798139620137075,729.7048357374426,-2.168662083959969e-07,9.128861173186328e-08
stable_focus,0.1798139620137075,730.1111301894122,-2.1505750887747924e-07,9.2397874813367e-08
stable_focus,0.1798139620137075,730.5174246413818,-2.1320857191818784e-07,9.345737519323913e-08
stable_focus,0.1798139620137075,730.9237190933515,-2.1132070387828947e-07,9.446761793384031e-08
stable_focus,0.1798139620137075,731.3300135453211,-2.093952015488787e-07,9.542911575065159e-08
